[LUI err] menu error capture installed
[LUI] [LUI assert] assert reporting installed (debug=true)
[server_list] installed Lobby server browser functions
Loading zone mp_hub_allies_slim_load
Loading zone eng_cache_mp_hub_allies_slim_load
Loading zone cache_mp_hub_allies_slim_load
[HQ protocol] injected_ae_request: 100 raw bytes at s2x/dump/dw/hq_injected_ae_request_64176_116.bin
[DW] bdReward: executing task '4' (transaction ID: 150)
[HQ protocol] injected_ae_response: 128 raw bytes at s2x/dump/dw/hq_injected_ae_response_64176_117.bin
[HQ protocol] reward_request: 136 raw bytes at s2x/dump/dw/hq_reward_request_64176_118.bin
[DW] bdMarketplace: executing task '168' (transaction ID: 151)
[HQ protocol] marketplace_168: 136 raw bytes at s2x/dump/dw/hq_marketplace_168_64176_119.bin
[LUI] [LUI trace] Engine.GetOnlineGame() -> true
[LUI] [LUI trace] Engine.GetOnlineGame() -> true (call 2)
[LUI] [LUI trace] Engine.GetOnlineGame() -> true (call 3)
[LUI] [LUI trace] Engine.GetOnlineGame() -> true (call 4)
[LUI] [LUI trace] Engine.IsHubMode() -> true
[LUI] [LUI trace] Engine.GetOnlineGame() -> true (call 5)
[HQ protocol] marketplace_168_response: 26 raw bytes at s2x/dump/dw/hq_marketplace_168_response_64176_120.bin
[LUI] [LUI trace] Engine.IsHubMode() -> true (call 2)
[DW] bdGroup: executing task '1' (transaction ID: 152)
[LUI] [LUI trace] Engine.IsHubMode() -> true (call 3)
[DW] bdGroup: executing task '4' (transaction ID: 153)
[LUI] [LUI trace] Engine.IsGamepadEnabled() -> true
[DW] bdStorage: executing task '20' (transaction ID: 154)
[DW]: [bdStorage]: list publisher files: ffotd-2.20.1.ff
[DW]: [bdStorage]: missing publisher file: ffotd-2.20.1.ff
[DW] bdStorage: executing task '18' (transaction ID: 155)
Loading zone cache_common_hub_mp
[DW]: [bdStorage]: set user file: metplayerdata
Loading zone eng_cache_common_hub_mp
[DW] bdContentStreaming: executing task '2' (transaction ID: 156)
Loading zone eng_common_hub_mp
Loading zone common_hub_mp
Loading zone cache_mp_hub_allies_slim
Loading zone eng_cache_mp_hub_allies_slim
Loading zone eng_mp_hub_allies_slim
Loading zone mp_hub_allies_slim
[LUI] [LUI trace] Engine.GetOnlineGame() -> true (call 6)
[LUI] [LUI trace] Engine.IsGamepadEnabled(nil) -> true (call 2)
[LUI] [LUI trace] Engine.IsGamepadEnabled(nil) -> true (call 3)
Loading zone cache_mp_hub_allies_slim_path
Loading zone eng_cache_mp_hub_allies_slim_path
Loading zone eng_mp_hub_allies_slim_path
Loading zone mp_hub_allies_slim_path
[LUI] [LUI trace] Engine.IsGamepadEnabled(nil) -> true (call 4)
[LUI] [LUI trace] Engine.IsGamepadEnabled(nil) -> true (call 5)
[LUI] [LUI trace] Engine.IsHubMode() -> true (call 4)
[LUI] [LUI trace] Engine.IsGamepadEnabled(nil) -> true (call 6)
[DW] bdReward: executing task '5' (transaction ID: 157)
[HQ protocol] reward_request: 280 raw bytes at s2x/dump/dw/hq_reward_request_64176_121.bin
[DW] bdStorage: executing task '24' (transaction ID: 158)
[DW]: [bdStorage]: set user file: commondata
[DW]: [bdStorage]: set user file: costumes
[LUI] [LUI trace] Engine.IsGamepadEnabled(nil) -> true (call 7)
[LUI] [LUI trace] Engine.IsHubMode() -> true (call 5)
[LUI] [LUI trace] Engine.UseFullHubFlow() -> false
[LUI] [LUI trace] Engine.IsHubMode() -> true (call 6)
[LUI] [LUI trace] Engine.IsHubMode() -> true (call 7)
[LUI] [LUI trace] Engine.GetOnlineGame() -> true (call 7)
[LUI] [LUI trace] Engine.IsHubMode() -> true (call 8)
[LUI] [LUI trace] Engine.UseFullHubFlow() -> false (call 2)
[LUI] [LUI trace] Engine.UseFullHubFlow() -> false (call 3)
[LUI] [LUI trace] Engine.UseFullHubFlow() -> false (call 4)
[LUI] [LUI trace] Engine.UseFullHubFlow() -> false (call 5)
[LUI] [LUI trace] Engine.UseFullHubFlow() -> false (call 6)
[LUI] [LUI trace] Engine.GetOnlineGame() -> true (call 8)
[LUI] [LUI trace] Engine.UseFullHubFlow() -> false (call 7)
[LUI] [LUI flow] RequestAddMenu(hub_menu)
[LUI] [LUI trace] Engine.Inventory_GetCurrencyBalance(0, 7) -> 0
[LUI] [LUI trace] Engine.Inventory_IsItemGUIDUsableForPlayer(0, "0x8000d1") -> false
[HQ protocol] injected_ae_request: 214 raw bytes at s2x/dump/dw/hq_injected_ae_request_64176_122.bin
[HQ protocol] injected_ae_response: 2917 raw bytes at s2x/dump/dw/hq_injected_ae_response_64176_123.bin
[HQ protocol] injected_ae_request: 99 raw bytes at s2x/dump/dw/hq_injected_ae_request_64176_124.bin
[HQ protocol] injected_ae_response: 4257 raw bytes at s2x/dump/dw/hq_injected_ae_response_64176_125.bin
[LUI] [LUI trace] Engine.Inventory_AreSKUsFetched() -> true
[LUI] [LUI trace] Engine.Inventory_GetAllSKUIDs(100) -> {1=0x2,2=0x6,3=0x20000d,4=0x20001f,5=0x200022,6=0x200023,...}
[LUI] [LUI trace] Engine.Inventory_GetItemQuantity(0, "0x80012f") -> 0
[LUI] [LUI trace] Engine.Inventory_GetItemQuantity(0, "0x800130") -> 0 (call 2)
[LUI] [LUI trace] Engine.Inventory_GetItemQuantity(0, "0x800130") -> 0 (call 3)
[LUI] [LUI trace] Engine.Inventory_ApplyConversionRule(0, "grantIdToken_130") -> true, "RQ3LRgAAAAAQV2KZoAEAAA=="
[LUI] [LUI trace] Engine.GetItemGUIDFromReference("sd_mp") -> "0x1"
[LUI] [LUI trace] Engine.Inventory_GetItemQuantity(0, "0x1") -> 0 (call 4)
[LUI] [LUI trace] Engine.GetItemGUIDFromReference("sd_mp_rare") -> "0x2" (call 2)
[LUI] [LUI trace] Engine.Inventory_GetItemQuantity(0, "0x2") -> 0 (call 5)
[LUI] [LUI trace] Engine.GetItemGUIDFromReference("sd_zombie") -> "0x5" (call 3)
[LUI] [LUI trace] Engine.Inventory_GetItemQuantity(0, "0x5") -> 0 (call 6)
[LUI] [LUI trace] Engine.GetItemGUIDFromReference("sd_zombie_rare") -> "0x6" (call 4)
[LUI] [LUI trace] Engine.Inventory_GetItemQuantity(0, "0x6") -> 0 (call 7)
[LUI] [LUI trace] Engine.GetItemGUIDFromReference("sd_mp_heroic") -> "0x46" (call 5)
[LUI] [LUI trace] Engine.Inventory_GetItemQuantity(0, "0x46") -> 0 (call 8)
[LUI] [LUI trace] Engine.GetItemGUIDFromReference("sd_zombie_heroic") -> "0x47" (call 6)
[LUI] [LUI trace] Engine.GetItemGUIDFromReference("sd_mp_weapon_bribe") -> "0x48" (call 7)
[LUI] [LUI trace] Engine.GetItemGUIDFromReference("sd_mp_epic") -> "0x49" (call 8)
[LUI] [LUI trace] Engine.Inventory_FetchPlayerUsageTime(0) -> false
[LUI] [LUI trace] Engine.Inventory_PawnAllDuplicates(0) -> 
[LUI] [LUI trace] Cac.GetUnlockItemGuid("0x0", "Primary", "customClasses", 0) -> "0x0"
[LUI] [LUI trace] Engine.Inventory_GetItemCollectionID("0x0") -> 0
[LUI] [LUI trace] Cac.PushLootDataToDataModel("Primary", nil, {_modelPath=primary,_baseDataSource={..}}, 0) -> 
[LUI] [LUI trace] Cac.GetUnlockItemGuid("0x0", "Secondary", "customClasses", 0) -> "0x0" (call 2)
[LUI] [LUI trace] Engine.Inventory_GetItemCollectionID("0x0") -> 0 (call 2)
[LUI] [LUI trace] Cac.PushLootDataToDataModel("Secondary", nil, {_modelPath=secondaryWeapon,_baseDataSource={..}}, 0) ->  (call 2)
[LUI] [LUI trace] Cac.GetUnlockItemGuidForCategoryForController("Primary", "customClasses", 0, 0) -> 
[LUI] [LUI trace] Cac.GetUnlockItemRefForController("none", "Primary_Attachment", "customClasses", 0, 0) -> "none"
[LUI] [LUI trace] Engine.Inventory_GetItemCollectionID("0x0") -> 0 (call 3)
[LUI] [LUI trace] Cac.PushLootDataToDataModel("Primary_Attachment", nil, {_modelPath=primaryAttachment1,_baseDataSource={..}}, 0) ->  (call 3)
[LUI] [LUI trace] Cac.GetUnlockItemGuidForCategoryForController("Primary", "customClasses", 0, 0) ->  (call 2)
[LUI] [LUI trace] Cac.GetUnlockItemRefForController("none", "Primary_Attachment", "customClasses", 0, 0) -> "none" (call 2)
[LUI] [LUI trace] Engine.Inventory_GetItemCollectionID("0x0") -> 0 (call 4)
[LUI] [LUI trace] Cac.PushLootDataToDataModel("Primary_Attachment", nil, {_modelPath=primaryAttachment2,_baseDataSource={..}}, 0) ->  (call 4)
[LUI] [LUI trace] Cac.GetUnlockItemGuidForCategoryForController("Primary", "customClasses", 0, 0) ->  (call 3)
[LUI] [LUI trace] Cac.GetUnlockItemRefForController("none", "Primary_Attachment", "customClasses", 0, 0) -> "none" (call 3)
[LUI] [LUI trace] Engine.Inventory_GetItemCollectionID("0x0") -> 0 (call 5)
[LUI] [LUI trace] Cac.PushLootDataToDataModel("Primary_Attachment", nil, {_modelPath=primaryAttachment3,_baseDataSource={..}}, 0) ->  (call 5)
[LUI] [LUI trace] Cac.GetUnlockItemGuidForCategoryForController("Primary", "customClasses", 0, 0) ->  (call 4)
[LUI] [LUI trace] Cac.GetUnlockItemRefForController("none", "Primary_Attachment", "customClasses", 0, 0) -> "none" (call 4)
[LUI] [LUI trace] Engine.Inventory_GetItemCollectionID("0x0") -> 0 (call 6)
[LUI] [LUI trace] Cac.PushLootDataToDataModel("Primary_Attachment", nil, {_modelPath=primaryAttachment4,_baseDataSource={..}}, 0) ->  (call 6)
[LUI] [LUI trace] Cac.GetUnlockItemGuidForCategoryForController("Primary", "customClasses", 0, 0) ->  (call 5)
[LUI] [LUI trace] Cac.GetUnlockItemRefForController("none", "Primary_Camo", "customClasses", 0, 0) -> "none" (call 5)
[LUI] [LUI trace] Engine.Inventory_GetItemCollectionID("0x0") -> 0 (call 7)
[LUI] [LUI trace] Cac.PushLootDataToDataModel("Primary_Camo", nil, {_modelPath=primaryCamo,_baseDataSource={..}}, 0) ->  (call 7)
[LUI] [LUI trace] Cac.GetUnlockItemGuidForCategoryForController("Primary", "customClasses", 0, 0) ->  (call 6)
[LUI] [LUI trace] Cac.GetUnlockItemRefForController("none", "Primary_Camo2", "customClasses", 0, 0) -> "none" (call 6)
[LUI] [LUI trace] Cac.PushLootDataToDataModel("Primary_Camo2", nil, {_modelPath=primaryCamo2,_baseDataSource={..}}, 0) ->  (call 8)
[LUI] [LUI trace] Cac.GetUnlockItemGuidForCategoryForController("Primary", "customClasses", 0, 0) ->  (call 7)
[LUI] [LUI trace] Cac.GetUnlockItemRefForController("none", "Primary_Reticle", "customClasses", 0, 0) -> "none" (call 7)
[LUI] [LUI trace] Engine.Inventory_GetItemCollectionID("0x0") -> 0 (call 8)
[LUI] [LUI trace] Cac.GetUnlockItemRefForController("none", "Primary_Customization", "customClasses", 0, 0) -> "none" (call 8)
[LUI] [LUI trace] Engine.Inventory_GetItemRarity("0x7000001") -> 0
[LUI] [LUI trace] Engine.Inventory_IsLootItem("0x7000001") -> false
[LUI] [LUI trace] Cac.GetLootRarity("0x7000001") -> 1
[LUI] [LUI trace] Engine.Inventory_GetItemCondition("0x7000001") -> 1
[LUI] [LUI trace] Cac.GetLootCondition("0x7000001") -> 2
[LUI] [LUI trace] Engine.Inventory_GetItemRarity("0x7000001") -> 0 (call 2)
[LUI] [LUI trace] Engine.Inventory_IsLootItem("0x7000001") -> false (call 2)
[LUI] [LUI trace] Cac.GetLootRarity("0x7000001") -> 1 (call 2)
[LUI] [LUI trace] Engine.Inventory_GetItemCondition("0x7000001") -> 1 (call 2)
[LUI] [LUI trace] Cac.GetLootCondition("0x7000001") -> 2 (call 2)
[LUI] [LUI trace] Engine.GetItemReferenceFromGUID("0x46000a3") -> "specialty_class_blitzkrieg"
[LUI] [LUI trace] Engine.GetItemReferenceFromGUID("0x7000001") -> "charm_none" (call 2)
[LUI] [LUI trace] Cac.GetWeaponNameFromLootGuid("0x7000001") -> "charm_none"
[LUI] [LUI trace] Cac.GetWeaponNameFromLootName("charm_none") -> "charm_none"
[LUI] [LUI trace] Engine.Inventory_GetItemExpirationType(0, "0x7000001") -> 0
[LUI] [LUI trace] Cac.AllDefaultItemsUnlocked(0) -> false
[LUI] [LUI trace] Cac.IsItemGuidControlledInRankedPlay("0x7000001") -> false
[LUI] [LUI trace] Cac.GetWeaponAndAttachmentRefFromItemRef("charm_none") -> nil, nil
[LUI] [LUI trace] Cac.GetWeaponAndAttachmentRefFromItemRef("charm_none") -> nil, nil (call 2)
[LUI] [LUI trace] Engine.GetItemLockStateByItemRef(0, "charm_none") -> "Unlocked", 0, ""
[LUI] [LUI trace] Cac.GetItemLockState(0, "charm_none") -> "Unlocked", 0, ""
[LUI] [LUI trace] Engine.GetNewItemBreadcrumbState(0, 5346, false) -> false
[LUI] [LUI trace] Engine.GetItemReferenceFromGUID("0x46000a3") -> "specialty_class_blitzkrieg" (call 3)
[LUI] [LUI trace] Cac.GetUnlockItemGuidForCategoryForController("Secondary", "customClasses", 0, 0) ->  (call 8)
[LUI] [LUI trace] Engine.GetItemReferenceFromGUID("0x46000a3") -> "specialty_class_blitzkrieg" (call 4)
[LUI] [LUI trace] Engine.GetItemReferenceFromGUID("0x46000a3") -> "specialty_class_blitzkrieg" (call 5)
[LUI] [LUI trace] Engine.GetItemReferenceFromGUID("0x46000a3") -> "specialty_class_blitzkrieg" (call 6)
[LUI] [LUI trace] Engine.IsHubMode() -> true (call 100)
[LUI] [LUI trace] Engine.Inventory_GetItemRarity("0x7000001") -> 0 (call 3)
[LUI] [LUI trace] Engine.Inventory_IsLootItem("0x7000001") -> false (call 3)
[LUI] [LUI trace] Cac.GetLootRarity("0x7000001") -> 1 (call 3)
[LUI] [LUI trace] Engine.Inventory_GetItemCondition("0x7000001") -> 1 (call 3)
[LUI] [LUI trace] Cac.GetLootCondition("0x7000001") -> 2 (call 3)
[LUI] [LUI trace] Engine.Inventory_GetItemRarity("0x7000001") -> 0 (call 4)
[LUI] [LUI trace] Engine.Inventory_IsLootItem("0x7000001") -> false (call 4)
[LUI] [LUI trace] Cac.GetLootRarity("0x7000001") -> 1 (call 4)
[LUI] [LUI trace] Engine.Inventory_GetItemCondition("0x7000001") -> 1 (call 4)
[LUI] [LUI trace] Cac.GetLootCondition("0x7000001") -> 2 (call 4)
[LUI] [LUI trace] Engine.GetItemReferenceFromGUID("0x46000a3") -> "specialty_class_blitzkrieg" (call 7)
[LUI] [LUI trace] Engine.GetItemReferenceFromGUID("0x7000001") -> "charm_none" (call 8)
[LUI] [LUI trace] Cac.GetWeaponNameFromLootGuid("0x7000001") -> "charm_none" (call 2)
[LUI] [LUI trace] Cac.GetWeaponNameFromLootName("charm_none") -> "charm_none" (call 2)
[LUI] [LUI trace] Engine.Inventory_GetItemExpirationType(0, "0x7000001") -> 0 (call 2)
[LUI] [LUI trace] Cac.AllDefaultItemsUnlocked(0) -> false (call 2)
[LUI] [LUI trace] Cac.IsItemGuidControlledInRankedPlay("0x7000001") -> false (call 2)
[LUI] [LUI trace] Cac.GetWeaponAndAttachmentRefFromItemRef("charm_none") -> nil, nil (call 3)
[LUI] [LUI trace] Cac.GetWeaponAndAttachmentRefFromItemRef("charm_none") -> nil, nil (call 4)
[LUI] [LUI trace] Engine.GetItemLockStateByItemRef(0, "charm_none") -> "Unlocked", 0, "" (call 2)
[LUI] [LUI trace] Cac.GetItemLockState(0, "charm_none") -> "Unlocked", 0, "" (call 2)
[LUI] [LUI trace] Engine.GetNewItemBreadcrumbState(0, 5346, false) -> false (call 2)
[LUI] [LUI trace] Engine.IsHubMode() -> true (call 200)
[LUI] [LUI trace] Cac.IsItemGuidControlledInRankedPlay("0x1031000") -> true (call 3)
[LUI] [LUI trace] Engine.GetItemLockState(0, "0x1031000") -> "Unlocked", 0, ""
[LUI] [LUI trace] Cac.GetItemGuidLockState(0, "0x1031000", true) -> "Unlocked", 0, ""
[LUI] [LUI trace] Engine.Inventory_IsDefaultItem("0x1031000") -> true
[LUI] [LUI trace] Cac.IsItemGuidControlledInRankedPlay("0x102c000") -> true (call 4)
[LUI] [LUI trace] Engine.GetItemLockState(0, "0x102c000") -> "Unlocked", 0, "" (call 2)
[LUI] [LUI trace] Cac.GetItemGuidLockState(0, "0x102c000", true) -> "Unlocked", 0, "" (call 2)
[LUI] [LUI trace] Engine.Inventory_IsDefaultItem("0x102c000") -> true (call 2)
[LUI] [LUI trace] Cac.IsItemGuidControlledInRankedPlay("0x1018000") -> true (call 5)
[LUI] [LUI trace] Engine.GetItemLockState(0, "0x1018000") -> "Unlocked", 0, "" (call 3)
[LUI] [LUI trace] Cac.GetItemGuidLockState(0, "0x1018000", true) -> "Unlocked", 0, "" (call 3)
[LUI] [LUI trace] Engine.Inventory_IsDefaultItem("0x1018000") -> true (call 3)
[LUI] [LUI trace] Cac.IsItemGuidControlledInRankedPlay("0x1019000") -> true (call 6)
[LUI] [LUI trace] Engine.GetItemLockState(0, "0x1019000") -> "Unlocked", 0, "" (call 4)
[LUI] [LUI trace] Cac.GetItemGuidLockState(0, "0x1019000", true) -> "Unlocked", 0, "" (call 4)
[LUI] [LUI trace] Engine.Inventory_IsDefaultItem("0x1019000") -> true (call 4)
[LUI] [LUI trace] Cac.IsItemGuidControlledInRankedPlay("0x1021000") -> true (call 7)
[LUI] [LUI trace] Engine.GetItemLockState(0, "0x1021000") -> "Unlocked", 0, "" (call 5)
[LUI] [LUI trace] Cac.GetItemGuidLockState(0, "0x1021000", true) -> "Unlocked", 0, "" (call 5)
[LUI] [LUI trace] Engine.Inventory_IsDefaultItem("0x1021000") -> true (call 5)
[LUI] [LUI trace] Cac.IsItemGuidControlledInRankedPlay("0x102c000") -> true (call 8)
[LUI] [LUI trace] Engine.GetItemLockState(0, "0x102c000") -> "Unlocked", 0, "" (call 6)
[LUI] [LUI trace] Cac.GetItemGuidLockState(0, "0x102c000", true) -> "Unlocked", 0, "" (call 6)
[LUI] [LUI trace] Engine.Inventory_IsDefaultItem("0x102c000") -> true (call 6)
[LUI] [LUI trace] Engine.GetItemLockState(0, "0x1015000") -> "Unlocked", 0, "" (call 7)
[LUI] [LUI trace] Cac.GetItemGuidLockState(0, "0x1015000", true) -> "Unlocked", 0, "" (call 7)
[LUI] [LUI trace] Engine.Inventory_IsDefaultItem("0x1015000") -> true (call 7)
[DW] bdReward: executing task '4' (transaction ID: 159)
[LUI] [LUI trace] Engine.GetItemLockState(0, "0x1037000") -> "Unlocked", 0, "" (call 8)
[LUI] [LUI trace] Cac.GetItemGuidLockState(0, "0x1037000", true) -> "Unlocked", 0, "" (call 8)
[LUI] [LUI trace] Engine.Inventory_IsDefaultItem("0x1037000") -> true (call 8)
[HQ protocol] reward_request: 248 raw bytes at s2x/dump/dw/hq_reward_request_64176_126.bin
[DW] bdReward: executing task '4' (transaction ID: 160)
[HQ protocol] reward_request: 120 raw bytes at s2x/dump/dw/hq_reward_request_64176_127.bin
[DW] bdMarketplace: executing task '242' (transaction ID: 161)
[HQ protocol] marketplace_242: 88 raw bytes at s2x/dump/dw/hq_marketplace_242_64176_128.bin
[LUI] [LUI trace] Engine.Inventory_IsEntitlementItem("0x0") -> false
[LUI] [LUI trace] Engine.Inventory_IsEntitlementItem("0x0") -> false (call 2)
[HQ protocol] marketplace_242_response: 88 raw bytes at s2x/dump/dw/hq_marketplace_242_response_64176_129.bin
[LUI] [LUI trace] Engine.Inventory_GetCachedCollectionItemSkuPrice("0x6010001") -> {price=3000,currency=6}
[LUI] [LUI trace] Engine.Inventory_GetCachedCollectionItemSkuPrice("0x20000D") -> {price=250,currency=6} (call 2)
[LUI] [LUI trace] Engine.Inventory_GetCachedCollectionItemSkuPrice("0x6010001") -> {price=3000,currency=6} (call 3)
[LUI] [LUI trace] Engine.Inventory_GetCachedCollectionItemSkuPrice("0x400051") -> {price=1000,currency=6} (call 4)
[LUI] [LUI trace] Engine.Inventory_GetCachedCollectionItemSkuPrice("0x400051") -> {price=1000,currency=6} (call 5)
[LUI] [LUI trace] Engine.Inventory_GetCachedCollectionItemSkuPrice("0x20000D") -> {price=250,currency=6} (call 6)
[LUI] [LUI trace] Engine.Inventory_GetCachedCollectionItemSkuPrice("0x200048") -> {price=50,currency=6} (call 7)
[LUI] [LUI trace] Engine.Inventory_GetCachedCollectionItemSkuPrice("0x400051") -> {price=1000,currency=6} (call 8)
[LUI] [LUI trace] Engine.Inventory_GetCachedCollectionItemSkuPrice("0x24001CD") -> {price=250,currency=6} (call 100)
[LUI] [LUI trace] Engine.Inventory_GetCachedCollectionItemSkuPrice("0x200025") -> {price=250,currency=6} (call 200)
[LUI] [LUI trace] Engine.Inventory_GetCachedCollectionItemSkuPrice("0x200028") -> {price=250,currency=6} (call 300)
[LUI] [LUI trace] Engine.Inventory_GetCachedCollectionItemSkuPrice("0x20002A") -> {price=250,currency=6} (call 400)
[LUI] [LUI trace] Engine.Inventory_GetCachedCollectionItemSkuPrice("0x20002D") -> {price=1000,currency=6} (call 500)
[LUI] [LUI trace] Engine.Inventory_GetCachedCollectionItemSkuPrice("0x240020D") -> {price=1000,currency=6} (call 600)
[LUI] [LUI trace] Engine.Inventory_GetCachedCollectionItemSkuPrice("0x200037") -> {price=50,currency=6} (call 700)
[LUI] [LUI trace] Engine.Inventory_GetCachedCollectionItemSkuPrice("0x20003D") -> {price=250,currency=6} (call 800)
[LUI] [LUI trace] Engine.Inventory_GetCachedCollectionItemSkuPrice("0x240020A") -> {price=50,currency=6} (call 900)
[LUI] [LUI trace] Engine.Inventory_GetCachedCollectionItemSkuPrice("0x20004B") -> {price=50,currency=6} (call 1000)
[LUI] [LUI trace] Engine.Inventory_GetCachedCollectionItemSkuPrice("0x2000047") -> {price=3000,currency=6} (call 1100)
[LUI] [LUI trace] Engine.Inventory_GetCachedCollectionItemSkuPrice("0x200002F") -> {price=3000,currency=6} (call 1200)
[LUI] [LUI trace] Engine.Inventory_GetCachedCollectionItemSkuPrice("0x4000C8") -> {price=50,currency=6} (call 1300)
[LUI] [LUI trace] Engine.Inventory_GetCachedCollectionItemSkuPrice("0x200004F") -> {price=250,currency=6} (call 1400)
[LUI] [LUI trace] Engine.Inventory_GetCachedCollectionItemSkuPrice("0x200075") -> {price=250,currency=6} (call 1500)
[LUI] [LUI trace] Engine.Inventory_GetCachedCollectionItemSkuPrice("0x2000073") -> {price=1000,currency=6} (call 1600)
[LUI] [LUI trace] Engine.Inventory_GetCachedCollectionItemSkuPrice("0x20007F") -> {price=250,currency=6} (call 1700)
[LUI] [LUI trace] Engine.Inventory_GetCachedCollectionItemSkuPrice("0x7020036") -> {price=50,currency=6} (call 1800)
[LUI] [LUI trace] Engine.Inventory_GetCachedCollectionItemSkuPrice("0x20009E") -> {price=3000,currency=6} (call 1900)
[LUI] [LUI trace] Engine.Inventory_GetCachedCollectionItemSkuPrice("0x2000B1") -> {price=1000,currency=6} (call 2000)
[LUI] [LUI trace] Engine.Inventory_GetCachedCollectionItemSkuPrice("0x24003DB") -> {price=50,currency=6} (call 2100)
[LUI] [LUI trace] Engine.Inventory_GetCachedCollectionItemSkuPrice("0x701F01D") -> {price=250,currency=6} (call 2200)
[LUI] [LUI trace] Engine.Inventory_GetCachedCollectionItemSkuPrice("0x2000D6") -> {price=3000,currency=6} (call 2300)
[LUI] [LUI trace] Engine.Inventory_GetCachedCollectionItemSkuPrice("0x700013C") -> {price=50,currency=6} (call 2400)
[LUI] [LUI trace] Engine.Inventory_GetCachedCollectionItemSkuPrice("0x7000175") -> {price=3000,currency=6} (call 2500)
[LUI] [LUI trace] Engine.Inventory_GetCachedCollectionItemSkuPrice("0x7000163") -> {price=250,currency=6} (call 2600)
[LUI] [LUI trace] Engine.Inventory_GetCachedCollectionItemSkuPrice("0x680001B") -> {price=250,currency=6} (call 2700)
[LUI] [LUI trace] Engine.Inventory_GetCachedCollectionItemSkuPrice("0x6003006") -> {price=3000,currency=6} (call 2800)
[LUI] [LUI trace] Engine.Inventory_GetCachedCollectionItemSkuPrice("0x20000ED") -> {price=1000,currency=6} (call 2900)
[LUI] [LUI trace] Engine.Inventory_GetCachedCollectionItemSkuPrice("0x20000D6") -> {price=1000,currency=6} (call 3000)
[LUI] [LUI trace] Engine.Inventory_GetCachedCollectionItemSkuPrice("0x601300F") -> {price=1000,currency=6} (call 3100)
[LUI] [LUI trace] Engine.Inventory_GetCachedCollectionItemSkuPrice("0x6020004") -> {price=3000,currency=6} (call 3200)
[LUI] [LUI trace] Engine.Inventory_GetCachedCollectionItemSkuPrice("0x663214B") -> {price=1000,currency=6} (call 3300)
[LUI] [LUI trace] Engine.Inventory_GetCachedCollectionItemSkuPrice("0x24003E7") -> {price=50,currency=6} (call 3400)
[LUI] [LUI trace] Engine.Inventory_GetCachedCollectionItemSkuPrice("0x701D024") -> {price=250,currency=6} (call 3500)
[LUI] [LUI trace] Engine.Inventory_GetCachedCollectionItemSkuPrice("0x20001A7") -> {price=250,currency=6} (call 3600)
[LUI] [LUI trace] Engine.Inventory_GetCachedCollectionItemSkuPrice("0x680001F") -> {price=250,currency=6} (call 3700)
[LUI] [LUI trace] Engine.IsGamepadEnabled() -> true (call 8)
[LUI] [LUI trace] Engine.UseAlternateHubFlow() -> true
[LUI] [LUI trace] Engine.IsGamepadEnabled() -> true (call 100)
[LUI] [LUI trace] Engine.UseAlternateHubFlow() -> true (call 2)
[LUI] [LUI trace] Engine.GetXUIDByHubClientNum(-1) -> "0c020100007f0000"
[LUI] [LUI trace] Engine.Inventory_GetCurrencyBalance(0, 6) -> 350 (call 2)
[LUI] [LUI trace] Engine.Inventory_GetCurrencyBalance(0, 2) -> 0 (call 3)
[LUI] [LUI trace] Engine.Inventory_IsItemGUIDUsableForPlayer(0, "0x800071") -> false (call 2)
[LUI] [LUI trace] Engine.Inventory_IsItemGUIDUsableForPlayer(0, "0x80007B") -> false (call 3)
[LUI] [LUI trace] Engine.Inventory_IsItemGUIDUsableForPlayer(0, "0x80006D") -> false (call 4)
[LUI] [LUI trace] Engine.UseAlternateHubFlow() -> true (call 3)
[LUI] [LUI trace] Engine.DoesVendorNeedDailyReset(0, 36000, 86400, "hubFeatureStats", "hubVendors", "vendorVisitTimestamps", "Requisitions") -> false
[LUI] [LUI trace] Engine.Inventory_GetVoucherItems(0) -> {}
[LUI] [LUI trace] Engine.UseAlternateHubFlow() -> true (call 4)
[LUI] [LUI trace] Engine.UseAlternateHubFlow() -> true (call 5)
[LUI] [LUI trace] Engine.UseAlternateHubFlow() -> true (call 6)
[LUI] [LUI trace] Engine.UseAlternateHubFlow() -> true (call 7)
[LUI] [LUI trace] Engine.UseAlternateHubFlow() -> true (call 8)
[LUI] [LUI trace] Engine.IsHubMode() -> true (call 300)
[LUI] [LUI trace] Engine.UseFullHubFlow() -> false (call 8)
[LUI] [LUI trace] Engine.Inventory_GetItemCondition("0x1031000") -> 0 (call 5)
[LUI] [LUI trace] Cac.GetLootCondition("0x1031000") -> 1 (call 5)
[LUI] [LUI trace] Engine.Inventory_GetItemCondition("0x102c000") -> 0 (call 6)
[LUI] [LUI trace] Cac.GetLootCondition("0x102c000") -> 1 (call 6)
[LUI] [LUI trace] Engine.MarketingGetMessage(0, 1, 0) -> 
[LUI] [LUI trace] Engine.GetNewItemCategoryBreadcrumbState(0, 0, false) -> false
[LUI] [LUI trace] Engine.Inventory_GetCurrencyBalance(0, 6) -> 350 (call 4)
[LUI] [LUI trace] Engine.Inventory_GetCurrencyBalance(0, 6) -> 350 (call 5)
Unloading zone mp_hub_allies_slim_load
[LUI] [LUI trace] Engine.IsGamepadEnabled() -> true (call 200)
[LUI] [LUI trace] Engine.MarketingGetMessage(0, 1, 0) ->  (call 2)
[LUI] [LUI trace] Engine.MarketingGetMessage(0, 1, 0) ->  (call 3)
[LUI] [LUI trace] Engine.DoesVendorNeedDailyReset(0, 36000, 86400, "hubFeatureStats", "hubVendors", "vendorVisitTimestamps", "Requisitions") -> true (call 2)
[LUI] [LUI trace] Engine.AllowHubVendorMenu() -> true
[LUI] [LUI trace] Engine.GetNewItemCategoryBreadcrumbState(0, 8, false) -> false (call 2)
[LUI] [LUI trace] Engine.GetNewItemCategoryBreadcrumbState(0, 12, false) -> false (call 3)
[LUI] [LUI trace] Engine.GetNewItemCategoryBreadcrumbState(0, 17, false) -> false (call 4)
[LUI] [LUI trace] Engine.GetNewItemCategoryBreadcrumbState(0, 18, false) -> false (call 5)
[LUI] [LUI trace] Engine.GetNewItemCategoryBreadcrumbState(0, 19, false) -> false (call 6)
[LUI] [LUI trace] Engine.GetNewItemCategoryBreadcrumbState(0, 53, false) -> false (call 7)
[LUI] [LUI trace] Engine.GetNewItemCategoryBreadcrumbState(0, 13, false) -> false (call 8)
[LUI] [LUI trace] Engine.GetNewItemBreadcrumbState(0, 361, false) -> false (call 3)
[LUI] [LUI trace] Engine.GetNewItemBreadcrumbState(0, 358, false) -> false (call 4)
[LUI] [LUI trace] Engine.GetNewItemBreadcrumbState(0, 359, false) -> false (call 5)
[LUI] [LUI trace] Engine.GetNewItemBreadcrumbState(0, 362, false) -> false (call 6)
[LUI] [LUI trace] Engine.GetNewItemBreadcrumbState(0, 360, false) -> false (call 7)
[LUI] [LUI trace] Engine.GetNewItemBreadcrumbState(0, 4203, false) -> false (call 8)
[LUI] [LUI trace] Engine.GetItemGUIDFromReference("specialty_class_undercover") -> "0x4600059" (call 100)
[LUI] [LUI trace] Engine.Inventory_GetCurrencyBalance(0, 6) -> 350 (call 6)
[LUI] [LUI trace] Engine.Inventory_GetCurrencyBalance(0, 6) -> 350 (call 7)
[LUI] [LUI trace] Engine.Inventory_GetItemRarity("0x7000001") -> 0 (call 5)
[LUI] [LUI trace] Engine.Inventory_IsLootItem("0x7000001") -> false (call 5)
[LUI] [LUI trace] Cac.GetLootRarity("0x7000001") -> 1 (call 5)
[LUI] [LUI trace] Engine.Inventory_GetItemCondition("0x7000001") -> 1 (call 7)
[LUI] [LUI trace] Cac.GetLootCondition("0x7000001") -> 2 (call 7)
[LUI] [LUI trace] Engine.Inventory_GetItemRarity("0x7000001") -> 0 (call 6)
[LUI] [LUI trace] Engine.Inventory_IsLootItem("0x7000001") -> false (call 6)
[LUI] [LUI trace] Cac.GetLootRarity("0x7000001") -> 1 (call 6)
[LUI] [LUI trace] Engine.Inventory_GetItemCondition("0x7000001") -> 1 (call 8)
[LUI] [LUI trace] Cac.GetLootCondition("0x7000001") -> 2 (call 8)
[LUI] [LUI trace] Cac.GetWeaponNameFromLootGuid("0x7000001") -> "charm_none" (call 3)
[LUI] [LUI trace] Cac.GetWeaponNameFromLootName("charm_none") -> "charm_none" (call 3)
[LUI] [LUI trace] Engine.Inventory_GetItemExpirationType(0, "0x7000001") -> 0 (call 3)
[LUI] [LUI trace] Cac.AllDefaultItemsUnlocked(0) -> false (call 3)
[LUI] [LUI trace] Cac.GetWeaponAndAttachmentRefFromItemRef("charm_none") -> nil, nil (call 5)
[LUI] [LUI trace] Cac.GetWeaponAndAttachmentRefFromItemRef("charm_none") -> nil, nil (call 6)
[LUI] [LUI trace] Engine.GetItemLockStateByItemRef(0, "charm_none") -> "Unlocked", 0, "" (call 3)
[LUI] [LUI trace] Cac.GetItemLockState(0, "charm_none") -> "Unlocked", 0, "" (call 3)
[LUI] [LUI trace] Engine.IsHubMode() -> true (call 400)
[LUI] [LUI trace] Engine.Inventory_GetItemRarity("0x7000001") -> 0 (call 7)
[LUI] [LUI trace] Engine.Inventory_IsLootItem("0x7000001") -> false (call 7)
[LUI] [LUI trace] Cac.GetLootRarity("0x7000001") -> 1 (call 7)
[LUI] [LUI trace] Engine.Inventory_GetItemRarity("0x7000001") -> 0 (call 8)
[LUI] [LUI trace] Engine.Inventory_IsLootItem("0x7000001") -> false (call 8)
[LUI] [LUI trace] Cac.GetLootRarity("0x7000001") -> 1 (call 8)
[LUI] [LUI trace] Cac.GetWeaponNameFromLootGuid("0x7000001") -> "charm_none" (call 4)
[LUI] [LUI trace] Cac.GetWeaponNameFromLootName("charm_none") -> "charm_none" (call 4)
[LUI] [LUI trace] Engine.Inventory_GetItemExpirationType(0, "0x7000001") -> 0 (call 4)
[LUI] [LUI trace] Cac.AllDefaultItemsUnlocked(0) -> false (call 4)
[LUI] [LUI trace] Cac.GetWeaponAndAttachmentRefFromItemRef("charm_none") -> nil, nil (call 7)
[LUI] [LUI trace] Cac.GetWeaponAndAttachmentRefFromItemRef("charm_none") -> nil, nil (call 8)
[LUI] [LUI trace] Engine.GetItemLockStateByItemRef(0, "charm_none") -> "Unlocked", 0, "" (call 4)
[LUI] [LUI trace] Cac.GetItemLockState(0, "charm_none") -> "Unlocked", 0, "" (call 4)
[LUI] [LUI trace] Engine.IsHubMode() -> true (call 500)
[LUI] [LUI trace] Cac.GetWeaponNameFromLootGuid("0x1031000") -> "m1941_mp" (call 5)
[LUI] [LUI trace] Cac.GetWeaponNameFromLootName("m1941_mp") -> "m1941_mp" (call 5)
[LUI] [LUI trace] Cac.GetWeaponNameFromLootGuid("0x3000350") -> "grip" (call 6)
[LUI] [LUI trace] Cac.GetWeaponNameFromLootName("grip") -> "grip" (call 6)
[LUI] [LUI trace] Engine.Inventory_GetItemExpirationType(0, "0x3000350") -> 0 (call 5)
[LUI] [LUI trace] Cac.GetWeaponNameFromLootGuid("0x3000350") -> "grip" (call 7)
[LUI] [LUI trace] Cac.GetWeaponNameFromLootName("grip") -> "grip" (call 7)
[LUI] [LUI trace] Cac.GetWeaponNameFromLootGuid("0x1031000") -> "m1941_mp" (call 8)
[LUI] [LUI trace] Cac.GetUnlockItemGuidForCategory("Primary", "customClasses", 0) -> 
[LUI] [LUI trace] Cac.GetUnlockItemRef("m1941_mp grip", "Primary_Attachment", "customClasses", 0) -> "m1941_mp grip"
[LUI] [LUI trace] Cac.AllDefaultItemsUnlocked(0) -> false (call 5)
[LUI] [LUI trace] Cac.GetItemLockState(0, "m1941_mp grip") -> "Unlocked", 0, "" (call 5)
[LUI] [LUI trace] Cac.GetClassItemLockState("m1941_mp grip", 0, "Primary_Attachment", "customClasses", 0) -> "Unlocked", 0, ""
[LUI] [LUI trace] Cac.GetUnlockItemGuidForCategory("Primary", "customClasses", 0) ->  (call 2)
[LUI] [LUI trace] Cac.GetUnlockItemRef("grip", "Primary_Attachment", "customClasses", 0) -> "grip" (call 2)
[LUI] [LUI trace] Cac.GetWeaponNameFromLootName("m1941_mp") -> "m1941_mp" (call 8)
[LUI] [LUI trace] Engine.Inventory_GetItemExpirationType(0, "0x3000360") -> 0 (call 6)
[LUI] [LUI trace] Cac.GetUnlockItemGuidForCategory("Primary", "customClasses", 0) ->  (call 3)
[LUI] [LUI trace] Cac.GetUnlockItemRef("m1941_mp head_damage", "Primary_Attachment", "customClasses", 0) -> "m1941_mp head_damage" (call 3)
[LUI] [LUI trace] Cac.AllDefaultItemsUnlocked(0) -> false (call 6)
[LUI] [LUI trace] Cac.GetItemLockState(0, "m1941_mp head_damage") -> "Unlocked", 0, "" (call 6)
[LUI] [LUI trace] Cac.GetClassItemLockState("m1941_mp head_damage", 0, "Primary_Attachment", "customClasses", 0) -> "Unlocked", 0, "" (call 2)
[LUI] [LUI trace] Cac.GetUnlockItemGuidForCategory("Primary", "customClasses", 0) ->  (call 4)
[LUI] [LUI trace] Cac.GetUnlockItemRef("head_damage", "Primary_Attachment", "customClasses", 0) -> "head_damage" (call 4)
[LUI] [LUI trace] Engine.Inventory_GetItemExpirationType(0, "0x30002f0") -> 0 (call 7)
[LUI] [LUI trace] Cac.GetUnlockItemGuidForCategory("Primary", "customClasses", 0) ->  (call 5)
[LUI] [LUI trace] Cac.GetUnlockItemRef("m1941_mp fast_ads", "Primary_Attachment", "customClasses", 0) -> "m1941_mp fast_ads" (call 5)
[LUI] [LUI trace] Cac.AllDefaultItemsUnlocked(0) -> false (call 7)
[LUI] [LUI trace] Cac.GetItemLockState(0, "m1941_mp fast_ads") -> "Unlocked", 0, "" (call 7)
[LUI] [LUI trace] Cac.GetClassItemLockState("m1941_mp fast_ads", 0, "Primary_Attachment", "customClasses", 0) -> "Unlocked", 0, "" (call 3)
[LUI] [LUI trace] Cac.GetUnlockItemGuidForCategory("Primary", "customClasses", 0) ->  (call 6)
[LUI] [LUI trace] Cac.GetUnlockItemRef("fast_ads", "Primary_Attachment", "customClasses", 0) -> "fast_ads" (call 6)
[LUI] [LUI trace] Engine.GetItemReferenceFromGUID("0x1031000") -> "m1941_mp" (call 100)
[LUI] [LUI trace] Engine.Inventory_GetItemExpirationType(0, "0x3000660") -> 0 (call 8)
[LUI] [LUI trace] Cac.GetUnlockItemGuidForCategory("Primary", "customClasses", 0) ->  (call 7)
[LUI] [LUI trace] Cac.GetUnlockItemRef("m1941_mp aperture_sight_m1941", "Primary_Attachment", "customClasses", 0) -> "m1941_mp aperture_sight_m1941" (call 7)
[LUI] [LUI trace] Cac.AllDefaultItemsUnlocked(0) -> false (call 8)
[LUI] [LUI trace] Cac.GetItemLockState(0, "m1941_mp aperture_sight_m1941") -> "Unlocked", 0, "" (call 8)
[LUI] [LUI trace] Cac.GetClassItemLockState("m1941_mp aperture_sight_m1941", 0, "Primary_Attachment", "customClasses", 0) -> "Unlocked", 0, "" (call 4)
[LUI] [LUI trace] Cac.GetUnlockItemGuidForCategory("Primary", "customClasses", 0) ->  (call 8)
[LUI] [LUI trace] Cac.GetUnlockItemRef("aperture_sight_m1941", "Primary_Attachment", "customClasses", 0) -> "aperture_sight_m1941" (call 8)
[LUI] [LUI trace] Cac.GetUnlockItemGuid("0x1031000", "Primary", "customClasses", 0) -> "0x1031000" (call 3)
[LUI] [LUI trace] Engine.Inventory_IsItemGUIDUsableForPlayer(0, "m1941_mp") -> false (call 5)
[LUI] [LUI trace] Cac.GetUnlockItemGuid("0x1031000", "Primary", "customClasses", 0) -> "0x1031000" (call 4)
[LUI] [LUI trace] Engine.Inventory_IsItemGUIDUsableForPlayer(0, "m1941_mp") -> false (call 6)
[LUI] [LUI trace] Engine.IsHubMode() -> true (call 600)
[LUI] [LUI trace] Cac.GetClassItemLockState("luger_mp fast_ads", 0, "Secondary_Attachment", "customClasses", 0) -> "Unlocked", 0, "" (call 5)
[LUI] [LUI trace] Cac.GetUnlockItemGuid("0x102c000", "Secondary", "customClasses", 0) -> "0x102c000" (call 5)
[LUI] [LUI trace] Engine.Inventory_IsItemGUIDUsableForPlayer(0, "luger_mp") -> false (call 7)
[LUI] [LUI trace] Cac.GetUnlockItemGuid("0x102c000", "Secondary", "customClasses", 0) -> "0x102c000" (call 6)
[LUI] [LUI trace] Engine.Inventory_IsItemGUIDUsableForPlayer(0, "luger_mp") -> false (call 8)
[LUI] [LUI trace] Cac.GetClassItemLockState("m1941_mp aperture_sight_m1941", 0, "Primary_Attachment", "customClasses", 0) -> "Unlocked", 0, "" (call 6)
[LUI] [LUI trace] Cac.GetClassItemLockState("m1941_mp aperture_sight_m1941", 0, "Primary_Attachment", "customClasses", 0) -> "Unlocked", 0, "" (call 7)
[LUI] [LUI trace] Cac.GetClassItemLockState("m1941_mp fast_ads", 0, "Primary_Attachment", "customClasses", 0) -> "Unlocked", 0, "" (call 8)
[LUI] [LUI trace] Engine.GetItemReferenceFromGUID("0x3000360") -> "head_damage" (call 200)
[LUI] [LUI trace] Cac.PushLootDataToDataModel("Primary_Attachment", {weaponBonusIndex_ZM=0,lootCondition=2,weaponBonusXP_MP=0,unlockMessage=,expirationType=0,statsData={..},...}, {_modelPath=primaryAttachment3,_baseDataSource={..}}, 0) ->  (call 100)
[LUI] [LUI trace] Engine.GetItemGUIDFromReference("m1941_mp") -> "0x1031000" (call 200)
[LUI] [LUI trace] Cac.GetUnlockItemRefForController("none", "Primary_Reticle", "customClasses", 0, 0) -> "none" (call 100)
[LUI] [LUI trace] Engine.GetItemLockStateByItemRef(0, "charm_none") -> "Unlocked", 0, "" (call 5)
[LUI] [LUI trace] Engine.IsHubMode() -> true (call 700)
[LUI] [LUI trace] Engine.Inventory_GetItemCollectionID("0x0") -> 0 (call 100)
[LUI] [LUI trace] Engine.GetItemLockStateByItemRef(0, "charm_none") -> "Unlocked", 0, "" (call 6)
[LUI] [LUI trace] Engine.IsHubMode() -> true (call 800)
[LUI] [LUI trace] Engine.GetOnlineGame() -> true (call 100)
[LUI] [LUI trace] Engine.GetItemReferenceFromGUID("0x46000a3") -> "specialty_class_blitzkrieg" (call 300)
[LUI] [LUI trace] Engine.GetItemLockStateByItemRef(0, "emote_salute") -> "Unlocked", 0, "" (call 7)
[LUI] [LUI trace] Cac.GetWeaponNameFromLootGuid("0x20000e") -> "emote_salute" (call 100)
[LUI] [LUI trace] Engine.GetItemLockStateByItemRef(0, "emote_salute") -> "Unlocked", 0, "" (call 8)
[LUI] [LUI trace] Engine.GetItemGUIDFromReference("emote_sittin") -> "0x20000f" (call 300)
[LUI] [LUI trace] Engine.IsHubMode() -> true (call 900)
[LUI] [LUI trace] Engine.Inventory_GetItemCondition("0x30002f0") -> 1 (call 100)
[LUI] [LUI trace] Cac.GetLootCondition("0x30002f0") -> 2 (call 100)
[LUI] [LUI trace] Cac.GetWeaponNameFromLootName("fast_ads") -> "fast_ads" (call 100)
[LUI] [LUI trace] Cac.GetWeaponAndAttachmentRefFromItemRef("m1941_mp fast_ads") -> "m1941_mp", "fast_ads" (call 100)
[LUI] [LUI trace] Engine.Inventory_GetItemRarity("0x3000660") -> 0 (call 100)
[LUI] [LUI trace] Engine.Inventory_IsLootItem("0x3000660") -> false (call 100)
[LUI] [LUI trace] Cac.GetLootRarity("0x3000660") -> 1 (call 100)
[LUI] [LUI trace] Cac.GetUnlockItemGuid("0x1031000", "Primary", "customClasses", 0) -> "0x1031000" (call 7)
[LUI] [LUI trace] Engine.GetItemReferenceFromGUID("0x46000a3") -> "specialty_class_blitzkrieg" (call 400)
[LUI] [LUI trace] Cac.GetUnlockItemGuid("0x102c000", "Secondary", "customClasses", 0) -> "0x102c000" (call 8)
[LUI] [LUI trace] Engine.IsHubMode() -> true (call 1000)
[HQ protocol] injected_ae_request: 125 raw bytes at s2x/dump/dw/hq_injected_ae_request_64176_130.bin
[HQ protocol] injected_ae_response: 1636 raw bytes at s2x/dump/dw/hq_injected_ae_response_64176_131.bin
[HQ AE injection] native scheduled task SUCCEEDED: 9 cached record(s), ready=1
[HQ vendor] conversion-rule native success callback 523 ms after the 242 reply was queued (successes=3 failures=0); `hqvendor` for state
[DW] bdReward: executing task '4' (transaction ID: 162)
[HQ protocol] reward_request: 152 raw bytes at s2x/dump/dw/hq_reward_request_64176_132.bin
[DW] bdRichPresence: executing task '2' (transaction ID: 163)
[DW] bdReward: executing task '11' (transaction ID: 164)
[HQ event] enter_hub (enter_hub), timestamp 1789279753000000, 1 parameters
  1=1
[DW] bdStorage: executing task '20' (transaction ID: 165)
[DW]: [bdStorage]: list publisher files: playlists_tu26.aggr
[LUI] [LUI trace] Rank.RewardMasterPrestigeSupplyDrops(userdata: 000002262BF10248, 0) -> 
[LUI] [LUI trace] Rank.ConvertProxyRewards(userdata: 000002262BF10248, 0) -> 
[LUI] [LUI trace] Engine.Inventory_GetCurrencyBalance(0, 7) -> 0 (call 8)
[HQ protocol] injected_ae_request: 100 raw bytes at s2x/dump/dw/hq_injected_ae_request_64176_133.bin
[HQ protocol] injected_ae_response: 128 raw bytes at s2x/dump/dw/hq_injected_ae_response_64176_134.bin
[LUI] [LUI trace] Rank.GetPayrollAchievement(0) -> 345
[LUI] [LUI trace] Engine.DoesVendorNeedDailyReset(0, 36000, 86400, "hubFeatureStats", "hubVendors", "vendorVisitTimestamps", "Requisitions") -> true (call 3)
[DW] bdReward: executing task '4' (transaction ID: 166)
[HQ protocol] reward_request: 136 raw bytes at s2x/dump/dw/hq_reward_request_64176_135.bin
[LUI] [LUI flow] RequestLeaveMenuByName(error_popmenu)
[LUI] [LUI trace] Engine.DoesVendorNeedDailyReset(0, 36000, 86400, "hubFeatureStats", "hubVendors", "vendorVisitTimestamps", "Requisitions") -> true (call 4)
[LUI] [LUI trace] Engine.AllowHubVendorMenu() -> true (call 2)
[LUI] [LUI trace] Engine.AllowHubVendorMenu() -> true (call 3)
[LUI] [LUI trace] Engine.IsHubMode() -> true (call 1100)
[LUI] [LUI trace] Engine.IsGamepadEnabled(nil) -> true (call 300)
[LUI] [LUI trace] Engine.UseAlternateHubFlow() -> true (call 100)
[LUI] [LUI trace] Engine.Loot_GetNumBoosterPacksOfType(0, 0) -> 0
[LUI] [LUI trace] Engine.Loot_GetNumBoosterPacksOfType(0, 1) -> 0 (call 2)
[LUI] [LUI trace] Engine.Loot_GetNumBoosterPacksOfType(0, 2) -> 0 (call 3)
[LUI] [LUI trace] Engine.Loot_GetNumBoosterPacksOfType(0, 3) -> 0 (call 4)
[LUI] [LUI trace] Engine.Loot_GetNumBoosterPacksOfType(0, 4) -> 0 (call 5)
[LUI] [LUI trace] Engine.Loot_GetNumBoosterPacksOfType(0, 10) -> 0 (call 6)
[LUI] [LUI trace] Engine.Loot_GetNumBoosterPacksOfType(0, 11) -> 0 (call 7)
[LUI] [LUI trace] Engine.Loot_GetNumBoosterPacksOfType(0, 12) -> 0 (call 8)
[LUI] [LUI trace] Engine.Loot_GetNumBoosterPacksOfType(0, 32) -> 0 (call 100)
[LUI] [LUI trace] Rank.GetPayrollAchievement(0) -> 345 (call 2)
[LUI] [LUI trace] Engine.DoesVendorNeedDailyReset(0, 36000, 86400, "hubFeatureStats", "hubVendors", "vendorVisitTimestamps", "Requisitions") -> true (call 5)
[DW] bdRichPresence: executing task '1' (transaction ID: 167)
[LUI] [LUI flow] RequestAddMenu(s2x_server_browser)
[server_list] requesting S2 servers from 49.12.1.118:20810
[server_list] queued 6 server(s) from master
[LUI] [LUI trace] Engine.IsHubMode() -> true (call 1200)
[LUI] [LUI flow] RequestLeaveMenu()
[LUI] [LUI trace] Engine.MarketingGetMessage(0, 1, 0) ->  (call 4)
[LUI] [LUI trace] Engine.MarketingGetMessage(0, 1, 0) ->  (call 5)
[LUI] [LUI trace] Engine.DoesVendorNeedDailyReset(0, 36000, 86400, "hubFeatureStats", "hubVendors", "vendorVisitTimestamps", "Requisitions") -> true (call 6)
[LUI] [LUI trace] Engine.AllowHubVendorMenu() -> true (call 4)
[LUI] [LUI trace] Engine.GetNewItemBreadcrumbState(0, 1124, false) -> false (call 100)
[LUI] [LUI trace] Engine.GetItemGUIDFromReference("specialty_class_flanker") -> "0x4600070" (call 400)
[LUI] [LUI trace] Engine.MarketingGetMessage(0, 1, 0) ->  (call 6)
[LUI] [LUI trace] Engine.MarketingGetMessage(0, 1, 0) ->  (call 7)
[LUI] [LUI trace] Engine.MarketingGetMessage(0, 1, 0) ->  (call 8)
[LUI] [LUI trace] Engine.GetOnlineGame() -> true (call 200)
[LUI] [LUI trace] Engine.DoesVendorNeedDailyReset(0, 36000, 86400, "hubFeatureStats", "hubVendors", "vendorVisitTimestamps", "Requisitions") -> true (call 7)
[LUI] [LUI trace] Engine.AllowHubVendorMenu() -> true (call 5)
[LUI] [LUI trace] Engine.DoesVendorNeedDailyReset(0, 36000, 86400, "hubFeatureStats", "hubVendors", "vendorVisitTimestamps", "Requisitions") -> true (call 8)
[LUI] [LUI trace] Engine.AllowHubVendorMenu() -> true (call 6)
[LUI] [LUI trace] Engine.AllowHubVendorMenu() -> true (call 7)
[LUI] [LUI trace] Engine.IsHubMode() -> true (call 1300)
[LUI] [LUI trace] Engine.IsGamepadEnabled(nil) -> true (call 400)
[LUI] [LUI trace] Rank.GetPayrollAchievement(0) -> 345 (call 3)
[LUI] [LUI trace] Engine.UseFullHubFlow() -> false (call 100)
[LUI] [LUI trace] Engine.AllowHubVendorMenu() -> true (call 8)
[LUI] [LUI trace] Engine.IsHubMode() -> true (call 1400)
[LUI] [LUI trace] Engine.IsHubMode() -> true (call 1500)
[LUI] [LUI trace] Engine.IsGamepadEnabled(nil) -> true (call 500)
[LUI] [LUI trace] Engine.Inventory_GetExpiredItemsWrapperIDs(0) -> {}
[LUI] [LUI trace] Engine.Inventory_GetItemExpiryDuration(0, "0xA00052") -> "0"
[LUI] [LUI trace] Engine.Inventory_GetItemExpiryDuration(0, "0xA00053") -> "0" (call 2)
[LUI] [LUI trace] Engine.Inventory_GetItemExpiryDuration(0, "0xA00066") -> "0" (call 3)
[LUI] [LUI trace] Engine.Inventory_GetItemExpiryDuration(0, "0xA0007E") -> "0" (call 4)
[LUI] [LUI trace] Engine.Inventory_GetItemExpiryDuration(0, "0xA0007D") -> "0" (call 5)
[LUI] [LUI trace] Engine.GetOnlineGame() -> true (call 300)
[LUI] [LUI trace] Engine.GetNewItemBreadcrumbState(0, 1161, false) -> false (call 200)
[LUI] [LUI trace] Engine.GetItemReferenceFromGUID("0x1031000") -> "m1941_mp" (call 500)
[LUI] [LUI trace] Engine.IsGamepadEnabled(nil) -> true (call 600)
[LUI] [LUI trace] Cac.IsBasicTrainingRestrictedOutsideExperimentalPlaylist("specialty_class_blitzkrieg") -> false
[LUI] [LUI trace] Cac.IsBasicTrainingRestrictedOutsideExperimentalPlaylist("specialty_class_rifleman") -> false (call 2)
[LUI] [LUI trace] Cac.IsBasicTrainingRestrictedOutsideExperimentalPlaylist("specialty_class_blitzkrieg") -> false (call 3)
[LUI] [LUI trace] Cac.IsBasicTrainingRestrictedOutsideExperimentalPlaylist("specialty_class_launched") -> false (call 4)
[LUI] [LUI trace] Cac.IsBasicTrainingRestrictedOutsideExperimentalPlaylist("specialty_class_espionage") -> false (call 5)
[LUI] [LUI trace] Cac.IsBasicTrainingRestrictedOutsideExperimentalPlaylist("specialty_class_espionage") -> false (call 6)
[LUI] [LUI trace] Cac.IsBasicTrainingRestrictedOutsideExperimentalPlaylist("specialty_class_launched") -> false (call 7)
[LUI] [LUI trace] Cac.IsBasicTrainingRestrictedOutsideExperimentalPlaylist("specialty_class_espionage") -> false (call 8)
[LUI] [LUI trace] Engine.GetItemGUIDFromReference("luger_mp") -> "0x102c000" (call 500)
[DW] bdStorage: executing task '24' (transaction ID: 168)
[DW]: [bdStorage]: set user file: leaderboarddata
[LUI] [LUI trace] Cac.GetWeaponNameFromLootGuid("0x1031000") -> "m1941_mp" (call 200)
[LUI] [LUI trace] Engine.GetItemReferenceFromGUID("0x1031000") -> "m1941_mp" (call 600)
[LUI] [LUI trace] Cac.GetWeaponNameFromLootName("m1941_mp") -> "m1941_mp" (call 200)
[LUI] [LUI flow] RequestAddMenu(divisions_edit_loadout)
[LUI] [LUI trace] Engine.GetOnlineGame() -> true (call 400)
[LUI] [LUI trace] Engine.IsHubMode() -> true (call 1600)
[LUI] [LUI trace] Engine.IsHubMode() -> true (call 1700)
[LUI] [LUI trace] Cac.IsCategoryRestrictedByPerk("Perk_Slot2", "customClasses", 0) -> false
[LUI] [LUI trace] Engine.GetItemReferenceFromGUID("0x4600077") -> "specialty_class_infantry_grandmaster" (call 700)
[LUI] [LUI trace] Engine.GetItemReferenceFromGUID("0x102c000") -> "luger_mp" (call 800)
[LUI] [LUI trace] Engine.GetItemGUIDFromReference("luger_mp") -> "0x102c000" (call 600)
[LUI] [LUI trace] Engine.IsHubMode() -> true (call 1800)
[LUI] [LUI trace] Engine.GetItemReferenceFromGUID("0x46000a3") -> "specialty_class_blitzkrieg" (call 900)
[LUI] [LUI trace] Engine.GetItemReferenceFromGUID("0x4600077") -> "specialty_class_infantry_grandmaster" (call 1000)
[LUI] [LUI trace] Cac.IsItemUnlocked(0, "cac") -> true
[LUI] [LUI trace] Engine.GetNewItemCategoryBreadcrumbState(0, 12, false) -> false (call 100)
[LUI] [LUI trace] Cac.IsItemUnlocked(0, "cac") -> true (call 2)
[LUI] [LUI trace] Cac.IsItemUnlocked(0, "cac") -> true (call 3)
[LUI] [LUI trace] Cac.IsItemUnlocked(0, "cac") -> true (call 4)
[LUI] [LUI trace] Cac.IsItemUnlocked(0, "cac") -> true (call 5)
[LUI] [LUI trace] Cac.IsItemUnlocked(0, "cac") -> true (call 6)
[LUI] [LUI trace] Cac.IsItemUnlocked(0, "cac") -> true (call 7)
[LUI] [LUI trace] Engine.IsHubMode() -> true (call 1900)
[LUI] [LUI trace] Cac.IsItemUnlocked(0, "cac") -> true (call 8)
[LUI] [LUI trace] Cac.IsItemGuidControlledInRankedPlay("0x0") -> true (call 100)
[LUI] [LUI trace] Engine.GetItemReferenceFromGUID("0x20000e") -> "emote_salute" (call 1100)
[LUI] [LUI trace] Cac.IsCategoryRestrictedByPerk("Primary", "customClasses", 0) -> false (call 2)
[LUI] [LUI trace] Cac.IsCategoryRestrictedByPerk("Primary_Attachment", "customClasses", 0) -> false (call 3)
[LUI] [LUI trace] Cac.IsCategoryRestrictedByPerk("Primary", "customClasses", 0) -> false (call 4)
[LUI] [LUI trace] Cac.IsCategoryRestrictedByPerk("Primary_Attachment", "customClasses", 0) -> false (call 5)
[LUI] [LUI trace] Cac.IsCategoryRestrictedByPerk("Primary", "customClasses", 0) -> false (call 6)
[LUI] [LUI trace] Cac.IsCategoryRestrictedByPerk("Primary_Attachment", "customClasses", 0) -> false (call 7)
[LUI] [LUI trace] Cac.IsCategoryRestrictedByPerk("Primary", "customClasses", 0) -> false (call 8)
[LUI] [LUI trace] Engine.GetItemReferenceFromGUID("0x46000a3") -> "specialty_class_blitzkrieg" (call 1200)
[LUI] [LUI trace] Engine.IsHubMode() -> true (call 2000)
[LUI] [LUI trace] Engine.GetItemReferenceFromGUID("0x1050000") -> "semtex_mp" (call 1300)
[LUI] [LUI trace] Engine.GetOnlineGame() -> true (call 500)
[LUI] [LUI trace] Cac.GetNextUnlockedDivisionReward(0, "infantry") -> nil
[LUI] [LUI trace] Engine.GetItemReferenceFromGUID("0x1031000") -> "m1941_mp" (call 1400)
[LUI] [LUI trace] Cac.GetWeaponNameFromLootGuid("0x1031000") -> "m1941_mp" (call 300)
[LUI] [LUI trace] Engine.GetItemGUIDFromReference("m1941_mp") -> "0x1031000" (call 700)
[LUI] [LUI trace] Cac.GetWeaponNameFromLootName("m1941_mp") -> "m1941_mp" (call 300)
[LUI] [LUI trace] Engine.GetItemReferenceFromGUID("0x1031000") -> "m1941_mp" (call 1500)
[LUI] [LUI trace] Engine.IsHubMode() -> true (call 2100)
[LUI] [LUI trace] Engine.IsGamepadEnabled(nil) -> true (call 700)
[LUI] [LUI trace] Engine.GetItemReferenceFromGUID("0x46000a3") -> "specialty_class_blitzkrieg" (call 1600)
[LUI] [LUI flow] RequestAddMenu(cac_edit_attachment)
[LUI] [LUI trace] Engine.GetItemReferenceFromGUID("0x46000a3") -> "specialty_class_blitzkrieg" (call 1700)
[LUI] [LUI trace] Cac.GetWeaponNameFromLootGuid("0x3000350") -> "grip" (call 400)
[LUI] [LUI trace] Engine.IsHubMode() -> true (call 2200)
[LUI] [LUI trace] Engine.GetItemGUIDFromReference("m1941_mp") -> "0x1031000" (call 800)
[LUI] [LUI trace] Cac.GetWeaponNameFromLootName("fmj") -> "fmj" (call 400)
[LUI] [LUI trace] Engine.GetItemReferenceFromGUID("0x3000660") -> "aperture_sight_m1941" (call 1800)
[LUI] [LUI trace] Cac.GetWeaponAndAttachmentRefFromItemRef("m1941_mp fmj") -> "m1941_mp", "fmj" (call 200)
[LUI] [LUI trace] Engine.IsHubMode() -> true (call 2300)
[LUI] [LUI trace] Engine.GetItemReferenceFromGUID("0x3000660") -> "aperture_sight_m1941" (call 1900)
[LUI] [LUI trace] Engine.GetItemReferenceFromGUID("0x30002f0") -> "fast_ads" (call 2000)
[LUI] [LUI trace] Engine.GetItemReferenceFromGUID("0x46000a3") -> "specialty_class_blitzkrieg" (call 2100)
[LUI] [LUI trace] Engine.GetItemGUIDFromReference("m1941_mp") -> "0x1031000" (call 900)
[LUI] [LUI trace] Cac.IsCategoryRestrictedByPerk("Primary", "customClasses", 0) -> false (call 100)
[LUI] [LUI trace] Engine.IsHubMode() -> true (call 2400)
[LUI] [LUI trace] Cac.AllDefaultItemsUnlocked(0) -> false (call 100)
[LUI] [LUI trace] Engine.GetItemReferenceFromGUID("0x1031000") -> "m1941_mp" (call 2200)
[LUI] [LUI trace] Engine.IsHubMode() -> true (call 2500)
[LUI] [LUI trace] Engine.IsGamepadEnabled(nil) -> true (call 800)
[LUI] [LUI trace] Engine.IsHubMode() -> true (call 2600)
[LUI] [LUI trace] Engine.GetItemLockState(0, "0x1031000") -> "Unlocked", 0, "" (call 100)
[LUI] [LUI trace] Cac.GetItemGuidLockState(0, "0x1031000") -> "Unlocked", 0, "" (call 100)
[LUI] [LUI trace] Cac.IsItemGuidControlledInRankedPlay("0x1031000") -> true (call 200)
[LUI] [LUI trace] Engine.IsHubMode() -> true (call 2700)
[LUI] [LUI trace] Engine.GetItemGUIDFromReference("m1941_mp") -> "0x1031000" (call 1000)
[LUI] [LUI trace] Cac.AllDefaultItemsUnlocked(0) -> false (call 200)
[LUI] [LUI trace] Engine.GetItemReferenceFromGUID("0x1031000") -> "m1941_mp" (call 2300)
[LUI] [LUI trace] Engine.IsHubMode() -> true (call 2800)
[LUI] [LUI trace] Engine.IsHubMode() -> true (call 2900)
[LUI] [LUI trace] Engine.GetItemLockState(0, "0x1031000") -> "Unlocked", 0, "" (call 200)
[LUI] [LUI trace] Cac.GetItemGuidLockState(0, "0x1031000") -> "Unlocked", 0, "" (call 200)
[LUI] [LUI flow] RequestLeaveMenu()
[LUI] [LUI trace] Engine.IsHubMode() -> true (call 3000)
[LUI] [LUI trace] Engine.IsHubMode() -> true (call 3100)
[LUI] [LUI trace] Engine.GetItemReferenceFromGUID("0x46000a3") -> "specialty_class_blitzkrieg" (call 2400)
[LUI] [LUI trace] Cac.GetWeaponNameFromLootGuid("0x1031000") -> "m1941_mp" (call 500)
[LUI] [LUI trace] Engine.GetItemReferenceFromGUID("0x1031000") -> "m1941_mp" (call 2500)
[LUI] [LUI trace] Engine.GetItemGUIDFromReference("luger_mp") -> "0x102c000" (call 1100)
[LUI] [LUI trace] Engine.IsHubMode() -> true (call 3200)
[LUI] [LUI trace] Engine.GetItemReferenceFromGUID("0x46000a3") -> "specialty_class_blitzkrieg" (call 2600)
[LUI] [LUI trace] Engine.GetItemReferenceFromGUID("0x46000a3") -> "specialty_class_blitzkrieg" (call 2700)
[LUI] [LUI trace] Engine.GetItemReferenceFromGUID("0x46000a3") -> "specialty_class_blitzkrieg" (call 2800)
[LUI] [LUI trace] Engine.GetOnlineGame() -> true (call 600)
[LUI] [LUI trace] Engine.IsHubMode() -> true (call 3300)
[LUI] [LUI trace] Cac.IsItemGuidControlledInRankedPlay("0x0") -> true (call 300)
[LUI] [LUI trace] Cac.GetItemLockState(0, "cac", nil) -> "Unlocked", 0, "" (call 100)
[LUI] [LUI trace] Cac.AllDefaultItemsUnlocked(0) -> false (call 300)
[LUI] [LUI trace] Cac.GetWeaponNameFromLootName("m1941_mp") -> "m1941_mp" (call 500)
[LUI] [LUI trace] Engine.GetItemReferenceFromGUID("0x102c000") -> "luger_mp" (call 2900)
[LUI] [LUI trace] Engine.IsHubMode() -> true (call 3400)
[LUI] [LUI trace] Engine.UseAlternateHubFlow() -> true (call 200)
[LUI] [LUI trace] Cac.GetWeaponAndAttachmentRefFromItemRef("cac") -> nil, nil (call 300)
[LUI] [LUI trace] Engine.GetItemGUIDFromReference("m1941_mp") -> "0x1031000" (call 1200)
[LUI] [LUI trace] Engine.GetItemReferenceFromGUID("0x1031000") -> "m1941_mp" (call 3000)
[LUI] [LUI trace] Engine.IsGamepadEnabled(nil) -> true (call 900)
[LUI] [LUI trace] Engine.GetItemReferenceFromGUID("0x1050000") -> "semtex_mp" (call 3100)
[LUI] [LUI trace] Engine.IsHubMode() -> true (call 3500)
[LUI] [LUI trace] Cac.GetWeaponNameFromLootGuid("0x1031000") -> "m1941_mp" (call 600)
[LUI] [LUI trace] Engine.GetItemReferenceFromGUID("0x1031000") -> "m1941_mp" (call 3200)
[LUI] [LUI trace] Engine.IsGamepadEnabled(nil) -> true (call 1000)
[LUI] [LUI trace] Engine.GetItemReferenceFromGUID("0x4600077") -> "specialty_class_infantry_grandmaster" (call 3300)
[LUI] [LUI trace] Cac.GetNextUnlockedDivisionReward(0, "infantry") -> nil (call 2)
[LUI] [LUI trace] Cac.GetWeaponNameFromLootName("m1941_mp") -> "m1941_mp" (call 600)
[LUI] [LUI trace] Engine.GetItemReferenceFromGUID("0x46000a3") -> "specialty_class_blitzkrieg" (call 3400)
[LUI] [LUI trace] Engine.IsGamepadEnabled(nil) -> true (call 1100)
[LUI] [LUI trace] Engine.GetItemGUIDFromReference("m1941_mp") -> "0x1031000" (call 1300)
[LUI] [LUI trace] Engine.GetItemReferenceFromGUID("0x1031000") -> "m1941_mp" (call 3500)
[LUI] [LUI trace] Cac.GetWeaponNameFromLootGuid("0x1031000") -> "m1941_mp" (call 700)
[LUI] [LUI trace] Engine.IsHubMode() -> true (call 3600)
[LUI] [LUI trace] Cac.GetWeaponNameFromLootName("m1941_mp") -> "m1941_mp" (call 700)
[LUI] [LUI trace] Engine.GetItemReferenceFromGUID("0x4600077") -> "specialty_class_infantry_grandmaster" (call 3600)
[LUI] [LUI trace] Engine.GetItemReferenceFromGUID("0x1002000") -> "stun_grenade_mp" (call 3700)
[LUI] [LUI trace] Engine.GetItemReferenceFromGUID("0x4600077") -> "specialty_class_infantry_grandmaster" (call 3800)
[LUI] [LUI trace] Engine.IsHubMode() -> true (call 3700)
[LUI] [LUI trace] Engine.GetItemGUIDFromReference("lens_sight") -> "0x3000960" (call 1400)
[LUI] [LUI trace] Engine.GetItemReferenceFromGUID("0x4600077") -> "specialty_class_infantry_grandmaster" (call 3900)
[LUI] [LUI trace] Engine.Inventory_GetItemCondition("0x102c000") -> 0 (call 200)
[LUI] [LUI trace] Cac.GetLootCondition("0x102c000") -> 1 (call 200)
[LUI] [LUI trace] Cac.PushLootDataToDataModel("Primary_Attachment", nil, {_modelPath=primaryAttachment2,_baseDataSource={..}}, 0) ->  (call 200)
[LUI] [LUI trace] Engine.IsHubMode() -> true (call 3800)
[LUI] [LUI trace] Cac.GetUnlockItemGuidForCategoryForController("Secondary", "customClasses", 18, 0) ->  (call 100)
[LUI] [LUI trace] Cac.GetUnlockItemRefForController("specialty_class_infantry_grandmaster", "Perk_Slot1", "customClasses", 18, 0) -> "specialty_class_infantry_grandmaster" (call 200)
[LUI] [LUI trace] Engine.GetItemReferenceFromGUID("0x102c000") -> "luger_mp" (call 4000)
[LUI] [LUI trace] Engine.IsHubMode() -> true (call 3900)
[LUI] [LUI trace] Engine.GetItemReferenceFromGUID("0x4600077") -> "specialty_class_infantry_grandmaster" (call 4100)
[LUI] [LUI trace] Engine.Inventory_GetItemCollectionID("0x1007000") -> 0 (call 200)
[LUI] [LUI trace] Cac.GetWeaponNameFromLootGuid("0x1002000") -> "stun_grenade_mp" (call 800)
[LUI] [LUI trace] Engine.GetNewItemBreadcrumbState(0, 2464, false) -> false (call 300)
[LUI] [LUI trace] Engine.GetItemGUIDFromReference("emote_salute") -> "0x20000e" (call 1500)
[LUI] [LUI trace] Engine.IsHubMode() -> true (call 4000)
[LUI] [LUI trace] Cac.GetNextUnlockedDivisionReward(0, "infantry") -> nil (call 3)
[LUI] [LUI trace] Engine.GetItemReferenceFromGUID("0x46000a4") -> "specialty_class_escalation" (call 4200)
[LUI] [LUI trace] Engine.IsGamepadEnabled(nil) -> true (call 1200)
[LUI] [LUI trace] Cac.GetWeaponNameFromLootName("stg44_mp") -> "stg44_mp" (call 800)
[LUI] [LUI trace] Engine.GetItemReferenceFromGUID("0x1019000") -> "stg44_mp" (call 4300)
[LUI] [LUI trace] Engine.IsHubMode() -> true (call 4100)
[LUI] [LUI trace] Engine.GetItemReferenceFromGUID("0x1019000") -> "stg44_mp" (call 4400)
[LUI] [LUI trace] Engine.GetItemGUIDFromReference("stg44_mp") -> "0x1019000" (call 1600)
[LUI] [LUI trace] Cac.GetWeaponNameFromLootGuid("0x1019000") -> "stg44_mp" (call 900)
[LUI] [LUI flow] RequestAddMenu(cac_edit_attachment)
[LUI] [LUI trace] Engine.IsHubMode() -> true (call 4200)
[LUI] [LUI trace] Engine.GetItemReferenceFromGUID("0x3000960") -> "lens_sight" (call 4500)
[LUI] [LUI trace] Cac.GetWeaponNameFromLootName("fast_ads") -> "fast_ads" (call 900)
[LUI] [LUI trace] Engine.Inventory_IsLootItem("0x3000670") -> false (call 200)
[LUI] [LUI trace] Cac.GetUnlockItemRef("head_damage", "Primary_Attachment", "customClasses", 18) -> "head_damage" (call 100)
[LUI] [LUI trace] Engine.GetOnlineGame() -> true (call 700)
[LUI] [LUI trace] Engine.Inventory_GetItemRarity("0x3000370") -> 0 (call 200)
[LUI] [LUI trace] Cac.GetLootRarity("0x3000370") -> 1 (call 200)
[LUI] [LUI trace] Engine.Inventory_GetItemExpirationType(0, "0x3000390") -> 0 (call 100)
[LUI] [LUI trace] Engine.GetItemGUIDFromReference("rapid_fire") -> "0x3000390" (call 1700)
[LUI] [LUI trace] Cac.GetUnlockItemGuidForCategory("Primary", "customClasses", 18) ->  (call 100)
[LUI] [LUI trace] Engine.GetItemReferenceFromGUID("0x1019000") -> "stg44_mp" (call 4600)
[LUI] [LUI trace] Engine.IsHubMode() -> true (call 4300)
[LUI] [LUI trace] Engine.GetItemReferenceFromGUID("0x4600077") -> "specialty_class_infantry_grandmaster" (call 4700)
[LUI] [LUI trace] Cac.GetWeaponNameFromLootGuid("0x1019000") -> "stg44_mp" (call 1000)
[LUI] [LUI trace] Cac.IsCategoryRestrictedByPerk("Primary", "customClasses", 18) -> false (call 200)
[LUI] [LUI trace] Engine.GetItemReferenceFromGUID("0x4600077") -> "specialty_class_infantry_grandmaster" (call 4800)
[LUI] [LUI trace] Engine.IsHubMode() -> true (call 4400)
[LUI] [LUI trace] Cac.GetWeaponAndAttachmentRefFromItemRef("stg44_mp lens_sight") -> "stg44_mp", "lens_sight" (call 400)
[LUI] [LUI trace] Engine.IsGamepadEnabled(nil) -> true (call 1300)
[DW] bdStorage: executing task '24' (transaction ID: 169)
[DW]: [bdStorage]: set user file: rankedloadouts
[LUI] [LUI trace] Engine.GetItemGUIDFromReference("stg44_mp grip") -> "0x0" (call 1800)
[LUI] [LUI trace] Engine.IsHubMode() -> true (call 4500)
[LUI] [LUI trace] Engine.GetItemReferenceFromGUID("0x1019000") -> "stg44_mp" (call 4900)
[LUI] [LUI trace] Cac.IsItemGuidControlledInRankedPlay("0x1019000") -> true (call 400)
[LUI] [LUI trace] Engine.IsHubMode() -> true (call 4600)
[LUI] [LUI trace] Cac.AllDefaultItemsUnlocked(0) -> false (call 400)
[LUI] [LUI trace] Engine.IsGamepadEnabled(nil) -> true (call 1400)
[LUI] [LUI trace] Engine.IsHubMode() -> true (call 4700)
[LUI] [LUI trace] Engine.GetItemLockState(0, "0x1019000") -> "Unlocked", 0, "" (call 300)
[LUI] [LUI trace] Cac.GetItemGuidLockState(0, "0x1019000") -> "Unlocked", 0, "" (call 300)
[LUI] [LUI trace] Engine.IsHubMode() -> true (call 4800)
[LUI] [LUI trace] Engine.GetItemGUIDFromReference("stg44_mp") -> "0x1019000" (call 1900)
[LUI] [LUI trace] Engine.GetItemReferenceFromGUID("0x1019000") -> "stg44_mp" (call 5000)
[LUI] [LUI trace] Cac.IsItemGuidControlledInRankedPlay("0x1019000") -> true (call 500)
[LUI] [LUI trace] Engine.IsHubMode() -> true (call 4900)
[LUI] [LUI trace] Cac.AllDefaultItemsUnlocked(0) -> false (call 500)
[LUI] [LUI flow] RequestLeaveMenu()
[LUI] [LUI trace] Cac.EquipItem(0, "Primary_Attachment", 0, "customClasses", 18, "aperture_sight_stg44", function: 00000226A20EFD00) -> 
[LUI] [LUI trace] Engine.IsHubMode() -> true (call 5000)
[LUI] [LUI trace] Engine.IsHubMode() -> true (call 5100)
[LUI] [LUI trace] Engine.GetItemReferenceFromGUID("0x4600077") -> "specialty_class_infantry_grandmaster" (call 5100)
[LUI] [LUI trace] Engine.IsHubMode() -> true (call 5200)
[LUI] [LUI trace] Engine.GetItemReferenceFromGUID("0x1019000") -> "stg44_mp" (call 5200)
[LUI] [LUI trace] Cac.GetWeaponNameFromLootName("luger_mp") -> "luger_mp" (call 1000)
[LUI] [LUI trace] Engine.GetItemReferenceFromGUID("0x4600077") -> "specialty_class_infantry_grandmaster" (call 5300)
[LUI] [LUI trace] Engine.GetItemReferenceFromGUID("0x1002000") -> "stun_grenade_mp" (call 5400)
[LUI] [LUI trace] Engine.GetItemReferenceFromGUID("0x102c000") -> "luger_mp" (call 5500)
[LUI] [LUI trace] Engine.GetItemGUIDFromReference("specialty_class_energetic") -> "0x4600082" (call 2000)
[LUI] [LUI trace] Engine.GetOnlineGame() -> true (call 800)
[LUI] [LUI trace] Engine.IsHubMode() -> true (call 5300)
[LUI] [LUI trace] Engine.GetItemLockStateByItemRef(0, "cac") -> "Unlocked", 0, "" (call 100)
[LUI] [LUI trace] Engine.IsHubMode() -> true (call 5400)
[LUI] [LUI trace] Engine.GetItemReferenceFromGUID("0x1007000") -> "frag_grenade_mp" (call 5600)
[LUI] [LUI trace] Cac.GetWeaponNameFromLootGuid("0x1019000") -> "stg44_mp" (call 1100)
[LUI] [LUI trace] Engine.GetItemReferenceFromGUID("0x4600077") -> "specialty_class_infantry_grandmaster" (call 5700)
[LUI] [LUI trace] Cac.GetNextUnlockedDivisionReward(0, "infantry") -> nil (call 4)
[LUI] [LUI trace] Engine.GetItemGUIDFromReference("stg44_mp") -> "0x1019000" (call 2100)
[LUI] [LUI trace] Engine.IsHubMode() -> true (call 5500)
[LUI] [LUI trace] Engine.GetItemReferenceFromGUID("0x1007000") -> "frag_grenade_mp" (call 5800)
[LUI] [LUI trace] Engine.IsGamepadEnabled(nil) -> true (call 1500)
[LUI] [LUI trace] Cac.GetWeaponNameFromLootName("stg44_mp") -> "stg44_mp" (call 1100)
[LUI] [LUI trace] Engine.GetItemReferenceFromGUID("0x1019000") -> "stg44_mp" (call 5900)
[LUI] [LUI trace] Engine.GetItemReferenceFromGUID("0x46000a4") -> "specialty_class_escalation" (call 6000)
[LUI] [LUI trace] Engine.IsGamepadEnabled(nil) -> true (call 1600)
[LUI] [LUI trace] Cac.GetWeaponNameFromLootGuid("0x1019000") -> "stg44_mp" (call 1200)
[LUI] [LUI trace] Engine.GetItemGUIDFromReference("stg44_mp") -> "0x1019000" (call 2200)
[LUI] [LUI trace] Cac.GetWeaponNameFromLootName("stg44_mp") -> "stg44_mp" (call 1200)
[LUI] [LUI trace] Engine.GetItemReferenceFromGUID("0x1019000") -> "stg44_mp" (call 6100)
[LUI] [LUI flow] RequestAddMenu(cac_edit_attachment)
[LUI] [LUI trace] Engine.IsHubMode() -> true (call 5600)
[LUI] [LUI trace] Engine.IsHubMode() -> true (call 5700)
[LUI] [LUI trace] Cac.GetWeaponAndAttachmentRefFromItemRef("stg44_mp fast_ads") -> "stg44_mp", "fast_ads" (call 500)
[LUI] [LUI trace] Engine.GetItemReferenceFromGUID("0x3000360") -> "head_damage" (call 6200)
[LUI] [LUI trace] Engine.Inventory_GetItemCondition("0x3000370") -> 1 (call 300)
[LUI] [LUI trace] Cac.GetLootCondition("0x3000370") -> 2 (call 300)
[LUI] [LUI trace] Cac.GetWeaponNameFromLootGuid("0x1019000") -> "stg44_mp" (call 1300)
[LUI] [LUI trace] Engine.GetItemGUIDFromReference("rapid_fire") -> "0x3000390" (call 2300)
[LUI] [LUI trace] Engine.GetItemReferenceFromGUID("0x46000a4") -> "specialty_class_escalation" (call 6300)
[LUI] [LUI trace] Engine.IsHubMode() -> true (call 5800)
[LUI] [LUI trace] Cac.IsCategoryRestrictedByPerk("Primary", "customClasses", 18) -> false (call 300)
[LUI] [LUI trace] Engine.GetItemReferenceFromGUID("0x4600077") -> "specialty_class_infantry_grandmaster" (call 6400)
[DW] bdStorage: executing task '24' (transaction ID: 170)
[DW]: [bdStorage]: set user file: rankedloadouts
[LUI] [LUI trace] Engine.IsHubMode() -> true (call 5900)
[LUI] [LUI trace] Engine.GetItemReferenceFromGUID("0x1019000") -> "stg44_mp" (call 6500)
[LUI] [LUI trace] Engine.GetItemLockState(0, "0x1019000") -> "Unlocked", 0, "" (call 400)
[LUI] [LUI trace] Cac.GetItemGuidLockState(0, "0x1019000") -> "Unlocked", 0, "" (call 400)
[LUI] [LUI trace] Cac.IsItemGuidControlledInRankedPlay("0x1019000") -> true (call 600)
[LUI] [LUI trace] Engine.GetItemGUIDFromReference("stg44_mp") -> "0x1019000" (call 2400)
[LUI] [LUI trace] Engine.IsHubMode() -> true (call 6000)
[LUI] [LUI trace] Cac.GetItemLockState(0, "stg44_mp grip") -> "Unlocked", 0, "" (call 200)
[LUI] [LUI trace] Cac.AllDefaultItemsUnlocked(0) -> false (call 600)
[LUI] [LUI trace] Engine.IsHubMode() -> true (call 6100)
[LUI] [LUI trace] Engine.IsHubMode() -> true (call 6200)
[LUI] [LUI trace] Engine.GetItemReferenceFromGUID("0x1019000") -> "stg44_mp" (call 6600)
[LUI] [LUI trace] Cac.IsItemGuidControlledInRankedPlay("0x1019000") -> true (call 700)
[LUI] [LUI trace] Engine.GetItemLockState(0, "0x1019000") -> "Unlocked", 0, "" (call 500)
[LUI] [LUI trace] Cac.GetItemGuidLockState(0, "0x1019000") -> "Unlocked", 0, "" (call 500)
[LUI] [LUI trace] Engine.GetItemGUIDFromReference("stg44_mp") -> "0x1019000" (call 2500)
[LUI] [LUI trace] Engine.IsHubMode() -> true (call 6300)
[LUI] [LUI trace] Cac.AllDefaultItemsUnlocked(0) -> false (call 700)
[LUI] [LUI trace] Engine.IsHubMode() -> true (call 6400)
[LUI] [LUI trace] Engine.IsGamepadEnabled(nil) -> true (call 1700)
[LUI] [LUI trace] Engine.IsHubMode() -> true (call 6500)
[LUI] [LUI trace] Engine.GetItemReferenceFromGUID("0x1019000") -> "stg44_mp" (call 6700)
[LUI] [LUI trace] Engine.IsHubMode() -> true (call 6600)
[LUI] [LUI trace] Cac.IsItemGuidControlledInRankedPlay("0x1019000") -> true (call 800)
[LUI] [LUI trace] Engine.GetItemLockState(0, "0x1019000") -> "Unlocked", 0, "" (call 600)
[LUI] [LUI trace] Cac.GetItemGuidLockState(0, "0x1019000") -> "Unlocked", 0, "" (call 600)
[LUI] [LUI trace] Engine.GetItemGUIDFromReference("stg44_mp") -> "0x1019000" (call 2600)
[LUI] [LUI trace] Cac.AllDefaultItemsUnlocked(0) -> false (call 800)
[LUI] [LUI trace] Engine.IsHubMode() -> true (call 6700)
[LUI] [LUI trace] Engine.IsHubMode() -> true (call 6800)
[LUI] [LUI trace] Engine.GetItemReferenceFromGUID("0x1019000") -> "stg44_mp" (call 6800)
[LUI] [LUI trace] Engine.IsHubMode() -> true (call 6900)
[LUI] [LUI trace] Cac.IsItemGuidControlledInRankedPlay("0x1019000") -> true (call 900)
[LUI] [LUI trace] Engine.GetItemLockState(0, "0x1019000") -> "Unlocked", 0, "" (call 700)
[LUI] [LUI trace] Cac.GetItemGuidLockState(0, "0x1019000") -> "Unlocked", 0, "" (call 700)
[LUI] [LUI trace] Engine.GetItemGUIDFromReference("stg44_mp") -> "0x1019000" (call 2700)
[LUI] [LUI trace] Cac.AllDefaultItemsUnlocked(0) -> false (call 900)
[LUI] [LUI trace] Engine.IsHubMode() -> true (call 7000)
[LUI] [LUI trace] Engine.IsHubMode() -> true (call 7100)
[LUI] [LUI trace] Engine.GetItemReferenceFromGUID("0x1019000") -> "stg44_mp" (call 6900)
[LUI] [LUI trace] Engine.IsHubMode() -> true (call 7200)
[LUI] [LUI trace] Cac.IsItemGuidControlledInRankedPlay("0x1019000") -> true (call 1000)
[LUI] [LUI trace] Engine.GetItemLockState(0, "0x1019000") -> "Unlocked", 0, "" (call 800)
[LUI] [LUI trace] Cac.GetItemGuidLockState(0, "0x1019000") -> "Unlocked", 0, "" (call 800)
[LUI] [LUI trace] Engine.GetItemGUIDFromReference("stg44_mp") -> "0x1019000" (call 2800)
[LUI] [LUI trace] Engine.IsHubMode() -> true (call 7300)
[LUI] [LUI trace] Cac.AllDefaultItemsUnlocked(0) -> false (call 1000)
[LUI] [LUI trace] Engine.IsHubMode() -> true (call 7400)
[LUI] [LUI trace] Engine.GetItemReferenceFromGUID("0x1019000") -> "stg44_mp" (call 7000)
[LUI] [LUI trace] Engine.IsHubMode() -> true (call 7500)
[LUI] [LUI trace] Engine.IsGamepadEnabled(nil) -> true (call 1800)
[LUI] [LUI trace] Cac.IsItemGuidControlledInRankedPlay("0x1019000") -> true (call 1100)
[LUI] [LUI trace] Engine.IsHubMode() -> true (call 7600)
[LUI] [LUI trace] Engine.GetItemGUIDFromReference("stg44_mp grip") -> "0x0" (call 2900)
[LUI] [LUI trace] Engine.GetItemLockState(0, "0x1019000") -> "Unlocked", 0, "" (call 900)
[LUI] [LUI trace] Cac.GetItemGuidLockState(0, "0x1019000") -> "Unlocked", 0, "" (call 900)
[LUI] [LUI trace] Cac.AllDefaultItemsUnlocked(0) -> false (call 1100)
[LUI] [LUI trace] Engine.IsHubMode() -> true (call 7700)
[LUI] [LUI trace] Engine.GetItemReferenceFromGUID("0x1019000") -> "stg44_mp" (call 7100)
[LUI] [LUI trace] Engine.IsHubMode() -> true (call 7800)
[LUI] [LUI trace] Engine.IsHubMode() -> true (call 7900)
[LUI] [LUI trace] Engine.IsGamepadEnabled(nil) -> true (call 1900)
[LUI] [LUI trace] Cac.GetWeaponAndAttachmentRefFromItemRef("stg44_mp aperture_sight_stg44") -> "stg44_mp", "aperture_sight_stg44" (call 600)
[LUI] [LUI trace] Engine.GetItemGUIDFromReference("stg44_mp") -> "0x1019000" (call 3000)
[LUI] [LUI trace] Cac.IsItemGuidControlledInRankedPlay("0x1019000") -> true (call 1200)
[LUI] [LUI trace] Engine.GetItemLockState(0, "0x1019000") -> "Unlocked", 0, "" (call 1000)
[LUI] [LUI trace] Cac.GetItemGuidLockState(0, "0x1019000") -> "Unlocked", 0, "" (call 1000)
[LUI] [LUI trace] Engine.IsHubMode() -> true (call 8000)
[LUI] [LUI trace] Engine.GetItemReferenceFromGUID("0x1019000") -> "stg44_mp" (call 7200)
[LUI] [LUI trace] Cac.AllDefaultItemsUnlocked(0) -> false (call 1200)
[LUI] [LUI trace] Engine.IsHubMode() -> true (call 8100)
[LUI] [LUI trace] Engine.IsHubMode() -> true (call 8200)
[LUI] [LUI trace] Engine.IsGamepadEnabled(nil) -> true (call 2000)
[LUI] [LUI trace] Engine.IsHubMode() -> true (call 8300)
[LUI] [LUI trace] Engine.GetItemReferenceFromGUID("0x1019000") -> "stg44_mp" (call 7300)
[LUI] [LUI trace] Cac.IsItemGuidControlledInRankedPlay("0x0") -> true (call 1300)
[LUI] [LUI trace] Engine.GetItemGUIDFromReference("stg44_mp") -> "0x1019000" (call 3100)
[LUI] [LUI trace] Engine.GetItemLockState(0, "0x1019000") -> "Unlocked", 0, "" (call 1100)
[LUI] [LUI trace] Cac.GetItemGuidLockState(0, "0x1019000") -> "Unlocked", 0, "" (call 1100)
[LUI] [LUI trace] Engine.IsHubMode() -> true (call 8400)
[LUI] [LUI trace] Cac.AllDefaultItemsUnlocked(0) -> false (call 1300)
[LUI] [LUI trace] Engine.IsHubMode() -> true (call 8500)
[LUI] [LUI trace] Engine.IsHubMode() -> true (call 8600)
[LUI] [LUI trace] Engine.GetItemReferenceFromGUID("0x1019000") -> "stg44_mp" (call 7400)
[LUI] [LUI trace] Cac.GetClassItemLockState("stg44_mp grip", 0, "Primary_Attachment", "customClasses", 18) -> "Unlocked", 0, "" (call 100)
[LUI] [LUI flow] RequestLeaveMenu()
[LUI] [LUI trace] Cac.EquipItem(0, "Primary_Attachment", 2, "customClasses", 18, "grip", function: 00000226A2798EB8) ->  (call 2)
[LUI] [LUI trace] Engine.IsHubMode() -> true (call 8700)
[LUI] [LUI trace] Engine.IsHubMode() -> true (call 8800)
[LUI] [LUI trace] Cac.GetWeaponNameFromLootName("division_infantry") -> "division_infantry" (call 1300)
[LUI] [LUI trace] Engine.GetItemGUIDFromReference("stg44_mp") -> "0x1019000" (call 3200)
[LUI] [LUI trace] Cac.GetWeaponNameFromLootGuid("0x1019000") -> "stg44_mp" (call 1400)
[LUI] [LUI trace] Engine.GetItemReferenceFromGUID("0x46000a4") -> "specialty_class_escalation" (call 7500)
[LUI] [LUI trace] Engine.GetItemReferenceFromGUID("0x1019000") -> "stg44_mp" (call 7600)
[LUI] [LUI trace] Engine.IsHubMode() -> true (call 8900)
[LUI] [LUI trace] Engine.GetItemReferenceFromGUID("0x1007000") -> "frag_grenade_mp" (call 7700)
[LUI] [LUI trace] Engine.GetItemReferenceFromGUID("0x1002000") -> "stun_grenade_mp" (call 7800)
[LUI] [LUI trace] Engine.GetOnlineGame() -> true (call 900)
[LUI] [LUI trace] Cac.IsItemGuidControlledInRankedPlay("0x0") -> true (call 1400)
[LUI] [LUI trace] Engine.IsHubMode() -> true (call 9000)
[LUI] [LUI trace] Cac.IsItemUnlocked(0, "cac") -> true (call 100)
[LUI] [LUI trace] Cac.AllDefaultItemsUnlocked(0) -> false (call 1400)
[LUI] [LUI trace] Engine.GetItemReferenceFromGUID("0x200010") -> "emote_wave" (call 7900)
[LUI] [LUI trace] Cac.GetWeaponAndAttachmentRefFromItemRef("cac") -> nil, nil (call 700)
[LUI] [LUI trace] Engine.GetItemGUIDFromReference("luger_mp") -> "0x102c000" (call 3300)
[LUI] [LUI trace] Engine.GetItemReferenceFromGUID("0x46000a4") -> "specialty_class_escalation" (call 8000)
[LUI] [LUI trace] Engine.IsHubMode() -> true (call 9100)
[LUI] [LUI trace] Engine.IsGamepadEnabled(nil) -> true (call 2100)
[LUI] [LUI trace] Engine.GetItemReferenceFromGUID("0x1007000") -> "frag_grenade_mp" (call 8100)
[LUI] [LUI trace] Engine.IsGamepadEnabled(nil) -> true (call 2200)
[LUI] [LUI trace] Engine.GetItemReferenceFromGUID("0x1019000") -> "stg44_mp" (call 8200)
[LUI] [LUI trace] Cac.GetWeaponNameFromLootName("stg44_mp") -> "stg44_mp" (call 1400)
[LUI] [LUI trace] Cac.GetWeaponNameFromLootGuid("0x1019000") -> "stg44_mp" (call 1500)
[LUI] [LUI flow] RequestAddMenu(cac_edit_attachment)
[LUI] [LUI trace] Engine.IsHubMode() -> true (call 9200)
[LUI] [LUI trace] Engine.IsHubMode() -> true (call 9300)
[LUI] [LUI trace] Engine.GetItemReferenceFromGUID("0x1019000") -> "stg44_mp" (call 8300)
[LUI] [LUI trace] Engine.GetNewItemBreadcrumbState(0, 1930, false) -> false (call 400)
[LUI] [LUI trace] Engine.GetItemGUIDFromReference("aperture_sight_stg44") -> "0x3000670" (call 3400)
[LUI] [LUI trace] Cac.GetUnlockItemRef("stg44_mp aperture_sight_stg44", "Primary_Attachment", "customClasses", 18) -> "stg44_mp aperture_sight_stg44" (call 200)
[LUI] [LUI trace] Engine.Inventory_IsLootItem("0x3000450") -> false (call 300)
[LUI] [LUI trace] Engine.GetItemReferenceFromGUID("0x46000a4") -> "specialty_class_escalation" (call 8400)
[LUI] [LUI trace] Engine.IsHubMode() -> true (call 9400)
[LUI] [LUI trace] Engine.GetItemReferenceFromGUID("0x3000350") -> "grip" (call 8500)
[LUI] [LUI trace] Cac.IsCategoryRestrictedByPerk("Primary", "customClasses", 18) -> false (call 400)
[LUI] [LUI trace] Engine.GetItemReferenceFromGUID("0x46000a4") -> "specialty_class_escalation" (call 8600)
[LUI] [LUI trace] Cac.GetWeaponNameFromLootGuid("0x1019000") -> "stg44_mp" (call 1600)
[LUI] [LUI trace] Engine.GetItemGUIDFromReference("stg44_mp") -> "0x1019000" (call 3500)
[DW] bdStorage: executing task '24' (transaction ID: 171)
[DW]: [bdStorage]: set user file: rankedloadouts
[LUI] [LUI trace] Engine.IsHubMode() -> true (call 9500)
[LUI] [LUI trace] Engine.GetItemLockState(0, "0x1019000") -> "Unlocked", 0, "" (call 1200)
[LUI] [LUI trace] Cac.GetItemGuidLockState(0, "0x1019000") -> "Unlocked", 0, "" (call 1200)
[LUI] [LUI trace] Cac.GetUnlockItemGuidForCategory("Primary", "customClasses", 18) ->  (call 200)
[LUI] [LUI trace] Engine.GetItemReferenceFromGUID("0x3000350") -> "grip" (call 8700)
[LUI] [LUI trace] Engine.IsHubMode() -> true (call 9600)
[LUI] [LUI trace] Cac.IsItemGuidControlledInRankedPlay("0x1019000") -> true (call 1500)
[LUI] [LUI trace] Engine.IsHubMode() -> true (call 9700)
[LUI] [LUI trace] Cac.AllDefaultItemsUnlocked(0) -> false (call 1500)
[LUI] [LUI trace] Engine.Inventory_GetItemCondition("0x102c000") -> 0 (call 400)
[LUI] [LUI trace] Cac.GetLootCondition("0x102c000") -> 1 (call 400)
[LUI] [LUI flow] RequestLeaveMenu()
[LUI] [LUI trace] Cac.EquipItem(0, "Primary_Attachment", 1, "customClasses", 18, "fast_ads", function: 000002262CEF1770) ->  (call 3)
[LUI] [LUI trace] Engine.GetItemReferenceFromGUID("0x3000670") -> "aperture_sight_stg44" (call 8800)
[LUI] [LUI trace] Cac.GetWeaponNameFromLootName("fast_ads") -> "fast_ads" (call 1500)
[LUI] [LUI trace] Engine.IsHubMode() -> true (call 9800)
[LUI] [LUI trace] Engine.IsHubMode() -> true (call 9900)
[LUI] [LUI trace] Engine.GetItemGUIDFromReference("division_infantry") -> "0x80005b" (call 3600)
[LUI] [LUI trace] Engine.GetItemReferenceFromGUID("0x4600077") -> "specialty_class_infantry_grandmaster" (call 8900)
[LUI] [LUI trace] Engine.IsHubMode() -> true (call 10000)
[LUI] [LUI trace] Engine.GetItemReferenceFromGUID("0x4600077") -> "specialty_class_infantry_grandmaster" (call 9000)
[LUI] [LUI trace] Engine.GetItemReferenceFromGUID("0x1002000") -> "stun_grenade_mp" (call 9100)
[LUI] [LUI trace] Engine.GetItemReferenceFromGUID("0x1007000") -> "frag_grenade_mp" (call 9200)
[LUI] [LUI trace] Engine.GetOnlineGame() -> true (call 1000)
[LUI] [LUI trace] Engine.IsHubMode() -> true (call 10100)
[LUI] [LUI trace] Cac.GetWeaponAndAttachmentRefFromItemRef("cac") -> nil, nil (call 800)
[LUI] [LUI trace] Cac.GetItemLockState(0, "cac", nil) -> "Unlocked", 0, "" (call 300)
[LUI] [LUI trace] Engine.GetItemReferenceFromGUID("0x30002f0") -> "fast_ads" (call 9300)
[LUI] [LUI trace] Engine.GetItemGUIDFromReference("stg44_mp") -> "0x1019000" (call 3700)
[LUI] [LUI trace] Engine.IsHubMode() -> true (call 10200)
[LUI] [LUI trace] Engine.GetItemReferenceFromGUID("0x4600077") -> "specialty_class_infantry_grandmaster" (call 9400)
[LUI] [LUI trace] Engine.IsGamepadEnabled(nil) -> true (call 2300)
[LUI] [LUI trace] Cac.GetNextUnlockedDivisionReward(0, "infantry") -> nil (call 5)
[LUI] [LUI trace] Engine.IsHubMode() -> true (call 10300)
[LUI] [LUI trace] Engine.GetItemReferenceFromGUID("0x46000a4") -> "specialty_class_escalation" (call 9500)
[LUI] [LUI trace] Engine.IsGamepadEnabled(nil) -> true (call 2400)
[LUI] [LUI trace] Engine.GetItemReferenceFromGUID("0x46000a4") -> "specialty_class_escalation" (call 9600)
[LUI] [LUI trace] Cac.GetWeaponNameFromLootGuid("0x1019000") -> "stg44_mp" (call 1700)
[LUI] [LUI trace] Cac.GetWeaponNameFromLootName("stg44_mp") -> "stg44_mp" (call 1600)
[LUI] [LUI trace] Engine.GetItemReferenceFromGUID("0x1019000") -> "stg44_mp" (call 9700)
[LUI] [LUI flow] RequestAddMenu(cac_edit_attachment)
[LUI] [LUI trace] Engine.IsHubMode() -> true (call 10400)
[LUI] [LUI trace] Engine.IsHubMode() -> true (call 10500)
[LUI] [LUI trace] Engine.GetItemGUIDFromReference("grip") -> "0x3000350" (call 3800)
[LUI] [LUI trace] Engine.GetItemReferenceFromGUID("0x3000670") -> "aperture_sight_stg44" (call 9800)
[LUI] [LUI trace] Engine.Inventory_GetItemRarity("0x3000450") -> 0 (call 300)
[LUI] [LUI trace] Cac.GetLootRarity("0x3000450") -> 1 (call 300)
[LUI] [LUI trace] Cac.GetWeaponAndAttachmentRefFromItemRef("stg44_mp bayonet_axis") -> "stg44_mp", "bayonet_axis" (call 900)
[LUI] [LUI trace] Engine.GetItemReferenceFromGUID("0x4600077") -> "specialty_class_infantry_grandmaster" (call 9900)
[LUI] [LUI trace] Cac.GetWeaponNameFromLootGuid("0x1019000") -> "stg44_mp" (call 1800)
[LUI] [LUI trace] Engine.GetItemReferenceFromGUID("0x4600077") -> "specialty_class_infantry_grandmaster" (call 10000)
[LUI] [LUI trace] Cac.IsCategoryRestrictedByPerk("Primary_Attachment", "customClasses", 18) -> false (call 500)
[LUI] [LUI trace] Engine.IsHubMode() -> true (call 10600)
[LUI] [LUI trace] Engine.GetItemReferenceFromGUID("0x30002f0") -> "fast_ads" (call 10100)
[LUI] [LUI trace] Engine.GetItemGUIDFromReference("stg44_mp") -> "0x1019000" (call 3900)
[LUI] [LUI trace] Cac.GetWeaponNameFromLootName("stg44_mp") -> "stg44_mp" (call 1700)
[LUI] [LUI trace] Engine.GetItemReferenceFromGUID("0x1019000") -> "stg44_mp" (call 10200)
[DW] bdStorage: executing task '24' (transaction ID: 172)
[DW]: [bdStorage]: set user file: rankedloadouts
[LUI] [LUI trace] Engine.IsHubMode() -> true (call 10700)
[LUI] [LUI trace] Cac.IsItemGuidControlledInRankedPlay("0x1019000") -> true (call 1600)
[LUI] [LUI trace] Engine.IsGamepadEnabled(nil) -> true (call 2500)
[LUI] [LUI trace] Engine.IsHubMode() -> true (call 10800)
[LUI] [LUI trace] Cac.AllDefaultItemsUnlocked(0) -> false (call 1600)
[LUI] [LUI trace] Engine.GetItemLockState(0, "0x1019000") -> "Unlocked", 0, "" (call 1300)
[LUI] [LUI trace] Cac.GetItemGuidLockState(0, "0x1019000") -> "Unlocked", 0, "" (call 1300)
[LUI] [LUI trace] Engine.IsHubMode() -> true (call 10900)
[LUI] [LUI trace] Engine.GetItemReferenceFromGUID("0x1019000") -> "stg44_mp" (call 10300)
[LUI] [LUI trace] Engine.IsHubMode() -> true (call 11000)
[LUI] [LUI trace] Engine.GetItemGUIDFromReference("stg44_mp") -> "0x1019000" (call 4000)
[LUI] [LUI trace] Engine.IsHubMode() -> true (call 11100)
[LUI] [LUI trace] Cac.IsItemGuidControlledInRankedPlay("0x1019000") -> true (call 1700)
[LUI] [LUI trace] Cac.AllDefaultItemsUnlocked(0) -> false (call 1700)
[LUI] [LUI trace] Engine.IsHubMode() -> true (call 11200)
[LUI] [LUI trace] Engine.GetItemLockState(0, "0x1019000") -> "Unlocked", 0, "" (call 1400)
[LUI] [LUI trace] Cac.GetItemGuidLockState(0, "0x1019000") -> "Unlocked", 0, "" (call 1400)
[LUI] [LUI trace] Engine.GetItemReferenceFromGUID("0x1019000") -> "stg44_mp" (call 10400)
[LUI] [LUI trace] Engine.IsHubMode() -> true (call 11300)
[LUI] [LUI trace] Engine.GetItemGUIDFromReference("stg44_mp") -> "0x1019000" (call 4100)
[LUI] [LUI trace] Engine.IsHubMode() -> true (call 11400)
[LUI] [LUI trace] Cac.IsItemGuidControlledInRankedPlay("0x1019000") -> true (call 1800)
[LUI] [LUI trace] Engine.IsGamepadEnabled(nil) -> true (call 2600)
[LUI] [LUI trace] Cac.AllDefaultItemsUnlocked(0) -> false (call 1800)
[LUI] [LUI trace] Engine.IsHubMode() -> true (call 11500)
[LUI] [LUI trace] Engine.GetItemLockState(0, "0x1019000") -> "Unlocked", 0, "" (call 1500)
[LUI] [LUI trace] Cac.GetItemGuidLockState(0, "0x1019000") -> "Unlocked", 0, "" (call 1500)
[LUI] [LUI trace] Engine.GetItemReferenceFromGUID("0x1019000") -> "stg44_mp" (call 10500)
[LUI] [LUI trace] Engine.IsHubMode() -> true (call 11600)
[LUI] [LUI trace] Engine.GetItemGUIDFromReference("stg44_mp") -> "0x1019000" (call 4200)
[LUI] [LUI trace] Engine.IsHubMode() -> true (call 11700)
[LUI] [LUI trace] Cac.IsItemGuidControlledInRankedPlay("0x1019000") -> true (call 1900)
[LUI] [LUI trace] Cac.AllDefaultItemsUnlocked(0) -> false (call 1900)
[LUI] [LUI trace] Engine.IsHubMode() -> true (call 11800)
[LUI] [LUI trace] Engine.GetItemLockState(0, "0x1019000") -> "Unlocked", 0, "" (call 1600)
[LUI] [LUI trace] Cac.GetItemGuidLockState(0, "0x1019000") -> "Unlocked", 0, "" (call 1600)
[LUI] [LUI trace] Engine.GetItemReferenceFromGUID("0x1019000") -> "stg44_mp" (call 10600)
[LUI] [LUI trace] Engine.IsHubMode() -> true (call 11900)
[LUI] [LUI trace] Engine.GetItemGUIDFromReference("stg44_mp") -> "0x1019000" (call 4300)
[LUI] [LUI trace] Engine.IsHubMode() -> true (call 12000)
[LUI] [LUI trace] Cac.IsItemGuidControlledInRankedPlay("0x1019000") -> true (call 2000)
[LUI] [LUI trace] Engine.IsHubMode() -> true (call 12100)
[LUI] [LUI trace] Cac.AllDefaultItemsUnlocked(0) -> false (call 2000)
[LUI] [LUI trace] Engine.GetItemReferenceFromGUID("0x1019000") -> "stg44_mp" (call 10700)
[LUI] [LUI trace] Engine.GetItemLockState(0, "0x1019000") -> "Unlocked", 0, "" (call 1700)
[LUI] [LUI trace] Cac.GetItemGuidLockState(0, "0x1019000") -> "Unlocked", 0, "" (call 1700)
[LUI] [LUI trace] Engine.IsHubMode() -> true (call 12200)
[LUI] [LUI flow] RequestLeaveMenu()
[LUI] [LUI trace] Cac.EquipItem(0, "Primary_Attachment", 3, "customClasses", 18, "head_damage", function: 00000226A28F7A28) ->  (call 4)
[LUI] [LUI trace] Engine.GetItemGUIDFromReference("head_damage") -> "0x3000360" (call 4400)
[LUI] [LUI trace] Cac.PushLootDataToDataModel("Primary_Attachment", {weaponBonusIndex_ZM=0,lootCondition=2,weaponBonusXP_MP=0,unlockMessage=,expirationType=0,statsData={..},...}, {_modelPath=primaryAttachment4,_baseDataSource={..}}, 0) ->  (call 300)
[LUI] [LUI trace] Engine.IsHubMode() -> true (call 12300)
[LUI] [LUI trace] Engine.IsHubMode() -> true (call 12400)
[LUI] [LUI trace] Engine.GetItemReferenceFromGUID("0x80005b") -> "division_infantry" (call 10800)
[LUI] [LUI trace] Engine.GetItemReferenceFromGUID("0x4600077") -> "specialty_class_infantry_grandmaster" (call 10900)
[LUI] [LUI trace] Engine.GetOnlineGame() -> true (call 1100)
[LUI] [LUI trace] Engine.GetItemReferenceFromGUID("0x46000a4") -> "specialty_class_escalation" (call 11000)
[LUI] [LUI trace] Engine.GetItemReferenceFromGUID("0x4600077") -> "specialty_class_infantry_grandmaster" (call 11100)
[LUI] [LUI trace] Engine.IsHubMode() -> true (call 12500)
[LUI] [LUI trace] Engine.GetItemReferenceFromGUID("0x4600077") -> "specialty_class_infantry_grandmaster" (call 11200)
[LUI] [LUI trace] Engine.GetItemLockStateByItemRef(0, "cac") -> "Unlocked", 0, "" (call 200)
[LUI] [LUI trace] Engine.IsHubMode() -> true (call 12600)
[LUI] [LUI trace] Cac.GetWeaponAndAttachmentRefFromItemRef("cac") -> nil, nil (call 1000)
[LUI] [LUI trace] Engine.GetItemGUIDFromReference("stg44_mp") -> "0x1019000" (call 4500)
[LUI] [LUI trace] Engine.GetItemReferenceFromGUID("0x4600077") -> "specialty_class_infantry_grandmaster" (call 11300)
[LUI] [LUI trace] Cac.GetWeaponNameFromLootGuid("0x102c000") -> "luger_mp" (call 1900)
[LUI] [LUI trace] Engine.GetItemReferenceFromGUID("0x4600077") -> "specialty_class_infantry_grandmaster" (call 11400)
[LUI] [LUI trace] Engine.IsHubMode() -> true (call 12700)
[LUI] [LUI trace] Engine.IsGamepadEnabled(nil) -> true (call 2700)
[LUI] [LUI trace] Cac.GetNextUnlockedDivisionReward(0, "infantry") -> nil (call 6)
[LUI] [LUI trace] Engine.GetItemReferenceFromGUID("0x46000a4") -> "specialty_class_escalation" (call 11500)
[LUI] [LUI trace] Cac.GetWeaponNameFromLootName("stg44_mp") -> "stg44_mp" (call 1800)
[LUI] [LUI trace] Engine.GetItemReferenceFromGUID("0x1002000") -> "stun_grenade_mp" (call 11600)
[LUI] [LUI trace] Engine.GetItemGUIDFromReference("stg44_mp") -> "0x1019000" (call 4600)
[LUI] [LUI trace] Cac.GetWeaponNameFromLootGuid("0x1019000") -> "stg44_mp" (call 2000)
[LUI] [LUI trace] Engine.GetItemReferenceFromGUID("0x4600077") -> "specialty_class_infantry_grandmaster" (call 11700)
[LUI] [LUI trace] Engine.IsGamepadEnabled(nil) -> true (call 2800)
[LUI] [LUI trace] Engine.IsHubMode() -> true (call 12800)
[LUI] [LUI trace] Cac.GetWeaponNameFromLootName("stg44_mp") -> "stg44_mp" (call 1900)
[LUI] [LUI flow] RequestAddMenu(cac_edit_attachment)
[LUI] [LUI trace] Engine.GetItemReferenceFromGUID("0x46000a4") -> "specialty_class_escalation" (call 11800)
[LUI] [LUI trace] Engine.IsHubMode() -> true (call 12900)
[LUI] [LUI trace] Engine.GetItemGUIDFromReference("head_damage") -> "0x3000360" (call 4700)
[LUI] [LUI trace] Cac.GetUnlockItemRef("extended_range", "Secondary_Attachment") -> "extended_range" (call 300)
[LUI] [LUI trace] Engine.GetItemReferenceFromGUID("0x46000a4") -> "specialty_class_escalation" (call 11900)
[LUI] [LUI trace] Cac.GetWeaponNameFromLootGuid("0x3001970") -> "tactical_knife" (call 2100)
[LUI] [LUI trace] Cac.IsCategoryRestrictedByPerk("Secondary", "customClasses", 18) -> false (call 600)
[LUI] [LUI trace] Engine.IsHubMode() -> true (call 13000)
[LUI] [LUI trace] Engine.GetItemReferenceFromGUID("0x4600077") -> "specialty_class_infantry_grandmaster" (call 12000)
[DW] bdStorage: executing task '24' (transaction ID: 173)
[DW]: [bdStorage]: set user file: rankedloadouts
[LUI] [LUI trace] Cac.IsItemGuidControlledInRankedPlay("0x102c000") -> true (call 2100)
[LUI] [LUI trace] Engine.IsHubMode() -> true (call 13100)
[LUI] [LUI trace] Cac.AllDefaultItemsUnlocked(0) -> false (call 2100)
[LUI] [LUI trace] Engine.GetItemGUIDFromReference("luger_mp") -> "0x102c000" (call 4800)
[LUI] [LUI trace] Engine.GetItemReferenceFromGUID("0x102c000") -> "luger_mp" (call 12100)
[LUI] [LUI trace] Engine.IsHubMode() -> true (call 13200)
[LUI] [LUI trace] Engine.IsGamepadEnabled(nil) -> true (call 2900)
[LUI] [LUI trace] Engine.IsHubMode() -> true (call 13300)
[LUI] [LUI trace] Engine.GetItemLockState(0, "0x102c000") -> "Unlocked", 0, "" (call 1800)
[LUI] [LUI trace] Cac.GetItemGuidLockState(0, "0x102c000") -> "Unlocked", 0, "" (call 1800)
[LUI] [LUI trace] Engine.IsHubMode() -> true (call 13400)
[LUI] [LUI trace] Cac.IsItemGuidControlledInRankedPlay("0x102c000") -> true (call 2200)
[LUI] [LUI trace] Engine.GetItemReferenceFromGUID("0x102c000") -> "luger_mp" (call 12200)
[LUI] [LUI trace] Cac.AllDefaultItemsUnlocked(0) -> false (call 2200)
[LUI] [LUI trace] Engine.IsHubMode() -> true (call 13500)
[LUI] [LUI trace] Engine.GetItemGUIDFromReference("shovel_mp") -> "0x1052000" (call 4900)
[LUI] [LUI flow] RequestLeaveMenu()
[LUI] [LUI trace] Cac.EquipItem(0, "Secondary_Attachment", 0, "customClasses", 18, "hipfire", function: 00000226A2149E50) ->  (call 5)
[LUI] [LUI trace] Engine.Inventory_GetItemCondition("0x102c000") -> 0 (call 500)
[LUI] [LUI trace] Cac.GetLootCondition("0x102c000") -> 1 (call 500)
[LUI] [LUI trace] Engine.IsHubMode() -> true (call 13600)
[LUI] [LUI trace] Engine.IsHubMode() -> true (call 13700)
[LUI] [LUI trace] Engine.GetOnlineGame() -> true (call 1200)
[LUI] [LUI trace] Cac.GetWeaponNameFromLootName("stg44_mp") -> "stg44_mp" (call 2000)
[LUI] [LUI trace] Engine.GetItemReferenceFromGUID("0x4600077") -> "specialty_class_infantry_grandmaster" (call 12300)
[LUI] [LUI trace] Engine.GetItemReferenceFromGUID("0x46000a4") -> "specialty_class_escalation" (call 12400)
[LUI] [LUI trace] Engine.IsHubMode() -> true (call 13800)
[LUI] [LUI trace] Engine.GetItemReferenceFromGUID("0x1007000") -> "frag_grenade_mp" (call 12500)
[LUI] [LUI trace] Engine.GetItemReferenceFromGUID("0x4600077") -> "specialty_class_infantry_grandmaster" (call 12600)
[LUI] [LUI trace] Engine.GetItemReferenceFromGUID("0x46000a4") -> "specialty_class_escalation" (call 12700)
[LUI] [LUI trace] Engine.GetNewItemBreadcrumbState(0, 361, false) -> false (call 500)
[LUI] [LUI trace] Cac.GetWeaponAndAttachmentRefFromItemRef("cac") -> nil, nil (call 1100)
[LUI] [LUI trace] Engine.IsHubMode() -> true (call 13900)
[LUI] [LUI trace] Cac.IsItemUnlocked(0, "cac") -> true (call 200)
[LUI] [LUI trace] Cac.GetItemLockState(0, "cac", nil) -> "Unlocked", 0, "" (call 400)
[LUI] [LUI trace] Engine.GetItemGUIDFromReference("cac") -> "0x0" (call 5000)
[LUI] [LUI trace] Engine.GetItemReferenceFromGUID("0x30002f0") -> "fast_ads" (call 12800)
[LUI] [LUI trace] Engine.IsHubMode() -> true (call 14000)
[LUI] [LUI trace] Cac.GetWeaponNameFromLootGuid("0x1019000") -> "stg44_mp" (call 2200)
[LUI] [LUI trace] Engine.GetItemReferenceFromGUID("0x1019000") -> "stg44_mp" (call 12900)
[LUI] [LUI trace] Engine.IsGamepadEnabled(nil) -> true (call 3000)
[LUI] [LUI trace] Cac.GetNextUnlockedDivisionReward(0, "infantry") -> nil (call 7)
[LUI] [LUI trace] Engine.GetItemReferenceFromGUID("0x1002000") -> "stun_grenade_mp" (call 13000)
[LUI] [LUI trace] Cac.GetWeaponNameFromLootName("stg44_mp") -> "stg44_mp" (call 2100)
[LUI] [LUI trace] Engine.GetItemReferenceFromGUID("0x1002000") -> "stun_grenade_mp" (call 13100)
[LUI] [LUI trace] Engine.IsHubMode() -> true (call 14100)
[LUI] [LUI trace] Engine.GetItemGUIDFromReference("stg44_mp") -> "0x1019000" (call 5100)
[LUI] [LUI trace] Engine.IsGamepadEnabled(nil) -> true (call 3100)
[LUI] [LUI trace] Cac.GetWeaponNameFromLootGuid("0x1019000") -> "stg44_mp" (call 2300)
[LUI] [LUI trace] Engine.GetItemReferenceFromGUID("0x1019000") -> "stg44_mp" (call 13200)
[LUI] [LUI trace] Engine.GetItemReferenceFromGUID("0x1019000") -> "stg44_mp" (call 13300)
[LUI] [LUI trace] Cac.GetWeaponNameFromLootName("stg44_mp") -> "stg44_mp" (call 2200)
[LUI] [LUI trace] Engine.IsGamepadEnabled(nil) -> true (call 3200)
[LUI] [LUI trace] Engine.GetItemGUIDFromReference("stg44_mp") -> "0x1019000" (call 5200)
[LUI] [LUI trace] Engine.GetItemReferenceFromGUID("0x46000a4") -> "specialty_class_escalation" (call 13400)
[LUI] [LUI trace] Cac.GetWeaponNameFromLootGuid("0x1019000") -> "stg44_mp" (call 2400)
[LUI] [LUI trace] Engine.IsHubMode() -> true (call 14200)
[LUI] [LUI trace] Engine.GetItemReferenceFromGUID("0x46000a4") -> "specialty_class_escalation" (call 13500)
[LUI] [LUI trace] Cac.GetWeaponNameFromLootName("stg44_mp") -> "stg44_mp" (call 2300)
[LUI] [LUI flow] RequestAddMenu(cac_edit_attachment)
[LUI] [LUI trace] Engine.GetItemReferenceFromGUID("0x4600077") -> "specialty_class_infantry_grandmaster" (call 13600)
[LUI] [LUI trace] Engine.IsHubMode() -> true (call 14300)
[LUI] [LUI trace] Engine.GetItemGUIDFromReference("luger_mp head_damage") -> "0x0" (call 5300)
[LUI] [LUI trace] Engine.GetItemReferenceFromGUID("0x3000370") -> "hipfire" (call 13700)
[LUI] [LUI trace] Engine.IsHubMode() -> true (call 14400)
[LUI] [LUI trace] Cac.GetWeaponNameFromLootGuid("0x102c000") -> "luger_mp" (call 2500)
[LUI] [LUI trace] Engine.GetItemReferenceFromGUID("0x30002f0") -> "fast_ads" (call 13800)
[LUI] [LUI trace] Cac.IsCategoryRestrictedByPerk("Secondary_Attachment", "customClasses", 18) -> false (call 700)
[LUI] [LUI trace] Cac.GetWeaponAndAttachmentRefFromItemRef("luger_mp hipfire") -> "luger_mp", "hipfire" (call 1200)
[DW] bdStorage: executing task '24' (transaction ID: 174)
[DW]: [bdStorage]: set user file: rankedloadouts
[LUI] [LUI trace] Engine.IsGamepadEnabled(nil) -> true (call 3300)
[LUI] [LUI trace] Engine.IsHubMode() -> true (call 14500)
[LUI] [LUI trace] Cac.IsItemGuidControlledInRankedPlay("0x102c000") -> true (call 2300)
[LUI] [LUI trace] Engine.GetItemReferenceFromGUID("0x102c000") -> "luger_mp" (call 13900)
[LUI] [LUI trace] Engine.GetItemGUIDFromReference("luger_mp") -> "0x102c000" (call 5400)
[LUI] [LUI trace] Cac.AllDefaultItemsUnlocked(0) -> false (call 2300)
[LUI] [LUI trace] Engine.IsHubMode() -> true (call 14600)
[LUI] [LUI trace] Engine.GetItemLockState(0, "0x3000360") -> "Unlocked", 0, "" (call 1900)
[LUI] [LUI trace] Cac.GetItemGuidLockState(0, "0x3000360") -> "Unlocked", 0, "" (call 1900)
[LUI] [LUI trace] Engine.Inventory_IsLootItem("0x3000360") -> false (call 400)
[LUI] [LUI trace] Engine.IsHubMode() -> true (call 14700)
[LUI] [LUI trace] Engine.IsHubMode() -> true (call 14800)
[LUI] [LUI trace] Cac.IsItemGuidControlledInRankedPlay("0x102c000") -> true (call 2400)
[LUI] [LUI trace] Engine.GetItemReferenceFromGUID("0x102c000") -> "luger_mp" (call 14000)
[LUI] [LUI trace] Cac.AllDefaultItemsUnlocked(0) -> false (call 2400)
[LUI] [LUI trace] Engine.IsHubMode() -> true (call 14900)
[LUI] [LUI trace] Engine.IsGamepadEnabled(nil) -> true (call 3400)
[LUI] [LUI trace] Engine.GetItemGUIDFromReference("luger_mp") -> "0x102c000" (call 5500)
[LUI] [LUI trace] Engine.GetItemLockState(0, "0x102c000") -> "Unlocked", 0, "" (call 2000)
[LUI] [LUI trace] Cac.GetItemGuidLockState(0, "0x102c000") -> "Unlocked", 0, "" (call 2000)
[LUI] [LUI flow] RequestLeaveMenu()
[LUI] [LUI trace] Engine.GetOnlineGame() -> true (call 1300)
[LUI] [LUI trace] Engine.IsHubMode() -> true (call 15000)
[LUI] [LUI trace] Engine.IsHubMode() -> true (call 15100)
[LUI] [LUI trace] Engine.IsHubMode() -> true (call 15200)
[LUI] [LUI trace] Engine.GetItemReferenceFromGUID("0x46000a4") -> "specialty_class_escalation" (call 14100)
[LUI] [LUI trace] Engine.GetItemReferenceFromGUID("0x1019000") -> "stg44_mp" (call 14200)
[LUI] [LUI trace] Engine.GetItemReferenceFromGUID("0x1007000") -> "frag_grenade_mp" (call 14300)
[LUI] [LUI trace] Engine.GetItemReferenceFromGUID("0x1002000") -> "stun_grenade_mp" (call 14400)
[LUI] [LUI trace] Engine.IsHubMode() -> true (call 15300)
[LUI] [LUI trace] Engine.GetItemGUIDFromReference("cac") -> "0x0" (call 5600)
[LUI] [LUI trace] Engine.GetItemReferenceFromGUID("0x20000e") -> "emote_salute" (call 14500)
[LUI] [LUI trace] Engine.IsHubMode() -> true (call 15400)
[LUI] [LUI trace] Cac.GetWeaponNameFromLootName("stg44_mp") -> "stg44_mp" (call 2400)
[LUI] [LUI trace] Engine.GetItemReferenceFromGUID("0x46000a4") -> "specialty_class_escalation" (call 14600)
[LUI] [LUI trace] Engine.GetOnlineGame() -> true (call 1400)
[LUI] [LUI trace] Cac.GetWeaponNameFromLootGuid("0x1019000") -> "stg44_mp" (call 2600)
[LUI] [LUI trace] Engine.GetItemReferenceFromGUID("0x46000a4") -> "specialty_class_escalation" (call 14700)
[LUI] [LUI trace] Engine.IsHubMode() -> true (call 15500)
[LUI] [LUI trace] Engine.GetItemReferenceFromGUID("0x46000a4") -> "specialty_class_escalation" (call 14800)
[LUI] [LUI trace] Engine.IsGamepadEnabled(nil) -> true (call 3500)
[LUI] [LUI trace] Engine.Inventory_IsEntitlementItem("0x1007000") -> false (call 3)
[LUI] [LUI trace] Engine.Inventory_IsEntitlementItem("0x1050000") -> false (call 4)
[LUI] [LUI trace] Engine.GetItemGUIDFromReference("semtex_mp") -> "0x1050000" (call 5700)
[LUI] [LUI trace] Engine.Inventory_IsEntitlementItem("0x1034000") -> false (call 5)
[LUI] [LUI trace] Engine.Inventory_IsEntitlementItem("0x100a000") -> false (call 6)
[LUI] [LUI trace] Engine.Inventory_IsEntitlementItem("0x103a000") -> false (call 7)
[LUI] [LUI trace] Engine.Inventory_IsEntitlementItem("0x1002000") -> false (call 8)
[LUI] [LUI trace] Engine.GetItemLockStateByItemRef(0, "tabun_grenade_mp") -> "Locked", 2, "Available at First Sergeant I ^>(Rank 29)^7." (call 300)
[LUI] [LUI trace] Engine.GetItemReferenceFromGUID("0x46000a4") -> "specialty_class_escalation" (call 14900)
[LUI] [LUI trace] Cac.GetWeaponNameFromLootName("stg44_mp") -> "stg44_mp" (call 2500)
[LUI] [LUI trace] Engine.GetItemReferenceFromGUID("0x4600077") -> "specialty_class_infantry_grandmaster" (call 15000)
[LUI] [LUI trace] Cac.GetWeaponAndAttachmentRefFromItemRef("semtex_mp") -> nil, nil (call 1300)
[LUI] [LUI trace] Engine.GetItemGUIDFromReference("stg44_mp") -> "0x1019000" (call 5800)
[LUI] [LUI trace] Cac.GetWeaponNameFromLootGuid("0x1019000") -> "stg44_mp" (call 2700)
[LUI] [LUI trace] Engine.IsHubMode() -> true (call 15600)
[LUI] [LUI trace] Engine.GetItemReferenceFromGUID("0x46000a4") -> "specialty_class_escalation" (call 15100)
[LUI] [LUI trace] Engine.GetItemReferenceFromGUID("0x1007000") -> "frag_grenade_mp" (call 15200)
[LUI] [LUI trace] Engine.IsGamepadEnabled(nil) -> true (call 3600)
[LUI] [LUI trace] Engine.GetItemGUIDFromReference("stg44_mp") -> "0x1019000" (call 5900)
[LUI] [LUI trace] Cac.GetWeaponNameFromLootName("stg44_mp") -> "stg44_mp" (call 2600)
[LUI] [LUI trace] Cac.GetWeaponNameFromLootGuid("0x1019000") -> "stg44_mp" (call 2800)
[LUI] [LUI trace] Engine.GetItemReferenceFromGUID("0x1019000") -> "stg44_mp" (call 15300)
[LUI] [LUI trace] Engine.GetItemGUIDFromReference("stg44_mp") -> "0x1019000" (call 6000)
[LUI] [LUI trace] Engine.GetItemReferenceFromGUID("0x1019000") -> "stg44_mp" (call 15400)
[LUI] [LUI trace] Cac.GetWeaponNameFromLootName("stg44_mp") -> "stg44_mp" (call 2700)
[LUI] [LUI trace] Cac.GetWeaponNameFromLootGuid("0x1019000") -> "stg44_mp" (call 2900)
[LUI] [LUI trace] Engine.GetItemReferenceFromGUID("0x46000a4") -> "specialty_class_escalation" (call 15500)
[LUI] [LUI trace] Engine.IsHubMode() -> true (call 15700)
[LUI] [LUI trace] Engine.IsGamepadEnabled(nil) -> true (call 3700)
[LUI] [LUI trace] Engine.GetItemReferenceFromGUID("0x1019000") -> "stg44_mp" (call 15600)
[LUI] [LUI trace] Cac.GetNextUnlockedDivisionReward(0, "infantry") -> nil (call 8)
[LUI] [LUI trace] Engine.GetItemReferenceFromGUID("0x46000a4") -> "specialty_class_escalation" (call 15700)
[LUI] [LUI trace] Engine.GetItemGUIDFromReference("stg44_mp") -> "0x1019000" (call 6100)
[LUI] [LUI trace] Engine.GetItemReferenceFromGUID("0x46000a4") -> "specialty_class_escalation" (call 15800)
[LUI] [LUI trace] Engine.IsGamepadEnabled(nil) -> true (call 3800)
[LUI] [LUI trace] Engine.IsHubMode() -> true (call 15800)
[LUI] [LUI trace] Cac.GetWeaponNameFromLootName("stg44_mp") -> "stg44_mp" (call 2800)
[LUI] [LUI trace] Cac.GetWeaponNameFromLootGuid("0x1019000") -> "stg44_mp" (call 3000)
[LUI] [LUI trace] Engine.GetItemReferenceFromGUID("0x46000a4") -> "specialty_class_escalation" (call 15900)
[LUI] [LUI trace] Engine.GetItemReferenceFromGUID("0x46000a4") -> "specialty_class_escalation" (call 16000)
[LUI] [LUI trace] Engine.GetItemGUIDFromReference("stg44_mp") -> "0x1019000" (call 6200)
[LUI] [LUI trace] Engine.GetItemReferenceFromGUID("0x46000a4") -> "specialty_class_escalation" (call 16100)
[LUI] [LUI trace] Engine.IsGamepadEnabled(nil) -> true (call 3900)
[LUI] [LUI trace] Engine.GetItemReferenceFromGUID("0x1052000") -> "shovel_mp" (call 16200)
[LUI] [LUI trace] Engine.IsHubMode() -> true (call 15900)
[LUI] [LUI trace] Cac.GetWeaponNameFromLootName("luger_mp") -> "luger_mp" (call 2900)
[LUI] [LUI trace] Engine.GetItemReferenceFromGUID("0x46000a3") -> "specialty_class_blitzkrieg" (call 16300)
[LUI] [LUI trace] Cac.GetWeaponNameFromLootGuid("0x1017000") -> "winchester1897_mp" (call 3100)
[LUI] [LUI trace] Engine.IsHubMode() -> true (call 16000)
[LUI] [LUI trace] Engine.GetItemReferenceFromGUID("0x4600098") -> "specialty_class_commando_enlisted" (call 16400)
[LUI] [LUI trace] Engine.Inventory_GetItemCollectionID("0x0") -> 0 (call 300)
[LUI] [LUI trace] Engine.IsHubMode() -> true (call 16100)
[LUI] [LUI trace] Engine.GetItemReferenceFromGUID("0x4600098") -> "specialty_class_commando_enlisted" (call 16500)
[LUI] [LUI trace] Engine.IsHubMode() -> true (call 16200)
[LUI] [LUI trace] Engine.GetItemReferenceFromGUID("0x1093000") -> "s2_tactical_insertion_cavalry_mp" (call 16600)
[LUI] [LUI trace] Engine.GetItemGUIDFromReference("shovel_mp") -> "0x1052000" (call 6300)
[LUI] [LUI trace] Cac.GetItemLockState(0, "emote_salute") -> "Unlocked", 0, "" (call 500)
[LUI] [LUI trace] Cac.IsItemGuidControlledInRankedPlay("0x20000f") -> false (call 2500)
[LUI] [LUI trace] Engine.IsHubMode() -> true (call 16300)
[LUI] [LUI trace] Engine.GetItemReferenceFromGUID("0x1007000") -> "frag_grenade_mp" (call 16700)
[LUI] [LUI trace] Engine.GetItemReferenceFromGUID("0x4600077") -> "specialty_class_infantry_grandmaster" (call 16800)
[LUI] [LUI trace] Engine.Inventory_GetItemCondition("0x3000360") -> 1 (call 600)
[LUI] [LUI trace] Cac.GetLootCondition("0x3000360") -> 2 (call 600)
[LUI] [LUI trace] Cac.GetUnlockItemGuidForCategory("Primary", "customClasses", 18) ->  (call 300)
[LUI] [LUI trace] Engine.GetItemReferenceFromGUID("0x1019000") -> "stg44_mp" (call 16900)
[LUI] [LUI trace] Engine.Inventory_GetItemExpirationType(0, "0x1019000") -> 0 (call 200)
[LUI] [LUI trace] Engine.Inventory_GetItemRarity("0x1019000") -> -1 (call 400)
[LUI] [LUI trace] Cac.GetLootRarity("0x1019000") -> 1 (call 400)
[LUI] [LUI trace] Engine.GetOnlineGame() -> true (call 1500)
[LUI] [LUI trace] Cac.GetWeaponNameFromLootName("luger_mp") -> "luger_mp" (call 3000)
[LUI] [LUI trace] Engine.IsHubMode() -> true (call 16400)
[LUI] [LUI trace] Engine.GetItemReferenceFromGUID("0x1002000") -> "stun_grenade_mp" (call 17000)
[LUI] [LUI trace] Engine.GetItemGUIDFromReference("aperture_sight_stg44") -> "0x3000670" (call 6400)
[LUI] [LUI trace] Engine.GetItemReferenceFromGUID("0x1019000") -> "stg44_mp" (call 17100)
[LUI] [LUI trace] Cac.GetWeaponNameFromLootGuid("0x3000350") -> "grip" (call 3200)
[LUI] [LUI trace] Engine.GetNewItemBreadcrumbState(0, 1930, false) -> false (call 600)
[LUI] [LUI trace] Cac.GetWeaponAndAttachmentRefFromItemRef("stg44_mp head_damage") -> "stg44_mp", "head_damage" (call 1400)
[LUI] [LUI trace] Cac.GetUnlockItemRefForController("none", "Primary_Reticle", "customClasses", 18, 0) -> "none" (call 300)
[LUI] [LUI trace] Engine.IsHubMode() -> true (call 16500)
[LUI] [LUI trace] Cac.PushLootDataToDataModel("Primary_Charm", {weaponBonusIndex_ZM=0,lootCondition=2,weaponBonusXP_MP=0,expirationType=0,image=s1_cao_image_none,lootName=charm_none,...}, {_modelPath=primaryCharm,_baseDataSource={..}}, 0) ->  (call 400)
[LUI] [LUI trace] Cac.AllDefaultItemsUnlocked(0) -> false (call 2500)
[LUI] [LUI trace] Engine.GetItemReferenceFromGUID("0x30002f0") -> "fast_ads" (call 17200)
[LUI] [LUI trace] Engine.GetItemGUIDFromReference("luger_mp") -> "0x102c000" (call 6500)
[LUI] [LUI trace] Engine.IsHubMode() -> true (call 16600)
[LUI] [LUI trace] Engine.GetItemReferenceFromGUID("0x4600077") -> "specialty_class_infantry_grandmaster" (call 17300)
[LUI] [LUI trace] Engine.Inventory_IsLootItem("0x1002000") -> false (call 500)
[LUI] [LUI trace] Engine.IsHubMode() -> true (call 16700)
[LUI] [LUI trace] Engine.GetItemReferenceFromGUID("0x200005") -> "emote_high_five" (call 17400)
[LUI] [LUI trace] Engine.GetItemReferenceFromGUID("0x420001b") -> "paratroopers" (call 17500)
[LUI] [LUI trace] Engine.GetItemReferenceFromGUID("0x4600069") -> "specialty_class_saboteur" (call 17600)
[LUI] [LUI trace] Engine.IsHubMode() -> true (call 16800)
[LUI] [LUI trace] Engine.GetItemReferenceFromGUID("0x4600069") -> "specialty_class_saboteur" (call 17700)
[LUI] [LUI trace] Cac.GetWeaponNameFromLootName("luger_mp") -> "luger_mp" (call 3100)
[LUI] [LUI trace] Engine.GetItemReferenceFromGUID("0x1007000") -> "frag_grenade_mp" (call 17800)
[LUI] [LUI trace] Engine.Inventory_GetItemCollectionID("0x0") -> 0 (call 400)
[LUI] [LUI trace] Engine.IsHubMode() -> true (call 16900)
[LUI] [LUI trace] Engine.GetItemGUIDFromReference("specialty_class_resistance_expert") -> "0x4600093" (call 6600)
[LUI] [LUI trace] Cac.GetWeaponNameFromLootGuid("0x4600093") -> "specialty_class_resistance_expert" (call 3300)
[LUI] [LUI trace] Engine.GetItemReferenceFromGUID("0x4600069") -> "specialty_class_saboteur" (call 17900)
[LUI] [LUI trace] Engine.IsHubMode() -> true (call 17000)
[LUI] [LUI trace] Engine.GetOnlineGame() -> true (call 1600)
[LUI] [LUI trace] Engine.GetItemReferenceFromGUID("0x1007000") -> "frag_grenade_mp" (call 18000)
[LUI] [LUI trace] Engine.Inventory_GetItemCondition("0x4600069") -> 1 (call 700)
[LUI] [LUI trace] Cac.GetLootCondition("0x4600069") -> 2 (call 700)
[LUI] [LUI trace] Engine.GetItemReferenceFromGUID("0x1002000") -> "stun_grenade_mp" (call 18100)
[LUI] [LUI trace] Engine.IsHubMode() -> true (call 17100)
[LUI] [LUI trace] Engine.GetItemReferenceFromGUID("0x3000370") -> "hipfire" (call 18200)
[LUI] [LUI trace] Engine.GetItemReferenceFromGUID("0x4600077") -> "specialty_class_infantry_grandmaster" (call 18300)
[LUI] [LUI trace] Engine.IsHubMode() -> true (call 17200)
[LUI] [LUI trace] Engine.GetItemReferenceFromGUID("0x1019000") -> "stg44_mp" (call 18400)
[LUI] [LUI trace] Engine.Inventory_GetItemRarity("0x3000360") -> 0 (call 500)
[LUI] [LUI trace] Cac.GetLootRarity("0x3000360") -> 1 (call 500)
[LUI] [LUI trace] Cac.GetClassItemLockState("stg44_mp head_damage", 0, "Primary_Attachment", "customClasses", 18) -> "Unlocked", 0, "" (call 200)
[LUI] [LUI trace] Cac.GetUnlockItemRefForController("fast_ads", "Primary_Attachment", "customClasses", 18, 0) -> "fast_ads" (call 400)
[LUI] [LUI trace] Cac.PushLootDataToDataModel("Primary_Attachment", {weaponBonusIndex_ZM=0,lootCondition=2,weaponBonusXP_MP=0,unlockMessage=,expirationType=0,statsData={..},...}, {_modelPath=primaryAttachment2,_baseDataSource={..}}, 0) ->  (call 500)
[LUI] [LUI trace] Engine.GetItemGUIDFromReference("aperture_sight_stg44") -> "0x3000670" (call 6700)
[LUI] [LUI trace] Engine.GetItemReferenceFromGUID("0x46000a4") -> "specialty_class_escalation" (call 18500)
[LUI] [LUI trace] Engine.IsHubMode() -> true (call 17300)
[LUI] [LUI trace] Engine.GetItemReferenceFromGUID("0x1019000") -> "stg44_mp" (call 18600)
[LUI] [LUI trace] Cac.GetWeaponNameFromLootName("fast_ads") -> "fast_ads" (call 3200)
[LUI] [LUI trace] Cac.GetUnlockItemGuidForCategoryForController("Primary", "customClasses", 18, 0) ->  (call 200)
[LUI] [LUI trace] Cac.GetWeaponNameFromLootGuid("0x1019000") -> "stg44_mp" (call 3400)
[LUI] [LUI trace] Cac.GetUnlockItemRef("stg44_mp head_damage", "Primary_Attachment", "customClasses", 18) -> "stg44_mp head_damage" (call 400)
[LUI] [LUI trace] Engine.GetItemReferenceFromGUID("0x3000370") -> "hipfire" (call 18700)
[LUI] [LUI trace] Cac.GetWeaponAndAttachmentRefFromItemRef("luger_mp hipfire") -> "luger_mp", "hipfire" (call 1500)
[LUI] [LUI trace] Engine.GetItemGUIDFromReference("hipfire") -> "0x3000370" (call 6800)
[LUI] [LUI trace] Engine.IsHubMode() -> true (call 17400)
[LUI] [LUI trace] Engine.Inventory_IsLootItem("0x7000001") -> false (call 600)
[LUI] [LUI trace] Engine.GetItemReferenceFromGUID("0x4600077") -> "specialty_class_infantry_grandmaster" (call 18800)
[LUI] [LUI trace] Engine.IsHubMode() -> true (call 17500)
[LUI] [LUI trace] Engine.GetItemReferenceFromGUID("0x4200018") -> "fighter_strike" (call 18900)
[LUI] [LUI trace] Engine.IsGamepadEnabled(nil) -> true (call 4000)
[LUI] [LUI trace] Engine.IsHubMode() -> true (call 17600)
[LUI] [LUI trace] Engine.GetOnlineGame() -> true (call 1700)
[LUI] [LUI trace] Engine.GetItemReferenceFromGUID("0x20000e") -> "emote_salute" (call 19000)
[LUI] [LUI trace] Engine.Inventory_GetItemCondition("0x1091000") -> 0 (call 800)
[LUI] [LUI trace] Cac.GetLootCondition("0x1091000") -> 1 (call 800)
[LUI] [LUI trace] Engine.GetItemReferenceFromGUID("0x4600095") -> "specialty_class_grenadier_enlisted" (call 19100)
[LUI] [LUI trace] Engine.GetItemGUIDFromReference("m1941_mp") -> "0x1031000" (call 6900)
[LUI] [LUI trace] Engine.Inventory_GetItemCollectionID("0x1091000") -> 0 (call 500)
[LUI] [LUI trace] Engine.IsHubMode() -> true (call 17700)
[LUI] [LUI trace] Engine.GetItemReferenceFromGUID("0x1031000") -> "m1941_mp" (call 19200)
[LUI] [LUI trace] Engine.GetItemReferenceFromGUID("0x4600095") -> "specialty_class_grenadier_enlisted" (call 19300)
[LUI] [LUI trace] Engine.IsHubMode() -> true (call 17800)
[LUI] [LUI trace] Cac.GetWeaponNameFromLootName("charm_none") -> "charm_none" (call 3300)
[LUI] [LUI trace] Cac.GetWeaponNameFromLootGuid("0x7000001") -> "charm_none" (call 3500)
[LUI] [LUI trace] Cac.PushLootDataToDataModel("Perk_Slot1", nil, {_modelPath=perkA2,_baseDataSource={..}}, 0) ->  (call 600)
[LUI] [LUI trace] Cac.IsItemGuidControlledInRankedPlay("0x46000a4") -> true (call 2600)
[LUI] [LUI trace] Engine.IsHubMode() -> true (call 17900)
[LUI] [LUI trace] Cac.GetUnlockItemRefForController("none", "Perk_Slot3", "customClasses", 16, 0) -> "none" (call 500)
[LUI] [LUI trace] Engine.Inventory_GetItemRarity("0x200005") -> -1 (call 600)
[LUI] [LUI trace] Cac.GetLootRarity("0x200005") -> 1 (call 600)
[LUI] [LUI trace] Engine.IsHubMode() -> true (call 18000)
[LUI] [LUI trace] Engine.GetItemReferenceFromGUID("0x46000a4") -> "specialty_class_escalation" (call 19400)
[LUI] [LUI trace] Engine.GetItemReferenceFromGUID("0x460007b") -> "specialty_class_mountain_enlisted" (call 19500)
[LUI] [LUI trace] Engine.GetItemGUIDFromReference("leeenfield_mp") -> "0x1025000" (call 7000)
[LUI] [LUI trace] Engine.GetItemReferenceFromGUID("0x1025000") -> "leeenfield_mp" (call 19600)
[LUI] [LUI trace] Engine.Inventory_GetItemExpirationType(0, "0x80005D") -> 0 (call 300)
[LUI] [LUI trace] Engine.IsHubMode() -> true (call 18100)
[LUI] [LUI trace] Engine.GetOnlineGame() -> true (call 1800)
[LUI] [LUI trace] Engine.GetItemReferenceFromGUID("0x460007b") -> "specialty_class_mountain_enlisted" (call 19700)
[LUI] [LUI trace] Engine.IsHubMode() -> true (call 18200)
[LUI] [LUI trace] Engine.GetItemReferenceFromGUID("0x4600071") -> "specialty_class_espionage" (call 19800)
[LUI] [LUI trace] Engine.IsHubMode() -> true (call 18300)
[LUI] [LUI trace] Engine.GetItemReferenceFromGUID("0x1002000") -> "stun_grenade_mp" (call 19900)
[LUI] [LUI trace] Engine.GetNewItemBreadcrumbState(0, 1128, false) -> false (call 700)
[LUI] [LUI trace] Cac.AllDefaultItemsUnlocked(0) -> false (call 2600)
[LUI] [LUI trace] Engine.GetItemGUIDFromReference("emote_high_five") -> "0x200005" (call 7100)
[LUI] [LUI trace] Engine.Inventory_GetItemCollectionID("0x200005") -> 0 (call 600)
[LUI] [LUI trace] Engine.Inventory_IsLootItem("0x200010") -> false (call 700)
[LUI] [LUI trace] Engine.IsHubMode() -> true (call 18400)
[LUI] [LUI trace] Engine.GetItemReferenceFromGUID("0x1002000") -> "stun_grenade_mp" (call 20000)
[LUI] [LUI trace] Engine.GetItemReferenceFromGUID("0x4600098") -> "specialty_class_commando_enlisted" (call 20100)
[LUI] [LUI trace] Cac.GetWeaponNameFromLootName("walther_mp") -> "walther_mp" (call 3400)
[LUI] [LUI trace] Cac.GetWeaponNameFromLootGuid("0x1021000") -> "walther_mp" (call 3600)
[LUI] [LUI trace] Engine.IsHubMode() -> true (call 18500)
[LUI] [LUI trace] Engine.Inventory_GetItemCondition("0x1021000") -> 0 (call 900)
[LUI] [LUI trace] Cac.GetLootCondition("0x1021000") -> 1 (call 900)
[LUI] [LUI trace] Engine.GetItemReferenceFromGUID("0x1021000") -> "walther_mp" (call 20200)
[LUI] [LUI trace] Cac.PushLootDataToDataModel("Secondary_Attachment", nil, {_modelPath=secondaryAttachment2,_baseDataSource={..}}, 0) ->  (call 700)
[LUI] [LUI trace] Engine.IsHubMode() -> true (call 18600)
[LUI] [LUI trace] Engine.GetItemReferenceFromGUID("0x46000a3") -> "specialty_class_blitzkrieg" (call 20300)
[LUI] [LUI trace] Engine.GetItemReferenceFromGUID("0x4600098") -> "specialty_class_commando_enlisted" (call 20400)
[LUI] [LUI trace] Cac.GetUnlockItemRefForController("specialty_class_blitzkrieg", "Perk_Slot2", "customClasses", 2, 0) -> "specialty_class_blitzkrieg" (call 600)
[LUI] [LUI trace] Engine.IsHubMode() -> true (call 18700)
[LUI] [LUI trace] Engine.GetItemGUIDFromReference("emote_salute") -> "0x20000e" (call 7200)
[LUI] [LUI trace] Engine.IsHubMode() -> true (call 18800)
[LUI] [LUI trace] Engine.GetItemReferenceFromGUID("0x1052000") -> "shovel_mp" (call 20500)
[LUI] [LUI trace] Engine.GetItemReferenceFromGUID("0x4600072") -> "specialty_class_airborne_enlisted" (call 20600)
[LUI] [LUI trace] Engine.GetOnlineGame() -> true (call 1900)
[LUI] [LUI trace] Cac.GetUnlockItemGuidForCategoryForController("Primary", "customClasses", 1, 0) ->  (call 300)
[LUI] [LUI trace] Engine.GetItemReferenceFromGUID("0x3000320") -> "fmj" (call 20700)
[LUI] [LUI trace] Engine.IsHubMode() -> true (call 18900)
[LUI] [LUI trace] Cac.GetWeaponNameFromLootGuid("0x1018000") -> "greasegun_mp" (call 3700)
[LUI] [LUI trace] Cac.GetWeaponNameFromLootName("stg44_mp") -> "stg44_mp" (call 3500)
[LUI] [LUI trace] Engine.Inventory_GetItemRarity("0x1019000") -> -1 (call 700)
[LUI] [LUI trace] Cac.GetLootRarity("0x1019000") -> 1 (call 700)
[LUI] [LUI trace] Engine.GetItemReferenceFromGUID("0x4600063") -> "specialty_class_rifleman" (call 20800)
[LUI] [LUI trace] Engine.GetItemReferenceFromGUID("0x30005c0") -> "aperture_sight_greasegun" (call 20900)
[LUI] [LUI trace] Engine.GetItemGUIDFromReference("aperture_sight_greasegun") -> "0x30005c0" (call 7300)
[LUI] [LUI trace] Engine.IsHubMode() -> true (call 19000)
[LUI] [LUI trace] Cac.GetWeaponAndAttachmentRefFromItemRef("greasegun_mp hipfire") -> "greasegun_mp", "hipfire" (call 1600)
[LUI] [LUI trace] Engine.GetItemLockState(0, "0x4600072") -> "Unlocked", 0, "" (call 2100)
[LUI] [LUI trace] Cac.GetItemGuidLockState(0, "0x4600072") -> "Unlocked", 0, "" (call 2100)
[LUI] [LUI trace] Engine.IsHubMode() -> true (call 19100)
[LUI] [LUI trace] Engine.GetItemReferenceFromGUID("0x1018000") -> "greasegun_mp" (call 21000)
[LUI] [LUI trace] Engine.GetItemReferenceFromGUID("0x4600072") -> "specialty_class_airborne_enlisted" (call 21100)
[LUI] [LUI trace] Engine.IsHubMode() -> true (call 19200)
[LUI] [LUI trace] Engine.Inventory_GetItemCollectionID("0x20000e") -> 0 (call 700)
[LUI] [LUI trace] Engine.Inventory_GetItemCondition("0x20000f") -> 1 (call 1000)
[LUI] [LUI trace] Cac.GetLootCondition("0x20000f") -> 2 (call 1000)
[LUI] [LUI trace] Engine.GetItemGUIDFromReference("emote_high_five") -> "0x200005" (call 7400)
[LUI] [LUI trace] Engine.Inventory_IsLootItem("0x200010") -> false (call 800)
[LUI] [LUI trace] Engine.GetItemReferenceFromGUID("0x4600072") -> "specialty_class_airborne_enlisted" (call 21200)
[LUI] [LUI trace] Engine.IsGamepadEnabled(nil) -> true (call 4100)
[LUI] [LUI trace] Engine.GetItemReferenceFromGUID("0x1002000") -> "stun_grenade_mp" (call 21300)
[LUI] [LUI trace] Engine.IsHubMode() -> true (call 19300)
[LUI] [LUI trace] Engine.GetItemReferenceFromGUID("0x1093000") -> "s2_tactical_insertion_cavalry_mp" (call 21400)
[LUI] [LUI trace] Cac.PushLootDataToDataModel("Primary_Attachment", nil, {_modelPath=primaryAttachment3,_baseDataSource={..}}, 0) ->  (call 800)
[LUI] [LUI trace] Engine.GetOnlineGame() -> true (call 2000)
[LUI] [LUI trace] Engine.GetItemReferenceFromGUID("0x46000a3") -> "specialty_class_blitzkrieg" (call 21500)
[LUI] [LUI trace] Engine.IsHubMode() -> true (call 19400)
[LUI] [LUI trace] Cac.GetWeaponNameFromLootGuid("0x102c000") -> "luger_mp" (call 3800)
[LUI] [LUI trace] Cac.GetWeaponNameFromLootName("luger_mp") -> "luger_mp" (call 3600)
[LUI] [LUI trace] Engine.GetItemReferenceFromGUID("0x4600098") -> "specialty_class_commando_enlisted" (call 21600)
[LUI] [LUI trace] Engine.IsHubMode() -> true (call 19500)
[LUI] [LUI trace] Cac.GetUnlockItemRefForController("none", "Primary_Camo2", "customClasses", 2, 0) -> "none" (call 700)
[LUI] [LUI trace] Cac.GetItemLockState(0, "charm_none") -> "Unlocked", 0, "" (call 600)
[LUI] [LUI trace] Engine.GetItemReferenceFromGUID("0x1007000") -> "frag_grenade_mp" (call 21700)
[LUI] [LUI trace] Engine.IsHubMode() -> true (call 19600)
[LUI] [LUI trace] Engine.GetItemGUIDFromReference("specialty_class_blitzkrieg") -> "0x46000a3" (call 7500)
[LUI] [LUI trace] Engine.GetItemReferenceFromGUID("0x46000a3") -> "specialty_class_blitzkrieg" (call 21800)
[LUI] [LUI trace] Engine.IsHubMode() -> true (call 19700)
[LUI] [LUI flow] RequestLeaveMenu()
[LUI] [LUI trace] Engine.GetItemReferenceFromGUID("0x1002000") -> "stun_grenade_mp" (call 21900)
[LUI] [LUI trace] Engine.GetItemReferenceFromGUID("0x3000350") -> "grip" (call 22000)
[LUI] [LUI trace] Engine.IsHubMode() -> true (call 19800)
[LUI] [LUI trace] Engine.Inventory_GetItemRarity("0x102c000") -> -1 (call 800)
[LUI] [LUI trace] Cac.GetLootRarity("0x102c000") -> 1 (call 800)
[LUI] [LUI trace] Cac.IsItemGuidControlledInRankedPlay("0x102c000") -> true (call 2700)
[LUI] [LUI trace] Engine.GetItemReferenceFromGUID("0x1002000") -> "stun_grenade_mp" (call 22100)
[LUI] [LUI trace] Engine.GetItemReferenceFromGUID("0x3000660") -> "aperture_sight_m1941" (call 22200)
[LUI] [LUI trace] Engine.GetItemGUIDFromReference("aperture_sight_m1941") -> "0x3000660" (call 7600)
[LUI] [LUI trace] Cac.GetWeaponNameFromLootGuid("0x3000660") -> "aperture_sight_m1941" (call 3900)
[LUI] [LUI trace] Cac.GetWeaponNameFromLootName("head_damage") -> "head_damage" (call 3700)
[LUI] [LUI trace] Engine.GetOnlineGame() -> true (call 2100)
[LUI] [LUI trace] Engine.IsHubMode() -> true (call 19900)
[LUI] [LUI trace] Cac.GetUnlockItemGuidForCategory("Primary", "customClasses", 0) ->  (call 400)
[LUI] [LUI trace] Engine.Inventory_GetItemCondition("0x30002f0") -> 1 (call 1100)
[LUI] [LUI trace] Cac.GetLootCondition("0x30002f0") -> 2 (call 1100)
[LUI] [LUI trace] Engine.GetItemReferenceFromGUID("0x30002f0") -> "fast_ads" (call 22300)
[LUI] [LUI trace] Engine.Inventory_GetItemExpirationType(0, "0x7000001") -> 0 (call 400)
[LUI] [LUI trace] Engine.IsHubMode() -> true (call 20000)
[LUI] [LUI trace] Cac.PushLootDataToDataModel("Perk_Slot2", nil, {_modelPath=perkB2,_baseDataSource={..}}, 0) ->  (call 900)
[LUI] [LUI trace] Engine.GetItemGUIDFromReference("semtex_mp") -> "0x1050000" (call 7700)
[LUI] [LUI trace] Engine.Inventory_GetItemCollectionID("0x0") -> 0 (call 800)
[LUI] [LUI trace] Cac.AllDefaultItemsUnlocked(0) -> false (call 2700)
[LUI] [LUI trace] Engine.Inventory_IsLootItem("0x20000e") -> false (call 900)
[LUI] [LUI trace] Cac.GetWeaponAndAttachmentRefFromItemRef("emote_salute") -> nil, nil (call 1700)
[LUI] [LUI trace] Engine.GetNewItemBreadcrumbState(0, 202, false) -> false (call 800)
[LUI] [LUI trace] Engine.GetItemReferenceFromGUID("0x200010") -> "emote_wave" (call 22400)
[LUI] [LUI trace] Engine.IsHubMode() -> true (call 20100)
[LUI] [LUI trace] Engine.UseFullHubFlow() -> false (call 200)
[LUI] [LUI trace] Engine.GetNewItemCategoryBreadcrumbState(0, 53, false) -> false (call 200)
[LUI] [LUI trace] Engine.GetOnlineGame() -> true (call 2200)
[LUI] [LUI trace] Engine.Inventory_GetExpiredItemsWrapperIDs(0) -> {} (call 2)
[LUI] [LUI trace] Engine.Inventory_GetItemExpiryDuration(0, "0xA00052") -> "0" (call 6)
[LUI] [LUI trace] Engine.Inventory_GetItemExpiryDuration(0, "0xA00053") -> "0" (call 7)
[LUI] [LUI trace] Engine.Inventory_GetItemExpiryDuration(0, "0xA00066") -> "0" (call 8)
[LUI] [LUI trace] Engine.GetOnlineGame() -> true (call 2300)
[LUI] [LUI trace] Engine.GetNewItemBreadcrumbState(0, 4203, false) -> false (call 900)
[LUI] [LUI trace] Engine.GetItemGUIDFromReference("specialty_class_inconspicuous") -> "0x4600087" (call 7800)
[DW] bdStorage: executing task '24' (transaction ID: 175)
[DW]: [bdStorage]: set user file: rankedloadouts
[DW]: [bdStorage]: set user file: costumes
[LUI] [LUI trace] Engine.IsGamepadEnabled(nil) -> true (call 4200)
[LUI] [LUI trace] Engine.GetItemReferenceFromGUID("0x46000a4") -> "specialty_class_escalation" (call 22500)
[LUI] [LUI trace] Cac.GetWeaponNameFromLootGuid("0x1031000") -> "m1941_mp" (call 4000)
[LUI] [LUI trace] Cac.GetWeaponNameFromLootName("m1941_mp") -> "m1941_mp" (call 3800)
[LUI] [LUI trace] Engine.GetItemGUIDFromReference("m1941_mp") -> "0x1031000" (call 7900)
[LUI] [LUI trace] Engine.GetItemReferenceFromGUID("0x1031000") -> "m1941_mp" (call 22600)
[LUI] [LUI trace] Cac.GetWeaponNameFromLootGuid("0x1031000") -> "m1941_mp" (call 4100)
[LUI] [LUI trace] Cac.GetWeaponNameFromLootName("m1941_mp") -> "m1941_mp" (call 3900)
[LUI] [LUI trace] Engine.GetItemGUIDFromReference("m1941_mp") -> "0x1031000" (call 8000)
[LUI] [LUI flow] RequestAddMenu(divisions_edit_loadout)
[LUI] [LUI trace] Engine.IsGamepadEnabled(nil) -> true (call 4300)
[LUI] [LUI trace] Engine.GetItemReferenceFromGUID("0x3000350") -> "grip" (call 22700)
[LUI] [LUI trace] Engine.IsHubMode() -> true (call 20200)
[LUI] [LUI trace] Engine.IsHubMode() -> true (call 20300)
[LUI] [LUI trace] Engine.IsHubMode() -> true (call 20400)
[LUI] [LUI trace] Engine.GetItemReferenceFromGUID("0x1050000") -> "semtex_mp" (call 22800)
[LUI] [LUI trace] Engine.GetItemReferenceFromGUID("0x4600077") -> "specialty_class_infantry_grandmaster" (call 22900)
[LUI] [LUI trace] Engine.GetItemReferenceFromGUID("0x1050000") -> "semtex_mp" (call 23000)
[LUI] [LUI trace] Engine.GetItemReferenceFromGUID("0x46000a3") -> "specialty_class_blitzkrieg" (call 23100)
[LUI] [LUI trace] Engine.IsHubMode() -> true (call 20500)
[LUI] [LUI trace] Engine.GetOnlineGame() -> true (call 2400)
[LUI] [LUI trace] Engine.GetItemLockStateByItemRef(0, "cac") -> "Unlocked", 0, "" (call 400)
[LUI] [LUI trace] Engine.GetItemGUIDFromReference("cac") -> "0x0" (call 8100)
[LUI] [LUI trace] Engine.IsHubMode() -> true (call 20600)
[LUI] [LUI trace] Engine.GetItemReferenceFromGUID("0x3000350") -> "grip" (call 23200)
[LUI] [LUI trace] Cac.GetWeaponNameFromLootGuid("0x102c000") -> "luger_mp" (call 4200)
[LUI] [LUI trace] Engine.GetItemReferenceFromGUID("0x1050000") -> "semtex_mp" (call 23300)
[LUI] [LUI trace] Engine.GetItemReferenceFromGUID("0x20000e") -> "emote_salute" (call 23400)
[LUI] [LUI trace] Engine.IsHubMode() -> true (call 20700)
[LUI] [LUI trace] Cac.GetWeaponNameFromLootName("m1941_mp") -> "m1941_mp" (call 4000)
[LUI] [LUI trace] Engine.GetItemReferenceFromGUID("0x1031000") -> "m1941_mp" (call 23500)
[LUI] [LUI trace] Engine.GetItemGUIDFromReference("m1941_mp") -> "0x1031000" (call 8200)
[LUI] [LUI flow] RequestAddMenu(division_select_menu)
[LUI] [LUI trace] Engine.GetItemReferenceFromGUID("0x6000036") -> "us_semi_military_r1c1" (call 23600)
[LUI] [LUI trace] Engine.IsHubMode() -> true (call 20800)
[LUI] [LUI trace] Engine.Inventory_GetItemQuantity(0, "0x6022017") -> 0 (call 100)
[LUI] [LUI trace] Cac.IsItemGuidControlledInRankedPlay("0x601200c") -> true (call 2800)
[LUI] [LUI trace] Cac.AllDefaultItemsUnlocked(0) -> false (call 2800)
[LUI] [LUI trace] Engine.GetItemLockState(0, "0x6013001") -> "Hidden", 17, "Item Expired" (call 2200)
[LUI] [LUI trace] Cac.GetItemGuidLockState(0, "0x6013001") -> "Hidden", 17, "Item Expired" (call 2200)
[LUI] [LUI trace] Engine.IsHubMode() -> true (call 20900)
[LUI] [LUI trace] Engine.GetItemReferenceFromGUID("0x6012004") -> "us_pilot_r2c3" (call 23700)
[LUI] [LUI trace] Engine.IsHubMode() -> true (call 21000)
[LUI] [LUI trace] Engine.Inventory_GetItemQuantity(0, "0x6030029") -> 0 (call 200)
[LUI] [LUI trace] Cac.IsItemGuidControlledInRankedPlay("0x80005c") -> false (call 2900)
[LUI] [LUI trace] Cac.AllDefaultItemsUnlocked(0) -> false (call 2900)
[LUI] [LUI trace] Engine.IsHubMode() -> true (call 21100)
[LUI] [LUI trace] Engine.GetItemLockState(0, "0x6022009") -> "Hidden", 17, "Item Expired" (call 2300)
[LUI] [LUI trace] Cac.GetItemGuidLockState(0, "0x6022009") -> "Hidden", 17, "Item Expired" (call 2300)
[LUI] [LUI trace] Engine.GetItemReferenceFromGUID("0x6030034") -> "new_zealand_semi_military_r4c1" (call 23800)
[LUI] [LUI trace] Engine.IsHubMode() -> true (call 21200)
[LUI] [LUI trace] Engine.Inventory_GetItemQuantity(0, "0x602200a") -> 0 (call 300)
[LUI] [LUI trace] Cac.IsItemGuidControlledInRankedPlay("0x6020018") -> true (call 3000)
[LUI] [LUI trace] Cac.AllDefaultItemsUnlocked(0) -> false (call 3000)
[LUI] [LUI trace] Engine.IsHubMode() -> true (call 21300)
[LUI] [LUI trace] Engine.GetItemLockState(0, "0x603000e") -> "Hidden", 17, "Item Expired" (call 2400)
[LUI] [LUI trace] Cac.GetItemGuidLockState(0, "0x603000e") -> "Hidden", 17, "Item Expired" (call 2400)
[LUI] [LUI trace] Engine.GetItemReferenceFromGUID("0x603202a") -> "british_butcher_r4c3" (call 23900)
[LUI] [LUI trace] Engine.IsHubMode() -> true (call 21400)
[LUI] [LUI trace] Cac.IsItemGuidControlledInRankedPlay("0x601201c") -> true (call 3100)
[LUI] [LUI trace] Engine.Inventory_GetItemQuantity(0, "0x601201e") -> 0 (call 400)
[LUI] [LUI trace] Cac.GetWeaponAndAttachmentRefFromItemRef("division_resistance") -> nil, nil (call 1800)
[LUI] [LUI trace] Cac.AllDefaultItemsUnlocked(0) -> false (call 3100)
[LUI] [LUI trace] Engine.IsHubMode() -> true (call 21500)
[LUI] [LUI trace] Engine.GetItemLockState(0, "0x601003c") -> "Hidden", 17, "Item Expired" (call 2500)
[LUI] [LUI trace] Cac.GetItemGuidLockState(0, "0x601003c") -> "Hidden", 17, "Item Expired" (call 2500)
[LUI] [LUI trace] Engine.IsHubMode() -> true (call 21600)
[LUI] [LUI trace] Engine.GetItemReferenceFromGUID("0x6030012") -> "soviet_infantry_r4c1" (call 24000)
[LUI] [LUI trace] Cac.IsItemGuidControlledInRankedPlay("0x6020017") -> true (call 3200)
[LUI] [LUI trace] Engine.Inventory_GetItemQuantity(0, "0x6010017") -> 0 (call 500)
[LUI] [LUI trace] Cac.AllDefaultItemsUnlocked(0) -> false (call 3200)
[LUI] [LUI trace] Engine.IsHubMode() -> true (call 21700)
[LUI] [LUI trace] Engine.GetOnlineGame() -> true (call 2500)
[LUI] [LUI trace] Engine.GetItemLockState(0, "0x603000f") -> "Hidden", 17, "Item Expired" (call 2600)
[LUI] [LUI trace] Cac.GetItemGuidLockState(0, "0x603000f") -> "Hidden", 17, "Item Expired" (call 2600)
[LUI] [LUI trace] Engine.IsHubMode() -> true (call 21800)
[LUI] [LUI trace] Engine.GetItemReferenceFromGUID("0x601000b") -> "british_commando_r2c1" (call 24100)
[LUI] [LUI trace] Cac.IsItemGuidControlledInRankedPlay("0x600001a") -> true (call 3300)
[LUI] [LUI trace] Engine.Inventory_GetItemQuantity(0, "0x6020027") -> 0 (call 600)
[LUI] [LUI trace] Engine.IsHubMode() -> true (call 21900)
[LUI] [LUI trace] Cac.AllDefaultItemsUnlocked(0) -> false (call 3300)
[LUI] [LUI trace] Engine.GetItemLockState(0, "0x6020024") -> "Hidden", 17, "Item Expired" (call 2700)
[LUI] [LUI trace] Cac.GetItemGuidLockState(0, "0x6020024") -> "Hidden", 17, "Item Expired" (call 2700)
[LUI] [LUI trace] Engine.IsHubMode() -> true (call 22000)
[LUI] [LUI trace] Engine.GetItemReferenceFromGUID("0x6000021") -> "axis_sniper_r1c1" (call 24200)
[LUI] [LUI trace] Engine.GetNewItemBreadcrumbState(0, 3795, false) -> false (call 1000)
[LUI] [LUI trace] Cac.IsItemGuidControlledInRankedPlay("0x602200d") -> true (call 3400)
[LUI] [LUI trace] Engine.Inventory_GetItemQuantity(0, "0x601000d") -> 0 (call 700)
[LUI] [LUI trace] Engine.IsHubMode() -> true (call 22100)
[LUI] [LUI trace] Cac.AllDefaultItemsUnlocked(0) -> false (call 3400)
[LUI] [LUI trace] Engine.GetItemLockState(0, "0x6012010") -> "Hidden", 17, "Item Expired" (call 2800)
[LUI] [LUI trace] Cac.GetItemGuidLockState(0, "0x6012010") -> "Hidden", 17, "Item Expired" (call 2800)
[LUI] [LUI trace] Engine.IsHubMode() -> true (call 22200)
[LUI] [LUI trace] Engine.GetItemReferenceFromGUID("0x603201d") -> "danish_resistance_r4c3" (call 24300)
[LUI] [LUI trace] Cac.IsItemGuidControlledInRankedPlay("0x602001c") -> true (call 3500)
[LUI] [LUI trace] Engine.IsHubMode() -> true (call 22300)
[LUI] [LUI trace] Cac.AllDefaultItemsUnlocked(0) -> false (call 3500)
[LUI] [LUI trace] Engine.Inventory_GetItemQuantity(0, "0x6020025") -> 0 (call 800)
[LUI] [LUI trace] Engine.IsHubMode() -> true (call 22400)
[LUI] [LUI trace] Engine.GetItemLockState(0, "0x6032023") -> "Hidden", 17, "Item Expired" (call 2900)
[LUI] [LUI trace] Cac.GetItemGuidLockState(0, "0x6032023") -> "Hidden", 17, "Item Expired" (call 2900)
[LUI] [LUI trace] Engine.GetItemReferenceFromGUID("0x6020005") -> "us_anc_nurse_r3c1" (call 24400)
[LUI] [LUI trace] Cac.IsItemGuidControlledInRankedPlay("0x602000c") -> true (call 3600)
[LUI] [LUI trace] Engine.IsHubMode() -> true (call 22500)
[LUI] [LUI trace] Cac.AllDefaultItemsUnlocked(0) -> false (call 3600)
[LUI] [LUI trace] Engine.Inventory_GetItemQuantity(0, "0x6000005") -> 0 (call 900)
[LUI] [LUI trace] Engine.IsHubMode() -> true (call 22600)
[LUI] [LUI trace] Engine.GetItemLockState(0, "0x6020016") -> "Hidden", 17, "Item Expired" (call 3000)
[LUI] [LUI trace] Cac.GetItemGuidLockState(0, "0x6020016") -> "Hidden", 17, "Item Expired" (call 3000)
[LUI] [LUI trace] Engine.GetItemReferenceFromGUID("0x600001a") -> "british_raf_pilot_r1c1" (call 24500)
[LUI] [LUI trace] Cac.IsItemGuidControlledInRankedPlay("0x6000003") -> true (call 3700)
[LUI] [LUI trace] Cac.GetItemLockState(0, "division_armored") -> "Unlocked", 0, "" (call 700)
[LUI] [LUI trace] Engine.IsHubMode() -> true (call 22700)
[LUI] [LUI trace] Cac.AllDefaultItemsUnlocked(0) -> false (call 3700)
[LUI] [LUI trace] Engine.Inventory_GetItemQuantity(0, "0x6030007") -> 0 (call 1000)
[LUI] [LUI trace] Engine.IsHubMode() -> true (call 22800)
[LUI] [LUI trace] Engine.GetItemLockState(0, "0x6032024") -> "Hidden", 17, "Item Expired" (call 3100)
[LUI] [LUI trace] Cac.GetItemGuidLockState(0, "0x6032024") -> "Hidden", 17, "Item Expired" (call 3100)
[LUI] [LUI trace] Cac.IsItemGuidControlledInRankedPlay("0x6022015") -> true (call 3800)
[LUI] [LUI trace] Engine.GetItemReferenceFromGUID("0x6020018") -> "soviet_winter_trenchcoat_r3c1" (call 24600)
[LUI] [LUI trace] Engine.IsHubMode() -> true (call 22900)
[LUI] [LUI trace] Cac.AllDefaultItemsUnlocked(0) -> false (call 3800)
[LUI] [LUI trace] Engine.Inventory_GetItemQuantity(0, "0x6020028") -> 0 (call 1100)
[LUI] [LUI trace] Engine.IsHubMode() -> true (call 23000)
[LUI] [LUI trace] Engine.GetItemLockState(0, "0x6000011") -> "Hidden", 17, "Item Expired" (call 3200)
[LUI] [LUI trace] Cac.GetItemGuidLockState(0, "0x6000011") -> "Hidden", 17, "Item Expired" (call 3200)
[LUI] [LUI trace] Cac.IsItemGuidControlledInRankedPlay("0x601201c") -> true (call 3900)
[LUI] [LUI trace] Engine.IsHubMode() -> true (call 23100)
[LUI] [LUI trace] Engine.GetItemReferenceFromGUID("0x601201d") -> "danish_resistance_r2c3" (call 24700)
[LUI] [LUI trace] Cac.AllDefaultItemsUnlocked(0) -> false (call 3900)
[LUI] [LUI trace] Engine.Inventory_GetItemQuantity(0, "0x6013037") -> 0 (call 1200)
[LUI] [LUI trace] Engine.IsHubMode() -> true (call 23200)
[LUI] [LUI trace] Engine.IsGamepadEnabled(nil) -> true (call 4400)
[LUI] [LUI trace] Cac.GetWeaponAndAttachmentRefFromItemRef("division_mountain") -> nil, nil (call 1900)
[LUI] [LUI trace] Engine.GetItemLockStateByItemRef(0, "division_mountain") -> "Unlocked", 0, "" (call 500)
[LUI] [LUI trace] Engine.IsHubMode() -> true (call 23300)
[LUI] [LUI trace] Engine.GetOnlineGame() -> true (call 2600)
[LUI] [LUI trace] Engine.GetItemGUIDFromReference("division_resistance") -> "0x8000c4" (call 8300)
[LUI] [LUI trace] Engine.IsGamepadEnabled(nil) -> true (call 4500)
[LUI] [LUI trace] Cac.IsItemGuidControlledInRankedPlay("0x8000c4") -> false (call 4000)
[LUI] [LUI trace] Engine.IsGamepadEnabled(nil) -> true (call 4600)
[LUI] [LUI trace] Engine.IsHubMode() -> true (call 23400)
[LUI] [LUI trace] Cac.AllDefaultItemsUnlocked(0) -> false (call 4000)
[LUI] [LUI trace] Cac.GetWeaponAndAttachmentRefFromItemRef("division_mountain") -> nil, nil (call 2000)
[DW] bdRichPresence: executing task '1' (transaction ID: 176)
[LUI] [LUI trace] Engine.IsGamepadEnabled(nil) -> true (call 4700)
[LUI] [LUI trace] Engine.GetOnlineGame() -> true (call 2700)
[LUI] [LUI trace] Cac.GetItemLockState(0, "division_armored") -> "Unlocked", 0, "" (call 800)
[LUI] [LUI trace] Engine.IsHubMode() -> true (call 23500)
[LUI] [LUI trace] Engine.IsGamepadEnabled(nil) -> true (call 4800)
[LUI] [LUI trace] Cac.GetWeaponAndAttachmentRefFromItemRef("division_infantry") -> nil, nil (call 2100)
[LUI] [LUI trace] Engine.GetItemLockStateByItemRef(0, "division_airborne") -> "Unlocked", 0, "" (call 600)
[LUI] [LUI trace] Engine.IsGamepadEnabled(nil) -> true (call 4900)
[LUI] [LUI trace] Engine.IsHubMode() -> true (call 23600)
[LUI] [LUI trace] Engine.GetItemGUIDFromReference("division_mountain") -> "0x80005d" (call 8400)
[LUI] [LUI trace] Cac.GetWeaponNameFromLootGuid("0x80005d") -> "division_mountain" (call 4300)
[LUI] [LUI trace] Engine.GetOnlineGame() -> true (call 2800)
[LUI] [LUI trace] Engine.IsGamepadEnabled(nil) -> true (call 5000)
[LUI] [LUI trace] Cac.IsItemGuidControlledInRankedPlay("0x80005a") -> false (call 4100)
[LUI] [LUI trace] Engine.IsGamepadEnabled(nil) -> true (call 5100)
[LUI] [LUI trace] Engine.IsHubMode() -> true (call 23700)
[LUI] [LUI trace] Cac.AllDefaultItemsUnlocked(0) -> false (call 4100)
[LUI] [LUI trace] Cac.GetWeaponAndAttachmentRefFromItemRef("division_armored") -> nil, nil (call 2200)
[LUI] [LUI trace] Engine.GetNewItemBreadcrumbState(0, 4203, false) -> false (call 1100)
[LUI] [LUI trace] Engine.GetOnlineGame() -> true (call 2900)
[LUI] [LUI trace] Engine.IsGamepadEnabled(nil) -> true (call 5200)
[LUI] [LUI trace] Cac.GetItemLockState(0, "division_grenadier") -> "Unlocked", 0, "" (call 900)
[LUI] [LUI flow] RequestLeaveMenu()
[LUI] [LUI trace] Engine.IsHubMode() -> true (call 23800)
[LUI] [LUI trace] Engine.IsHubMode() -> true (call 23900)
[LUI] [LUI trace] Engine.IsHubMode() -> true (call 24000)
[LUI] [LUI trace] Engine.GetItemReferenceFromGUID("0x4600077") -> "specialty_class_infantry_grandmaster" (call 24800)
[LUI] [LUI trace] Engine.GetItemReferenceFromGUID("0x1031000") -> "m1941_mp" (call 24900)
[LUI] [LUI trace] Cac.GetWeaponNameFromLootName("m1941_mp") -> "m1941_mp" (call 4100)
[LUI] [LUI trace] Engine.GetItemGUIDFromReference("m1941_mp") -> "0x1031000" (call 8500)
[LUI] [LUI trace] Engine.GetItemReferenceFromGUID("0x1002000") -> "stun_grenade_mp" (call 25000)
[LUI] [LUI trace] Engine.GetItemReferenceFromGUID("0x1050000") -> "semtex_mp" (call 25100)
[LUI] [LUI trace] Engine.IsHubMode() -> true (call 24100)
[LUI] [LUI trace] Engine.GetItemReferenceFromGUID("0x46000a3") -> "specialty_class_blitzkrieg" (call 25200)
[LUI] [LUI trace] Engine.GetOnlineGame() -> true (call 3000)
[LUI] [LUI trace] Cac.IsItemUnlocked(0, "cac") -> true (call 300)
[LUI] [LUI trace] Cac.GetWeaponAndAttachmentRefFromItemRef("cac") -> nil, nil (call 2300)
[LUI] [LUI trace] Engine.GetItemLockStateByItemRef(0, "cac") -> "Unlocked", 0, "" (call 700)
[LUI] [LUI trace] Engine.IsHubMode() -> true (call 24200)
[LUI] [LUI trace] Engine.GetItemReferenceFromGUID("0x4600077") -> "specialty_class_infantry_grandmaster" (call 25300)
[LUI] [LUI trace] Engine.GetItemReferenceFromGUID("0x1031000") -> "m1941_mp" (call 25400)
[LUI] [LUI trace] Engine.GetItemGUIDFromReference("m1941_mp") -> "0x1031000" (call 8600)
[LUI] [LUI trace] Engine.IsHubMode() -> true (call 24300)
[LUI] [LUI trace] Cac.GetWeaponNameFromLootGuid("0x1031000") -> "m1941_mp" (call 4400)
[LUI] [LUI trace] Engine.GetItemReferenceFromGUID("0x46000a3") -> "specialty_class_blitzkrieg" (call 25500)
[LUI] [LUI trace] Engine.IsGamepadEnabled(nil) -> true (call 5300)
[LUI] [LUI trace] Cac.GetWeaponNameFromLootName("m1941_mp") -> "m1941_mp" (call 4200)
[LUI] [LUI flow] RequestAddMenu(division_select_menu)
[LUI] [LUI trace] Engine.GetItemReferenceFromGUID("0x46000a3") -> "specialty_class_blitzkrieg" (call 25600)
[LUI] [LUI trace] Cac.IsItemGuidControlledInRankedPlay("0x6030017") -> true (call 4200)
[LUI] [LUI trace] Engine.GetItemLockState(0, "0x603000c") -> "Hidden", 17, "Item Expired" (call 3300)
[LUI] [LUI trace] Cac.GetItemGuidLockState(0, "0x603000c") -> "Hidden", 17, "Item Expired" (call 3300)
[LUI] [LUI trace] Engine.IsHubMode() -> true (call 24400)
[LUI] [LUI trace] Cac.AllDefaultItemsUnlocked(0) -> false (call 4200)
[LUI] [LUI trace] Engine.IsHubMode() -> true (call 24500)
[LUI] [LUI trace] Engine.Inventory_GetItemQuantity(0, "0x6032003") -> 0 (call 1300)
[LUI] [LUI trace] Engine.GetItemReferenceFromGUID("0x6002029") -> "us_assault_r1c3" (call 25700)
[LUI] [LUI trace] Cac.IsItemGuidControlledInRankedPlay("0x6010004") -> true (call 4300)
[LUI] [LUI trace] Engine.IsHubMode() -> true (call 24600)
[LUI] [LUI trace] Engine.GetItemLockState(0, "0x6020029") -> "Hidden", 17, "Item Expired" (call 3400)
[LUI] [LUI trace] Cac.GetItemGuidLockState(0, "0x6020029") -> "Hidden", 17, "Item Expired" (call 3400)
[LUI] [LUI trace] Cac.AllDefaultItemsUnlocked(0) -> false (call 4300)
[LUI] [LUI trace] Engine.IsHubMode() -> true (call 24700)
[LUI] [LUI trace] Engine.Inventory_GetItemQuantity(0, "0x6012006") -> 0 (call 1400)
[LUI] [LUI trace] Engine.GetItemReferenceFromGUID("0x6002006") -> "us_tanker_r1c3" (call 25800)
[LUI] [LUI trace] Cac.IsItemGuidControlledInRankedPlay("0x603200d") -> true (call 4400)
[LUI] [LUI trace] Engine.IsHubMode() -> true (call 24800)
[LUI] [LUI trace] Engine.GetItemLockState(0, "0x6003015") -> "Hidden", 17, "Item Expired" (call 3500)
[LUI] [LUI trace] Cac.GetItemGuidLockState(0, "0x6003015") -> "Hidden", 17, "Item Expired" (call 3500)
[LUI] [LUI trace] Cac.AllDefaultItemsUnlocked(0) -> false (call 4400)
[LUI] [LUI trace] Engine.Inventory_GetItemCondition("0x80005E") -> 1 (call 1200)
[LUI] [LUI trace] Cac.GetLootCondition("0x80005E") -> 2 (call 1200)
[LUI] [LUI trace] Engine.Inventory_GetItemRarity("0x80005E") -> -1 (call 900)
[LUI] [LUI trace] Cac.GetLootRarity("0x80005E") -> 1 (call 900)
[LUI] [LUI trace] Engine.IsHubMode() -> true (call 24900)
[LUI] [LUI trace] Engine.Inventory_GetItemQuantity(0, "0x602000e") -> 0 (call 1500)
[LUI] [LUI trace] Engine.GetItemReferenceFromGUID("0x6010011") -> "soviet_naval_infantry_r2c1" (call 25900)
[LUI] [LUI trace] Engine.IsHubMode() -> true (call 25000)
[LUI] [LUI trace] Cac.IsItemGuidControlledInRankedPlay("0x6013010") -> true (call 4500)
[LUI] [LUI trace] Engine.GetItemLockState(0, "0x602201c") -> "Hidden", 17, "Item Expired" (call 3600)
[LUI] [LUI trace] Cac.GetItemGuidLockState(0, "0x602201c") -> "Hidden", 17, "Item Expired" (call 3600)
[LUI] [LUI trace] Cac.AllDefaultItemsUnlocked(0) -> false (call 4500)
[LUI] [LUI trace] Engine.IsHubMode() -> true (call 25100)
[LUI] [LUI trace] Engine.Inventory_GetItemQuantity(0, "0x6000031") -> 0 (call 1600)
[LUI] [LUI trace] Engine.GetItemReferenceFromGUID("0x603200c") -> "netherlands_infantry_r4c3" (call 26000)
[LUI] [LUI trace] Engine.IsHubMode() -> true (call 25200)
[LUI] [LUI trace] Cac.IsItemGuidControlledInRankedPlay("0x6000036") -> true (call 4600)
[LUI] [LUI trace] Cac.AllDefaultItemsUnlocked(0) -> false (call 4600)
[LUI] [LUI trace] Engine.GetItemLockState(0, "0x602000c") -> "Hidden", 17, "Item Expired" (call 3700)
[LUI] [LUI trace] Cac.GetItemGuidLockState(0, "0x602000c") -> "Hidden", 17, "Item Expired" (call 3700)
[LUI] [LUI trace] Engine.IsHubMode() -> true (call 25300)
[LUI] [LUI trace] Engine.Inventory_GetItemQuantity(0, "0x6022003") -> 0 (call 1700)
[LUI] [LUI trace] Engine.IsHubMode() -> true (call 25400)
[LUI] [LUI trace] Engine.GetItemReferenceFromGUID("0x6010029") -> "us_assault_r2c1" (call 26100)
[LUI] [LUI trace] Cac.IsItemGuidControlledInRankedPlay("0x6012016") -> true (call 4700)
[LUI] [LUI trace] Cac.AllDefaultItemsUnlocked(0) -> false (call 4700)
[LUI] [LUI trace] Engine.GetItemLockState(0, "0x6013003") -> "Hidden", 17, "Item Expired" (call 3800)
[LUI] [LUI trace] Cac.GetItemGuidLockState(0, "0x6013003") -> "Hidden", 17, "Item Expired" (call 3800)
[LUI] [LUI trace] Engine.IsHubMode() -> true (call 25500)
[LUI] [LUI trace] Engine.Inventory_GetItemQuantity(0, "0x6000009") -> 1 (call 1800)
[LUI] [LUI trace] Engine.IsHubMode() -> true (call 25600)
[LUI] [LUI trace] Engine.GetItemReferenceFromGUID("0x6000007") -> "us_riveter_r1c1" (call 26200)
[LUI] [LUI trace] Cac.IsItemGuidControlledInRankedPlay("0x6030034") -> true (call 4800)
[LUI] [LUI trace] Cac.AllDefaultItemsUnlocked(0) -> false (call 4800)
[LUI] [LUI trace] Engine.GetItemLockState(0, "0x602000a") -> "Hidden", 17, "Item Expired" (call 3900)
[LUI] [LUI trace] Cac.GetItemGuidLockState(0, "0x602000a") -> "Hidden", 17, "Item Expired" (call 3900)
[LUI] [LUI trace] Engine.IsHubMode() -> true (call 25700)
[LUI] [LUI trace] Engine.IsHubMode() -> true (call 25800)
[LUI] [LUI trace] Engine.Inventory_GetItemQuantity(0, "0x6002010") -> 0 (call 1900)
[LUI] [LUI trace] Engine.GetItemReferenceFromGUID("0x600000e") -> "canada_black_watch_r1c1" (call 26300)
[LUI] [LUI trace] Cac.IsItemGuidControlledInRankedPlay("0x6003010") -> true (call 4900)
[LUI] [LUI trace] Cac.AllDefaultItemsUnlocked(0) -> false (call 4900)
[LUI] [LUI trace] Engine.IsHubMode() -> true (call 25900)
[LUI] [LUI trace] Engine.GetItemLockState(0, "0x600001e") -> "Unlocked", 0, "" (call 4000)
[LUI] [LUI trace] Cac.GetItemGuidLockState(0, "0x600001e") -> "Unlocked", 0, "" (call 4000)
[LUI] [LUI trace] Engine.IsHubMode() -> true (call 26000)
[LUI] [LUI trace] Engine.Inventory_GetItemQuantity(0, "0x6032017") -> 0 (call 2000)
[LUI] [LUI trace] Cac.IsItemGuidControlledInRankedPlay("0x6032017") -> true (call 5000)
[LUI] [LUI trace] Engine.GetItemReferenceFromGUID("0x6030001") -> "us_infantry_r4c1" (call 26400)
[LUI] [LUI trace] Cac.AllDefaultItemsUnlocked(0) -> false (call 5000)
[LUI] [LUI trace] Engine.IsHubMode() -> true (call 26100)
[LUI] [LUI trace] Engine.GetItemLockState(0, "0x6002001") -> "Hidden", 17, "Item Expired" (call 4100)
[LUI] [LUI trace] Cac.GetItemGuidLockState(0, "0x6002001") -> "Hidden", 17, "Item Expired" (call 4100)
[LUI] [LUI trace] Cac.GetWeaponAndAttachmentRefFromItemRef("division_infantry") -> nil, nil (call 2400)
[LUI] [LUI trace] Engine.IsHubMode() -> true (call 26200)
[LUI] [LUI trace] Cac.IsItemGuidControlledInRankedPlay("0x601200f") -> true (call 5100)
[LUI] [LUI trace] Engine.Inventory_GetItemQuantity(0, "0x6010004") -> 0 (call 2100)
[LUI] [LUI trace] Engine.GetItemReferenceFromGUID("0x6010016") -> "polish_winter_r2c1" (call 26500)
[LUI] [LUI trace] Cac.AllDefaultItemsUnlocked(0) -> false (call 5100)
[LUI] [LUI trace] Engine.IsHubMode() -> true (call 26300)
[LUI] [LUI trace] Engine.GetNewItemBreadcrumbState(0, 3796, false) -> false (call 1200)
[LUI] [LUI trace] Engine.GetItemLockState(0, "0x6032006") -> "Hidden", 17, "Item Expired" (call 4200)
[LUI] [LUI trace] Cac.GetItemGuidLockState(0, "0x6032006") -> "Hidden", 17, "Item Expired" (call 4200)
[LUI] [LUI trace] Engine.IsHubMode() -> true (call 26400)
[LUI] [LUI trace] Engine.GetItemGUIDFromReference("division_armored") -> "0x80005c" (call 8700)
[LUI] [LUI trace] Cac.IsItemGuidControlledInRankedPlay("0x6020034") -> true (call 5200)
[LUI] [LUI trace] Engine.Inventory_GetItemQuantity(0, "0x601300a") -> 0 (call 2200)
[LUI] [LUI trace] Engine.GetItemReferenceFromGUID("0x603300a") -> "british_ats_officer_skin4" (call 26600)
[LUI] [LUI trace] Cac.AllDefaultItemsUnlocked(0) -> false (call 5200)
[LUI] [LUI trace] Engine.IsHubMode() -> true (call 26500)
[LUI] [LUI trace] Engine.GetItemLockState(0, "0x6023013") -> "Hidden", 17, "Item Expired" (call 4300)
[LUI] [LUI trace] Cac.GetItemGuidLockState(0, "0x6023013") -> "Hidden", 17, "Item Expired" (call 4300)
[LUI] [LUI trace] Engine.IsHubMode() -> true (call 26600)
[LUI] [LUI trace] Engine.GetOnlineGame() -> true (call 3100)
[LUI] [LUI trace] Cac.IsItemGuidControlledInRankedPlay("0x603202a") -> true (call 5300)
[LUI] [LUI trace] Engine.Inventory_GetItemQuantity(0, "0x603201c") -> 0 (call 2300)
[LUI] [LUI trace] Engine.GetItemReferenceFromGUID("0x603001e") -> "polish_resistance_r4c1" (call 26700)
[LUI] [LUI trace] Cac.AllDefaultItemsUnlocked(0) -> false (call 5300)
[LUI] [LUI trace] Engine.IsHubMode() -> true (call 26700)
[LUI] [LUI trace] Engine.GetItemLockState(0, "0x6030035") -> "Hidden", 17, "Item Expired" (call 4400)
[LUI] [LUI trace] Cac.GetItemGuidLockState(0, "0x6030035") -> "Hidden", 17, "Item Expired" (call 4400)
[LUI] [LUI trace] Engine.IsHubMode() -> true (call 26800)
[DW] bdStorage: executing task '24' (transaction ID: 177)
[DW]: [bdStorage]: set user file: costumes
[LUI] [LUI trace] Engine.IsGamepadEnabled(nil) -> true (call 5400)
[LUI] [LUI trace] Cac.GetItemLockState(0, "division_airborne") -> "Unlocked", 0, "" (call 1000)
[LUI] [LUI trace] Cac.IsItemGuidControlledInRankedPlay("0x80005a") -> false (call 5400)
[LUI] [LUI trace] Engine.IsHubMode() -> true (call 26900)
[LUI] [LUI flow] RequestLeaveMenu()
[LUI] [LUI trace] Engine.IsHubMode() -> true (call 27000)
[LUI] [LUI trace] Engine.IsHubMode() -> true (call 27100)
[LUI] [LUI trace] Engine.GetItemReferenceFromGUID("0x4600077") -> "specialty_class_infantry_grandmaster" (call 26800)
[LUI] [LUI trace] Engine.GetItemReferenceFromGUID("0x1031000") -> "m1941_mp" (call 26900)
[LUI] [LUI trace] Engine.GetOnlineGame() -> true (call 3200)
[LUI] [LUI trace] Engine.GetItemReferenceFromGUID("0x1002000") -> "stun_grenade_mp" (call 27000)
[LUI] [LUI trace] Engine.IsHubMode() -> true (call 27200)
[LUI] [LUI trace] Engine.GetItemReferenceFromGUID("0x1050000") -> "semtex_mp" (call 27100)
[LUI] [LUI trace] Engine.GetItemReferenceFromGUID("0x46000a3") -> "specialty_class_blitzkrieg" (call 27200)
[LUI] [LUI trace] Engine.GetNewItemCategoryBreadcrumbState(0, 17, false) -> false (call 300)
[LUI] [LUI trace] Engine.GetItemGUIDFromReference("specialty_class_launched") -> "0x460006a" (call 8800)
[LUI] [LUI trace] Cac.GetWeaponAndAttachmentRefFromItemRef("cac") -> nil, nil (call 2500)
[LUI] [LUI trace] Cac.AllDefaultItemsUnlocked(0) -> false (call 5400)
[LUI] [LUI trace] Engine.GetItemLockStateByItemRef(0, "cac") -> "Unlocked", 0, "" (call 800)
[LUI] [LUI trace] Engine.IsHubMode() -> true (call 27300)
[LUI] [LUI trace] Cac.IsCategoryRestrictedByPerk("Primary", "customClasses", 0) -> false (call 800)
[LUI] [LUI trace] Engine.GetItemReferenceFromGUID("0x4600077") -> "specialty_class_infantry_grandmaster" (call 27300)
[LUI] [LUI trace] Engine.IsHubMode() -> true (call 27400)
[LUI] [LUI trace] Cac.GetWeaponNameFromLootGuid("0x1031000") -> "m1941_mp" (call 4500)
[LUI] [LUI trace] Engine.IsGamepadEnabled(nil) -> true (call 5500)
[LUI] [LUI trace] Cac.GetWeaponNameFromLootName("m1941_mp") -> "m1941_mp" (call 4300)
[LUI] [LUI trace] Engine.GetItemReferenceFromGUID("0x1031000") -> "m1941_mp" (call 27400)
[LUI] [LUI trace] Engine.GetItemGUIDFromReference("m1941_mp") -> "0x1031000" (call 8900)
[LUI] [LUI trace] Engine.GetItemReferenceFromGUID("0x46000a3") -> "specialty_class_blitzkrieg" (call 27500)
[LUI] [LUI trace] Engine.GetItemReferenceFromGUID("0x4600077") -> "specialty_class_infantry_grandmaster" (call 27600)
[LUI] [LUI trace] Engine.IsGamepadEnabled(nil) -> true (call 5600)
[LUI] [LUI trace] Cac.GetWeaponNameFromLootGuid("0x1031000") -> "m1941_mp" (call 4600)
[LUI] [LUI trace] Cac.GetWeaponNameFromLootName("m1941_mp") -> "m1941_mp" (call 4400)
[LUI] [LUI trace] Engine.GetItemReferenceFromGUID("0x1002000") -> "stun_grenade_mp" (call 27700)
[LUI] [LUI trace] Engine.GetItemGUIDFromReference("m1941_mp") -> "0x1031000" (call 9000)
[LUI] [LUI trace] Engine.IsHubMode() -> true (call 27500)
[LUI] [LUI trace] Engine.GetItemReferenceFromGUID("0x4600077") -> "specialty_class_infantry_grandmaster" (call 27800)
[LUI] [LUI trace] Engine.GetItemReferenceFromGUID("0x20000f") -> "emote_sittin" (call 27900)
[LUI] [LUI trace] Engine.GetItemReferenceFromGUID("0x46000a4") -> "specialty_class_escalation" (call 28000)
[LUI] [LUI trace] Engine.IsHubMode() -> true (call 27600)
[LUI] [LUI trace] Engine.GetItemReferenceFromGUID("0x1019000") -> "stg44_mp" (call 28100)
[LUI] [LUI trace] Engine.GetOnlineGame() -> true (call 3300)
[LUI] [LUI trace] Cac.GetWeaponNameFromLootGuid("0x102c000") -> "luger_mp" (call 4700)
[LUI] [LUI trace] Cac.GetUnlockItemRefForController("aperture_sight_stg44", "Primary_Attachment", "customClasses", 18, 0) -> "aperture_sight_stg44" (call 800)
[LUI] [LUI trace] Engine.GetItemGUIDFromReference("fast_ads") -> "0x30002f0" (call 9100)
[LUI] [LUI trace] Cac.GetWeaponNameFromLootName("grip") -> "grip" (call 4500)
[LUI] [LUI trace] Engine.GetItemReferenceFromGUID("0x1019000") -> "stg44_mp" (call 28200)
[LUI] [LUI trace] Cac.GetUnlockItemGuidForCategoryForController("Primary", "customClasses", 18, 0) ->  (call 400)
[LUI] [LUI trace] Engine.Inventory_IsLootItem("0x3000360") -> false (call 1000)
[LUI] [LUI trace] Engine.IsHubMode() -> true (call 27700)
[LUI] [LUI trace] Cac.GetWeaponAndAttachmentRefFromItemRef("luger_mp hipfire") -> "luger_mp", "hipfire" (call 2600)
[LUI] [LUI trace] Engine.GetItemReferenceFromGUID("0x102c000") -> "luger_mp" (call 28300)
[LUI] [LUI trace] Engine.IsHubMode() -> true (call 27800)
[LUI] [LUI trace] Engine.GetItemReferenceFromGUID("0x4600077") -> "specialty_class_infantry_grandmaster" (call 28400)
[LUI] [LUI trace] Engine.GetItemGUIDFromReference("frag_grenade_mp") -> "0x1007000" (call 9200)
[LUI] [LUI trace] Engine.Inventory_GetItemExpirationType(0, "0x1002000") -> 0 (call 500)
[LUI] [LUI trace] Engine.Inventory_GetCachedCollectionItemSkuPrice("0x1052000") -> {price=0,currency=0} (call 3800)
[LUI] [LUI trace] Engine.IsHubMode() -> true (call 27900)
[LUI] [LUI trace] Engine.GetItemReferenceFromGUID("0x4600077") -> "specialty_class_infantry_grandmaster" (call 28500)
[LUI] [LUI trace] Engine.Inventory_GetItemCondition("0x1017000") -> 0 (call 1300)
[LUI] [LUI trace] Cac.GetLootCondition("0x1017000") -> 1 (call 1300)
[LUI] [LUI trace] Engine.GetItemReferenceFromGUID("0x46000a3") -> "specialty_class_blitzkrieg" (call 28600)
[LUI] [LUI trace] Engine.IsHubMode() -> true (call 28000)
[LUI] [LUI trace] Engine.GetItemReferenceFromGUID("0x1017000") -> "winchester1897_mp" (call 28700)
[LUI] [LUI trace] Cac.GetWeaponNameFromLootGuid("0x1017000") -> "winchester1897_mp" (call 4800)
[LUI] [LUI trace] Engine.GetItemReferenceFromGUID("0x46000a3") -> "specialty_class_blitzkrieg" (call 28800)
[LUI] [LUI trace] Engine.IsHubMode() -> true (call 28100)
[LUI] [LUI trace] Cac.PushLootDataToDataModel("Secondary_Attachment", nil, {_modelPath=secondaryAttachment1,_baseDataSource={..}}, 0) ->  (call 1000)
[LUI] [LUI trace] Engine.GetItemGUIDFromReference("winchester1897_mp") -> "0x1017000" (call 9300)
[LUI] [LUI trace] Cac.GetWeaponNameFromLootName("winchester1897_mp") -> "winchester1897_mp" (call 4600)
[LUI] [LUI trace] Engine.IsHubMode() -> true (call 28200)
[LUI] [LUI trace] Engine.GetItemReferenceFromGUID("0x4600098") -> "specialty_class_commando_enlisted" (call 28900)
[LUI] [LUI trace] Engine.Inventory_GetItemRarity("0x46000a3") -> -1 (call 1000)
[LUI] [LUI trace] Cac.GetLootRarity("0x46000a3") -> 1 (call 1000)
[LUI] [LUI trace] Engine.GetNewItemBreadcrumbState(0, 4873, false) -> false (call 1300)
[LUI] [LUI trace] Engine.Inventory_GetItemCollectionID("0x0") -> 0 (call 900)
[LUI] [LUI trace] Cac.GetUnlockItemRefForController("emote_sittin", "Emote", "customClasses", 17, 0) -> "emote_sittin" (call 900)
[LUI] [LUI trace] Engine.GetOnlineGame() -> true (call 3400)
[LUI] [LUI trace] Engine.IsHubMode() -> true (call 28300)
[LUI] [LUI trace] Engine.GetItemReferenceFromGUID("0x46000a3") -> "specialty_class_blitzkrieg" (call 29000)
[LUI] [LUI trace] Engine.IsGamepadEnabled(nil) -> true (call 5700)
[LUI] [LUI trace] Engine.GetItemReferenceFromGUID("0x1002000") -> "stun_grenade_mp" (call 29100)
[LUI] [LUI trace] Engine.GetItemReferenceFromGUID("0x102c000") -> "luger_mp" (call 29200)
[LUI] [LUI trace] Engine.IsHubMode() -> true (call 28400)
[LUI] [LUI trace] Cac.GetUnlockItemRef("grip", "Primary_Attachment", "customClasses", 18) -> "grip" (call 500)
[LUI] [LUI trace] Cac.IsItemGuidControlledInRankedPlay("0x1019000") -> true (call 5500)
[LUI] [LUI trace] Engine.GetItemReferenceFromGUID("0x102c000") -> "luger_mp" (call 29300)
[LUI] [LUI trace] Engine.GetItemGUIDFromReference("luger_mp") -> "0x102c000" (call 9400)
[LUI] [LUI trace] Engine.GetItemReferenceFromGUID("0x1007000") -> "frag_grenade_mp" (call 29400)
[LUI] [LUI trace] Cac.GetWeaponNameFromLootGuid("0x1019000") -> "stg44_mp" (call 4900)
[LUI] [LUI trace] Engine.Inventory_IsLootItem("0x30002f0") -> false (call 1100)
[LUI] [LUI trace] Engine.IsHubMode() -> true (call 28500)
[LUI] [LUI trace] Engine.GetItemReferenceFromGUID("0x3000360") -> "head_damage" (call 29500)
[LUI] [LUI trace] Cac.GetWeaponAndAttachmentRefFromItemRef("luger_mp fast_ads") -> "luger_mp", "fast_ads" (call 2700)
[LUI] [LUI trace] Engine.GetItemGUIDFromReference("0x0") -> "0x0" (call 9500)
[LUI] [LUI trace] Cac.GetWeaponNameFromLootName("charm_none") -> "charm_none" (call 4700)
[LUI] [LUI trace] Engine.IsHubMode() -> true (call 28600)
[LUI] [LUI trace] Engine.Inventory_GetItemCondition("0x46000a4") -> 1 (call 1400)
[LUI] [LUI trace] Cac.GetLootCondition("0x46000a4") -> 2 (call 1400)
[LUI] [LUI trace] Engine.GetItemReferenceFromGUID("0x1019000") -> "stg44_mp" (call 29600)
[LUI] [LUI trace] Engine.GetItemReferenceFromGUID("0x1007000") -> "frag_grenade_mp" (call 29700)
[LUI] [LUI trace] Cac.AllDefaultItemsUnlocked(0) -> false (call 5500)
[LUI] [LUI trace] Engine.IsHubMode() -> true (call 28700)
[LUI] [LUI trace] Engine.GetItemReferenceFromGUID("0x46000a4") -> "specialty_class_escalation" (call 29800)
[LUI] [LUI trace] Engine.IsHubMode() -> true (call 28800)
[LUI] [LUI trace] Cac.GetWeaponNameFromLootGuid("0x1019000") -> "stg44_mp" (call 5000)
[LUI] [LUI trace] Engine.GetItemReferenceFromGUID("0x46000a4") -> "specialty_class_escalation" (call 29900)
[LUI] [LUI trace] Engine.IsGamepadEnabled(nil) -> true (call 5800)
[LUI] [LUI trace] Engine.GetItemGUIDFromReference("stg44_mp") -> "0x1019000" (call 9600)
[LUI] [LUI trace] Cac.GetWeaponNameFromLootName("stg44_mp") -> "stg44_mp" (call 4800)
[LUI] [LUI trace] Engine.GetOnlineGame() -> true (call 3500)
[LUI] [LUI flow] RequestAddMenu(division_select_menu)
[LUI] [LUI trace] Engine.GetItemReferenceFromGUID("0x46000a4") -> "specialty_class_escalation" (call 30000)
[LUI] [LUI trace] Cac.GetItemLockState(0, "division_infantry") -> "Unlocked", 0, "" (call 1100)
[LUI] [LUI trace] Engine.IsHubMode() -> true (call 28900)
[LUI] [LUI trace] Engine.Inventory_GetItemQuantity(0, "0x6022023") -> 0 (call 2400)
[LUI] [LUI trace] Engine.GetItemLockState(0, "0x6012017") -> "Hidden", 17, "Item Expired" (call 4500)
[LUI] [LUI trace] Cac.GetItemGuidLockState(0, "0x6012017") -> "Hidden", 17, "Item Expired" (call 4500)
[LUI] [LUI trace] Engine.GetItemReferenceFromGUID("0x6010023") -> "soviet_resistance_r2c1" (call 30100)
[LUI] [LUI trace] Engine.IsHubMode() -> true (call 29000)
[LUI] [LUI trace] Cac.IsItemGuidControlledInRankedPlay("0x6003001") -> true (call 5600)
[LUI] [LUI trace] Cac.AllDefaultItemsUnlocked(0) -> false (call 5600)
[LUI] [LUI trace] Engine.IsHubMode() -> true (call 29100)
[LUI] [LUI trace] Engine.Inventory_GetItemQuantity(0, "0x6000004") -> 0 (call 2500)
[LUI] [LUI trace] Engine.GetItemLockState(0, "0x6013024") -> "Hidden", 17, "Item Expired" (call 4600)
[LUI] [LUI trace] Cac.GetItemGuidLockState(0, "0x6013024") -> "Hidden", 17, "Item Expired" (call 4600)
[LUI] [LUI trace] Engine.GetItemReferenceFromGUID("0x6010027") -> "british_tanker_r2c1" (call 30200)
[LUI] [LUI trace] Engine.IsHubMode() -> true (call 29200)
[LUI] [LUI trace] Cac.IsItemGuidControlledInRankedPlay("0x6030019") -> true (call 5700)
[LUI] [LUI trace] Cac.AllDefaultItemsUnlocked(0) -> false (call 5700)
[LUI] [LUI trace] Engine.IsHubMode() -> true (call 29300)
[LUI] [LUI trace] Engine.Inventory_GetItemQuantity(0, "0x6022015") -> 0 (call 2600)
[LUI] [LUI trace] Engine.GetItemLockState(0, "0x6012015") -> "Hidden", 17, "Item Expired" (call 4700)
[LUI] [LUI trace] Cac.GetItemGuidLockState(0, "0x6012015") -> "Hidden", 17, "Item Expired" (call 4700)
[LUI] [LUI trace] Engine.GetItemReferenceFromGUID("0x601000d") -> "canadian_sniper_r2c1" (call 30300)
[LUI] [LUI trace] Engine.IsHubMode() -> true (call 29400)
[LUI] [LUI trace] Cac.IsItemGuidControlledInRankedPlay("0x6003013") -> true (call 5800)
[LUI] [LUI trace] Cac.AllDefaultItemsUnlocked(0) -> false (call 5800)
[LUI] [LUI trace] Engine.IsHubMode() -> true (call 29500)
[LUI] [LUI trace] Engine.Inventory_GetItemRarity("0x8000C4") -> -1 (call 1100)
[LUI] [LUI trace] Cac.GetLootRarity("0x8000C4") -> 1 (call 1100)
[LUI] [LUI trace] Engine.Inventory_GetItemQuantity(0, "0x601001e") -> 0 (call 2700)
[LUI] [LUI trace] Engine.GetItemLockState(0, "0x600001c") -> "Hidden", 17, "Item Expired" (call 4800)
[LUI] [LUI trace] Cac.GetItemGuidLockState(0, "0x600001c") -> "Hidden", 17, "Item Expired" (call 4800)
[LUI] [LUI trace] Engine.GetItemReferenceFromGUID("0x8000c5") -> "division_grenadier" (call 30400)
[LUI] [LUI trace] Engine.IsHubMode() -> true (call 29600)
[LUI] [LUI trace] Cac.IsItemGuidControlledInRankedPlay("0x6003032") -> true (call 5900)
[LUI] [LUI trace] Cac.AllDefaultItemsUnlocked(0) -> false (call 5900)
[LUI] [LUI trace] Engine.IsHubMode() -> true (call 29700)
[LUI] [LUI trace] Engine.Inventory_GetItemQuantity(0, "0x6010012") -> 0 (call 2800)
[LUI] [LUI trace] Engine.IsHubMode() -> true (call 29800)
[LUI] [LUI trace] Engine.GetItemReferenceFromGUID("0x6002005") -> "us_anc_nurse_r1c3" (call 30500)
[LUI] [LUI trace] Engine.GetItemLockState(0, "0x6002012") -> "Hidden", 17, "Item Expired" (call 4900)
[LUI] [LUI trace] Cac.GetItemGuidLockState(0, "0x6002012") -> "Hidden", 17, "Item Expired" (call 4900)
[LUI] [LUI trace] Cac.IsItemGuidControlledInRankedPlay("0x6000023") -> true (call 6000)
[LUI] [LUI trace] Cac.AllDefaultItemsUnlocked(0) -> false (call 6000)
[LUI] [LUI trace] Engine.IsHubMode() -> true (call 29900)
[LUI] [LUI trace] Engine.IsHubMode() -> true (call 30000)
[LUI] [LUI trace] Engine.Inventory_GetItemQuantity(0, "0x6010027") -> 0 (call 2900)
[LUI] [LUI trace] Engine.GetItemReferenceFromGUID("0x6013007") -> "us_riveter_skin2" (call 30600)
[LUI] [LUI trace] Engine.GetItemLockState(0, "0x6032007") -> "Hidden", 17, "Item Expired" (call 5000)
[LUI] [LUI trace] Cac.GetItemGuidLockState(0, "0x6032007") -> "Hidden", 17, "Item Expired" (call 5000)
[LUI] [LUI trace] Cac.IsItemGuidControlledInRankedPlay("0x6030009") -> true (call 6100)
[LUI] [LUI trace] Cac.AllDefaultItemsUnlocked(0) -> false (call 6100)
[LUI] [LUI trace] Engine.IsHubMode() -> true (call 30100)
[LUI] [LUI trace] Engine.IsHubMode() -> true (call 30200)
[LUI] [LUI trace] Engine.Inventory_GetItemQuantity(0, "0x6032010") -> 0 (call 3000)
[LUI] [LUI trace] Cac.IsItemGuidControlledInRankedPlay("0x6023013") -> true (call 6200)
[LUI] [LUI trace] Engine.GetItemReferenceFromGUID("0x6032011") -> "soviet_naval_infantry_r4c3" (call 30700)
[LUI] [LUI trace] Engine.GetItemLockState(0, "0x6003013") -> "Hidden", 17, "Item Expired" (call 5100)
[LUI] [LUI trace] Cac.GetItemGuidLockState(0, "0x6003013") -> "Hidden", 17, "Item Expired" (call 5100)
[LUI] [LUI trace] Cac.AllDefaultItemsUnlocked(0) -> false (call 6200)
[LUI] [LUI trace] Engine.IsHubMode() -> true (call 30300)
[LUI] [LUI trace] Engine.IsHubMode() -> true (call 30400)
[LUI] [LUI trace] Engine.Inventory_GetItemQuantity(0, "0x6010025") -> 0 (call 3100)
[LUI] [LUI trace] Cac.IsItemGuidControlledInRankedPlay("0x6003032") -> true (call 6300)
[LUI] [LUI trace] Engine.GetItemReferenceFromGUID("0x6010035") -> "british_summer_heavy_r2c1" (call 30800)
[LUI] [LUI trace] Engine.GetItemLockState(0, "0x6020035") -> "Hidden", 17, "Item Expired" (call 5200)
[LUI] [LUI trace] Cac.GetItemGuidLockState(0, "0x6020035") -> "Hidden", 17, "Item Expired" (call 5200)
[LUI] [LUI trace] Cac.AllDefaultItemsUnlocked(0) -> false (call 6300)
[LUI] [LUI trace] Engine.IsHubMode() -> true (call 30500)
[LUI] [LUI trace] Engine.IsHubMode() -> true (call 30600)
[LUI] [LUI trace] Engine.GetNewItemBreadcrumbState(0, 1675, false) -> false (call 1400)
[LUI] [LUI trace] Cac.IsItemGuidControlledInRankedPlay("0x6000005") -> true (call 6400)
[LUI] [LUI trace] Engine.Inventory_GetItemQuantity(0, "0x6000012") -> 0 (call 3200)
[LUI] [LUI trace] Engine.GetItemGUIDFromReference("division_infantry") -> "0x80005b" (call 9700)
[LUI] [LUI trace] Cac.GetWeaponAndAttachmentRefFromItemRef("division_infantry") -> nil, nil (call 2800)
[LUI] [LUI trace] Engine.GetItemReferenceFromGUID("0x6013016") -> "polish_winter_skin2" (call 30900)
[LUI] [LUI trace] Engine.GetItemLockState(0, "0x6032016") -> "Hidden", 17, "Item Expired" (call 5300)
[LUI] [LUI trace] Cac.GetItemGuidLockState(0, "0x6032016") -> "Hidden", 17, "Item Expired" (call 5300)
[LUI] [LUI trace] Cac.AllDefaultItemsUnlocked(0) -> false (call 6400)
[LUI] [LUI trace] Engine.IsHubMode() -> true (call 30700)
[LUI] [LUI trace] Engine.IsHubMode() -> true (call 30800)
[LUI] [LUI trace] Cac.IsItemGuidControlledInRankedPlay("0x6000024") -> true (call 6500)
[LUI] [LUI trace] Engine.Inventory_GetItemQuantity(0, "0x6022007") -> 0 (call 3300)
[LUI] [LUI trace] Engine.GetItemReferenceFromGUID("0x6020019") -> "british_royal_navy_r3c1" (call 31000)
[LUI] [LUI trace] Engine.GetItemLockState(0, "0x6020006") -> "Hidden", 17, "Item Expired" (call 5400)
[LUI] [LUI trace] Cac.GetItemGuidLockState(0, "0x6020006") -> "Hidden", 17, "Item Expired" (call 5400)
[LUI] [LUI trace] Cac.AllDefaultItemsUnlocked(0) -> false (call 6500)
[LUI] [LUI trace] Engine.IsHubMode() -> true (call 30900)
[LUI] [LUI trace] Engine.IsHubMode() -> true (call 31000)
[LUI] [LUI trace] Cac.IsItemGuidControlledInRankedPlay("0x6032011") -> true (call 6600)
[LUI] [LUI trace] Engine.Inventory_GetItemQuantity(0, "0x6010028") -> 0 (call 3400)
[LUI] [LUI trace] Engine.GetItemReferenceFromGUID("0x600301b") -> "axis_grenadier_skin1" (call 31100)
[LUI] [LUI trace] Engine.IsHubMode() -> true (call 31100)
[LUI] [LUI trace] Engine.GetItemLockState(0, "0x6022013") -> "Hidden", 17, "Item Expired" (call 5500)
[LUI] [LUI trace] Cac.GetItemGuidLockState(0, "0x6022013") -> "Hidden", 17, "Item Expired" (call 5500)
[LUI] [LUI trace] Cac.AllDefaultItemsUnlocked(0) -> false (call 6600)
[LUI] [LUI trace] Engine.IsHubMode() -> true (call 31200)
[LUI] [LUI trace] Cac.IsItemGuidControlledInRankedPlay("0x6030032") -> true (call 6700)
[LUI] [LUI trace] Engine.IsHubMode() -> true (call 31300)
[LUI] [LUI trace] Engine.Inventory_GetItemQuantity(0, "0x600003c") -> 1 (call 3500)
[LUI] [LUI trace] Cac.AllDefaultItemsUnlocked(0) -> false (call 6700)
[LUI] [LUI trace] Engine.GetItemReferenceFromGUID("0x602003b") -> "soviet_medic_r3c1" (call 31200)
[LUI] [LUI trace] Engine.GetItemLockState(0, "0x600003b") -> "Hidden", 17, "Item Expired" (call 5600)
[LUI] [LUI trace] Cac.GetItemGuidLockState(0, "0x600003b") -> "Hidden", 17, "Item Expired" (call 5600)
[LUI] [LUI trace] Engine.GetItemLockStateByItemRef(0, "division_airborne") -> "Unlocked", 0, "" (call 900)
[DW] bdStorage: executing task '24' (transaction ID: 178)
[DW]: [bdStorage]: set user file: rankedloadouts
[DW]: [bdStorage]: set user file: costumes
[LUI] [LUI trace] Engine.GetOnlineGame() -> true (call 3600)
[LUI] [LUI trace] Engine.IsGamepadEnabled(nil) -> true (call 5900)
[LUI] [LUI trace] Engine.IsHubMode() -> true (call 31400)
[LUI] [LUI trace] Cac.GetWeaponAndAttachmentRefFromItemRef("division_resistance") -> nil, nil (call 2900)
[LUI] [LUI trace] Engine.IsGamepadEnabled(nil) -> true (call 6000)
[LUI] [LUI trace] Cac.GetItemLockState(0, "division_resistance") -> "Unlocked", 0, "" (call 1200)
[LUI] [LUI trace] Engine.IsHubMode() -> true (call 31500)
[LUI] [LUI trace] Engine.GetOnlineGame() -> true (call 3700)
[LUI] [LUI trace] Cac.IsItemGuidControlledInRankedPlay("0x80005c") -> false (call 6800)
[LUI] [LUI trace] Engine.IsGamepadEnabled(nil) -> true (call 6100)
[LUI] [LUI trace] Engine.GetItemGUIDFromReference("stg44_mp") -> "0x1019000" (call 9800)
[LUI] [LUI flow] RequestLeaveMenu()
[LUI] [LUI trace] Engine.IsHubMode() -> true (call 31600)
[LUI] [LUI trace] Engine.IsHubMode() -> true (call 31700)
[LUI] [LUI trace] Engine.IsHubMode() -> true (call 31800)
[LUI] [LUI trace] Engine.GetItemReferenceFromGUID("0x46000a4") -> "specialty_class_escalation" (call 31300)
[LUI] [LUI trace] Engine.GetItemReferenceFromGUID("0x1007000") -> "frag_grenade_mp" (call 31400)
[LUI] [LUI trace] Cac.GetWeaponNameFromLootGuid("0x102c000") -> "luger_mp" (call 5100)
[LUI] [LUI trace] Engine.GetItemReferenceFromGUID("0x1002000") -> "stun_grenade_mp" (call 31500)
[LUI] [LUI trace] Engine.GetItemReferenceFromGUID("0x1007000") -> "frag_grenade_mp" (call 31600)
[LUI] [LUI trace] Engine.IsHubMode() -> true (call 31900)
[LUI] [LUI trace] Engine.GetItemReferenceFromGUID("0x46000a4") -> "specialty_class_escalation" (call 31700)
[LUI] [LUI trace] Engine.GetOnlineGame() -> true (call 3800)
[LUI] [LUI trace] Cac.AllDefaultItemsUnlocked(0) -> false (call 6800)
[LUI] [LUI trace] Cac.GetWeaponAndAttachmentRefFromItemRef("cac") -> nil, nil (call 3000)
[LUI] [LUI trace] Engine.GetItemLockStateByItemRef(0, "cac") -> "Unlocked", 0, "" (call 1000)
[LUI] [LUI trace] Engine.GetItemGUIDFromReference("cac") -> "0x0" (call 9900)
[LUI] [LUI trace] Engine.IsHubMode() -> true (call 32000)
[LUI] [LUI trace] Engine.GetItemReferenceFromGUID("0x4600078") -> "specialty_class_armored_enlisted" (call 31800)
[LUI] [LUI trace] Engine.IsHubMode() -> true (call 32100)
[LUI] [LUI trace] Engine.GetItemReferenceFromGUID("0x1019000") -> "stg44_mp" (call 31900)
[LUI] [LUI trace] Cac.GetWeaponNameFromLootName("stg44_mp") -> "stg44_mp" (call 4900)
[LUI] [LUI trace] Engine.IsGamepadEnabled(nil) -> true (call 6200)
[LUI] [LUI trace] Engine.GetItemReferenceFromGUID("0x1019000") -> "stg44_mp" (call 32000)
[LUI] [LUI trace] Cac.GetWeaponNameFromLootGuid("0x1019000") -> "stg44_mp" (call 5200)
[LUI] [LUI trace] Engine.GetItemGUIDFromReference("stg44_mp") -> "0x1019000" (call 10000)
[LUI] [LUI trace] Engine.GetItemReferenceFromGUID("0x1019000") -> "stg44_mp" (call 32100)
[LUI] [LUI trace] Cac.GetWeaponNameFromLootName("stg44_mp") -> "stg44_mp" (call 5000)
[LUI] [LUI flow] RequestAddMenu(cac_edit_attachment)
[LUI] [LUI trace] Engine.IsHubMode() -> true (call 32200)
[LUI] [LUI trace] Engine.GetItemReferenceFromGUID("0x3000670") -> "aperture_sight_stg44" (call 32200)
[LUI] [LUI trace] Engine.IsHubMode() -> true (call 32300)
[LUI] [LUI trace] Cac.PushLootDataToDataModel("Primary_Attachment", {weaponBonusIndex_ZM=0,lootCondition=2,weaponBonusXP_MP=0,storageCategory=Primary_Attachment,unlockMessage=,expirationType=0,...}, {_modelPath=5,_baseDataSource={..}}, 0) ->  (call 1100)
[LUI] [LUI trace] Engine.GetItemGUIDFromReference("fmj") -> "0x3000320" (call 10100)
[LUI] [LUI trace] Engine.Inventory_IsLootItem("0x3000450") -> false (call 1200)
[LUI] [LUI trace] Cac.GetWeaponNameFromLootGuid("0x3000450") -> "extended_range_rifle" (call 5300)
[LUI] [LUI trace] Engine.Inventory_GetItemExpirationType(0, "0x3000450") -> 0 (call 600)
[LUI] [LUI trace] Engine.GetItemReferenceFromGUID("0x30002f0") -> "fast_ads" (call 32300)
[LUI] [LUI trace] Cac.GetWeaponAndAttachmentRefFromItemRef("stg44_mp extended_range_rifle") -> "stg44_mp", "extended_range_rifle" (call 3100)
[LUI] [LUI trace] Engine.GetItemReferenceFromGUID("0x46000a4") -> "specialty_class_escalation" (call 32400)
[LUI] [LUI trace] Cac.IsCategoryRestrictedByPerk("Primary_Attachment", "customClasses", 18) -> false (call 900)
[LUI] [LUI trace] Engine.GetItemReferenceFromGUID("0x46000a4") -> "specialty_class_escalation" (call 32500)
[LUI] [LUI trace] Engine.IsHubMode() -> true (call 32400)
[LUI] [LUI trace] Engine.GetItemReferenceFromGUID("0x46000a4") -> "specialty_class_escalation" (call 32600)
[DW] bdStorage: executing task '24' (transaction ID: 179)
[DW]: [bdStorage]: set user file: rankedloadouts
[DW]: [bdStorage]: set user file: costumes
[LUI] [LUI trace] Engine.IsHubMode() -> true (call 32500)
[LUI] [LUI trace] Engine.GetItemGUIDFromReference("stg44_mp") -> "0x1019000" (call 10200)
[LUI] [LUI trace] Engine.IsGamepadEnabled(nil) -> true (call 6300)
[LUI] [LUI trace] Cac.IsItemGuidControlledInRankedPlay("0x1019000") -> true (call 6900)
[LUI] [LUI trace] Engine.IsHubMode() -> true (call 32600)
[LUI] [LUI trace] Cac.AllDefaultItemsUnlocked(0) -> false (call 6900)
[LUI] [LUI trace] Engine.GetItemReferenceFromGUID("0x1019000") -> "stg44_mp" (call 32700)
[LUI] [LUI trace] Engine.IsHubMode() -> true (call 32700)
[LUI] [LUI trace] Cac.GetUnlockItemGuidForCategory("Primary", "customClasses", 18) ->  (call 500)
[LUI] [LUI trace] Engine.IsHubMode() -> true (call 32800)
[LUI] [LUI flow] RequestLeaveMenu()
[LUI] [LUI trace] Cac.EquipItem(0, "Primary_Attachment", 1, "customClasses", 18, "head_damage", function: 00000226A214DF18) ->  (call 6)
[LUI] [LUI trace] Engine.GetItemLockState(0, "0x1019000") -> "Unlocked", 0, "" (call 5700)
[LUI] [LUI trace] Cac.GetItemGuidLockState(0, "0x1019000") -> "Unlocked", 0, "" (call 5700)
[LUI] [LUI trace] Engine.GetItemReferenceFromGUID("0x3000350") -> "grip" (call 32800)
[LUI] [LUI trace] Engine.Inventory_GetItemCondition("0x3000360") -> 1 (call 1500)
[LUI] [LUI trace] Cac.GetLootCondition("0x3000360") -> 2 (call 1500)
[LUI] [LUI trace] Engine.IsHubMode() -> true (call 32900)
[LUI] [LUI trace] Engine.IsHubMode() -> true (call 33000)
[LUI] [LUI trace] Cac.GetWeaponNameFromLootName("luger_mp") -> "luger_mp" (call 5100)
[LUI] [LUI trace] Engine.GetItemGUIDFromReference("luger_mp") -> "0x102c000" (call 10300)
[LUI] [LUI trace] Engine.GetItemReferenceFromGUID("0x1007000") -> "frag_grenade_mp" (call 32900)
[LUI] [LUI trace] Engine.GetItemReferenceFromGUID("0x4600078") -> "specialty_class_armored_enlisted" (call 33000)
[LUI] [LUI trace] Engine.GetOnlineGame() -> true (call 3900)
[LUI] [LUI trace] Engine.GetItemReferenceFromGUID("0x1007000") -> "frag_grenade_mp" (call 33100)
[LUI] [LUI trace] Engine.IsHubMode() -> true (call 33100)
[LUI] [LUI trace] Engine.GetItemReferenceFromGUID("0x46000a4") -> "specialty_class_escalation" (call 33200)
[LUI] [LUI trace] Cac.GetWeaponNameFromLootGuid("0x102c000") -> "luger_mp" (call 5400)
[LUI] [LUI trace] Engine.GetNewItemBreadcrumbState(0, 358, false) -> false (call 1500)
[LUI] [LUI trace] Cac.GetItemLockState(0, "cac", nil) -> "Unlocked", 0, "" (call 1300)
[LUI] [LUI trace] Cac.IsItemUnlocked(0, "cac") -> true (call 400)
[LUI] [LUI trace] Engine.IsHubMode() -> true (call 33200)
[LUI] [LUI trace] Cac.GetWeaponAndAttachmentRefFromItemRef("cac") -> nil, nil (call 3200)
[LUI] [LUI trace] Engine.GetItemReferenceFromGUID("0x46000a4") -> "specialty_class_escalation" (call 33300)
[LUI] [LUI trace] Engine.GetItemReferenceFromGUID("0x4600078") -> "specialty_class_armored_enlisted" (call 33400)
[LUI] [LUI trace] Engine.GetItemGUIDFromReference("stg44_mp") -> "0x1019000" (call 10400)
[LUI] [LUI trace] Engine.IsHubMode() -> true (call 33300)
[LUI] [LUI trace] Engine.IsGamepadEnabled(nil) -> true (call 6400)
[LUI] [LUI trace] Engine.GetItemReferenceFromGUID("0x1007000") -> "frag_grenade_mp" (call 33500)
[LUI] [LUI trace] Cac.GetWeaponNameFromLootName("stg44_mp") -> "stg44_mp" (call 5200)
[LUI] [LUI trace] Engine.GetItemReferenceFromGUID("0x46000a4") -> "specialty_class_escalation" (call 33600)
[LUI] [LUI trace] Engine.IsGamepadEnabled(nil) -> true (call 6500)
[LUI] [LUI trace] Engine.IsHubMode() -> true (call 33400)
[LUI] [LUI trace] Engine.GetItemReferenceFromGUID("0x1019000") -> "stg44_mp" (call 33700)
[LUI] [LUI trace] Cac.GetWeaponNameFromLootGuid("0x1019000") -> "stg44_mp" (call 5500)
[LUI] [LUI trace] Engine.GetItemReferenceFromGUID("0x46000a4") -> "specialty_class_escalation" (call 33800)
[LUI] [LUI trace] Engine.IsGamepadEnabled(nil) -> true (call 6600)
[LUI] [LUI trace] Engine.GetItemGUIDFromReference("stg44_mp") -> "0x1019000" (call 10500)
[LUI] [LUI trace] Engine.GetItemReferenceFromGUID("0x1019000") -> "stg44_mp" (call 33900)
[LUI] [LUI trace] Engine.IsHubMode() -> true (call 33500)
[LUI] [LUI trace] Engine.GetItemReferenceFromGUID("0x4600078") -> "specialty_class_armored_enlisted" (call 34000)
[LUI] [LUI trace] Cac.GetWeaponNameFromLootName("stg44_mp") -> "stg44_mp" (call 5300)
[LUI] [LUI trace] Engine.IsGamepadEnabled(nil) -> true (call 6700)
[LUI] [LUI trace] Engine.GetItemReferenceFromGUID("0x1019000") -> "stg44_mp" (call 34100)
[LUI] [LUI trace] Cac.GetWeaponNameFromLootGuid("0x1019000") -> "stg44_mp" (call 5600)
[LUI] [LUI trace] Engine.GetItemGUIDFromReference("stg44_mp") -> "0x1019000" (call 10600)
[LUI] [LUI flow] RequestAddMenu(cac_edit_attachment)
[LUI] [LUI trace] Engine.GetItemReferenceFromGUID("0x4600078") -> "specialty_class_armored_enlisted" (call 34200)
[LUI] [LUI trace] Engine.IsHubMode() -> true (call 33600)
[LUI] [LUI trace] Cac.IsItemGuidControlledInRankedPlay("0x0") -> true (call 7000)
[LUI] [LUI trace] Cac.GetClassItemLockState("stg44_mp hipfire", 0, "Primary_Attachment", "customClasses", 18) -> "Unlocked", 0, "" (call 300)
[LUI] [LUI trace] Engine.GetItemReferenceFromGUID("0x3000350") -> "grip" (call 34300)
[LUI] [LUI trace] Cac.GetWeaponNameFromLootName("telescopic_sight_stg44") -> "telescopic_sight_stg44" (call 5400)
[LUI] [LUI trace] Engine.IsHubMode() -> true (call 33700)
[LUI] [LUI trace] Engine.GetItemGUIDFromReference("extended_range_rifle") -> "0x3000450" (call 10700)
[LUI] [LUI trace] Cac.GetUnlockItemRef("stg44_mp extended_range_rifle", "Primary_Attachment", "customClasses", 18) -> "stg44_mp extended_range_rifle" (call 600)
[LUI] [LUI trace] Engine.GetItemReferenceFromGUID("0x3000360") -> "head_damage" (call 34400)
[LUI] [LUI trace] Cac.GetWeaponNameFromLootGuid("0x1019000") -> "stg44_mp" (call 5700)
[LUI] [LUI trace] Cac.IsCategoryRestrictedByPerk("Primary", "customClasses", 18) -> false (call 1000)
[LUI] [LUI trace] Engine.GetItemReferenceFromGUID("0x3000350") -> "grip" (call 34500)
[LUI] [LUI trace] Engine.GetItemReferenceFromGUID("0x3000670") -> "aperture_sight_stg44" (call 34600)
[LUI] [LUI trace] Engine.IsHubMode() -> true (call 33800)
[DW] bdStorage: executing task '24' (transaction ID: 180)
[DW]: [bdStorage]: set user file: rankedloadouts
[LUI] [LUI trace] Cac.AllDefaultItemsUnlocked(0) -> false (call 7000)
[LUI] [LUI trace] Engine.IsHubMode() -> true (call 33900)
[LUI] [LUI trace] Engine.GetItemReferenceFromGUID("0x3000350") -> "grip" (call 34700)
[LUI] [LUI trace] Engine.GetItemGUIDFromReference("stg44_mp") -> "0x1019000" (call 10800)
[LUI] [LUI trace] Engine.IsHubMode() -> true (call 34000)
[LUI] [LUI trace] Engine.IsHubMode() -> true (call 34100)
[LUI] [LUI trace] Cac.IsItemGuidControlledInRankedPlay("0x1019000") -> true (call 7100)
[LUI] [LUI trace] Engine.GetItemLockState(0, "0x1019000") -> "Unlocked", 0, "" (call 5800)
[LUI] [LUI trace] Cac.GetItemGuidLockState(0, "0x1019000") -> "Unlocked", 0, "" (call 5800)
[LUI] [LUI trace] Cac.AllDefaultItemsUnlocked(0) -> false (call 7100)
[LUI] [LUI trace] Engine.IsHubMode() -> true (call 34200)
[LUI] [LUI trace] Engine.GetItemReferenceFromGUID("0x1019000") -> "stg44_mp" (call 34800)
[LUI] [LUI trace] Engine.GetItemGUIDFromReference("stg44_mp") -> "0x1019000" (call 10900)
[LUI] [LUI trace] Engine.IsHubMode() -> true (call 34300)
[LUI] [LUI trace] Engine.IsGamepadEnabled(nil) -> true (call 6800)
[LUI] [LUI trace] Engine.IsHubMode() -> true (call 34400)
[LUI] [LUI trace] Cac.IsItemGuidControlledInRankedPlay("0x1019000") -> true (call 7200)
[LUI] [LUI trace] Engine.GetItemLockState(0, "0x1019000") -> "Unlocked", 0, "" (call 5900)
[LUI] [LUI trace] Cac.GetItemGuidLockState(0, "0x1019000") -> "Unlocked", 0, "" (call 5900)
[LUI] [LUI trace] Cac.AllDefaultItemsUnlocked(0) -> false (call 7200)
[LUI] [LUI trace] Engine.IsHubMode() -> true (call 34500)
[LUI] [LUI trace] Engine.GetItemReferenceFromGUID("0x1019000") -> "stg44_mp" (call 34900)
[LUI] [LUI trace] Engine.GetItemGUIDFromReference("stg44_mp") -> "0x1019000" (call 11000)
[LUI] [LUI trace] Engine.IsHubMode() -> true (call 34600)
[LUI] [LUI flow] RequestLeaveMenu()
[LUI] [LUI trace] Engine.IsHubMode() -> true (call 34700)
[LUI] [LUI trace] Engine.IsHubMode() -> true (call 34800)
[LUI] [LUI trace] Engine.GetItemReferenceFromGUID("0x4600078") -> "specialty_class_armored_enlisted" (call 35000)
[LUI] [LUI trace] Engine.GetOnlineGame() -> true (call 4000)
[LUI] [LUI trace] Engine.GetItemReferenceFromGUID("0x46000a4") -> "specialty_class_escalation" (call 35100)
[LUI] [LUI trace] Engine.IsHubMode() -> true (call 34900)
[LUI] [LUI trace] Engine.GetItemReferenceFromGUID("0x4600078") -> "specialty_class_armored_enlisted" (call 35200)
[LUI] [LUI trace] Engine.GetItemReferenceFromGUID("0x4600078") -> "specialty_class_armored_enlisted" (call 35300)
[LUI] [LUI trace] Cac.GetWeaponAndAttachmentRefFromItemRef("cac") -> nil, nil (call 3300)
[LUI] [LUI trace] Engine.IsHubMode() -> true (call 35000)
[LUI] [LUI trace] Engine.GetItemGUIDFromReference("cac") -> "0x0" (call 11100)
[LUI] [LUI trace] Cac.IsItemGuidControlledInRankedPlay("0x0") -> true (call 7300)
[LUI] [LUI trace] Engine.GetItemReferenceFromGUID("0x46000a4") -> "specialty_class_escalation" (call 35400)
[LUI] [LUI trace] Cac.GetWeaponNameFromLootName("luger_mp") -> "luger_mp" (call 5500)
[LUI] [LUI trace] Engine.GetItemReferenceFromGUID("0x4600078") -> "specialty_class_armored_enlisted" (call 35500)
[LUI] [LUI trace] Engine.IsHubMode() -> true (call 35100)
[LUI] [LUI trace] Engine.GetItemReferenceFromGUID("0x46000a4") -> "specialty_class_escalation" (call 35600)
[LUI] [LUI trace] Engine.IsGamepadEnabled(nil) -> true (call 6900)
[LUI] [LUI trace] Cac.GetWeaponNameFromLootGuid("0x1019000") -> "stg44_mp" (call 5800)
[LUI] [LUI trace] Engine.GetItemReferenceFromGUID("0x46000a4") -> "specialty_class_escalation" (call 35700)
[LUI] [LUI trace] Engine.GetItemGUIDFromReference("tabun_grenade_mp") -> "0x103d000" (call 11200)
[LUI] [LUI trace] Engine.IsHubMode() -> true (call 35200)
[LUI] [LUI trace] Engine.GetItemReferenceFromGUID("0x1019000") -> "stg44_mp" (call 35800)
[LUI] [LUI trace] Engine.IsGamepadEnabled(nil) -> true (call 7000)
[LUI] [LUI trace] Cac.GetWeaponNameFromLootName("stg44_mp") -> "stg44_mp" (call 5600)
[LUI] [LUI trace] Cac.GetWeaponNameFromLootGuid("0x1019000") -> "stg44_mp" (call 5900)
[LUI] [LUI trace] Engine.GetItemReferenceFromGUID("0x46000a4") -> "specialty_class_escalation" (call 35900)
[LUI] [LUI trace] Engine.GetItemGUIDFromReference("stg44_mp") -> "0x1019000" (call 11300)
[LUI] [LUI trace] Engine.GetItemReferenceFromGUID("0x1019000") -> "stg44_mp" (call 36000)
[LUI] [LUI trace] Cac.GetWeaponNameFromLootName("stg44_mp") -> "stg44_mp" (call 5700)
[LUI] [LUI trace] Engine.GetItemReferenceFromGUID("0x46000a4") -> "specialty_class_escalation" (call 36100)
[LUI] [LUI trace] Cac.GetWeaponNameFromLootGuid("0x1019000") -> "stg44_mp" (call 6000)
[LUI] [LUI trace] Engine.IsHubMode() -> true (call 35300)
[LUI] [LUI trace] Engine.GetItemReferenceFromGUID("0x4600078") -> "specialty_class_armored_enlisted" (call 36200)
[LUI] [LUI trace] Engine.IsGamepadEnabled(nil) -> true (call 7100)
[LUI] [LUI trace] Engine.GetItemGUIDFromReference("stg44_mp") -> "0x1019000" (call 11400)
[LUI] [LUI flow] RequestAddMenu(cac_edit_attachment)
[LUI] [LUI trace] Engine.IsHubMode() -> true (call 35400)
[LUI] [LUI trace] Engine.GetItemReferenceFromGUID("0x30002f0") -> "fast_ads" (call 36300)
[LUI] [LUI trace] Engine.Inventory_GetItemCollectionID("0x30002e0") -> 0 (call 1000)
[LUI] [LUI trace] Cac.GetWeaponAndAttachmentRefFromItemRef("luger_mp tactical_knife") -> "luger_mp", "tactical_knife" (call 3400)
[LUI] [LUI trace] Engine.GetItemReferenceFromGUID("0x46000a4") -> "specialty_class_escalation" (call 36400)
[LUI] [LUI trace] Cac.GetWeaponNameFromLootName("luger_mp") -> "luger_mp" (call 5800)
[LUI] [LUI trace] Engine.IsHubMode() -> true (call 35500)
[LUI] [LUI trace] Cac.IsCategoryRestrictedByPerk("Secondary_Attachment", "customClasses", 18) -> false (call 1100)
[LUI] [LUI trace] Cac.GetWeaponNameFromLootGuid("0x102c000") -> "luger_mp" (call 6100)
[LUI] [LUI trace] Engine.GetItemReferenceFromGUID("0x3000370") -> "hipfire" (call 36500)
[LUI] [LUI trace] Engine.GetItemGUIDFromReference("luger_mp hipfire") -> "0x0" (call 11500)
[LUI] [LUI trace] Cac.AllDefaultItemsUnlocked(0) -> false (call 7300)
[LUI] [LUI trace] Engine.IsHubMode() -> true (call 35600)
[LUI] [LUI trace] Engine.IsGamepadEnabled(nil) -> true (call 7200)
[LUI] [LUI trace] Engine.IsHubMode() -> true (call 35700)
[LUI] [LUI trace] Cac.GetItemLockState(0, "luger_mp hipfire") -> "Unlocked", 0, "" (call 1400)
[LUI] [LUI trace] Engine.GetItemLockState(0, "0x102c000") -> "Unlocked", 0, "" (call 6000)
[LUI] [LUI trace] Cac.GetItemGuidLockState(0, "0x102c000") -> "Unlocked", 0, "" (call 6000)
[LUI] [LUI trace] Engine.IsHubMode() -> true (call 35800)
[LUI] [LUI trace] Engine.GetItemReferenceFromGUID("0x102c000") -> "luger_mp" (call 36600)
[LUI] [LUI trace] Cac.IsItemGuidControlledInRankedPlay("0x102c000") -> true (call 7400)
[LUI] [LUI trace] Engine.IsHubMode() -> true (call 35900)
[LUI] [LUI trace] Engine.GetItemGUIDFromReference("luger_mp") -> "0x102c000" (call 11600)
[LUI] [LUI trace] Cac.AllDefaultItemsUnlocked(0) -> false (call 7400)
[LUI] [LUI flow] RequestLeaveMenu()
[LUI] [LUI trace] Cac.EquipItem(0, "Secondary_Attachment", 0, "customClasses", 18, "fast_ads", function: 000002262C084528) ->  (call 7)
[LUI] [LUI trace] Engine.Inventory_GetItemRarity("0x30002f0") -> 0 (call 1200)
[LUI] [LUI trace] Cac.GetLootRarity("0x30002f0") -> 1 (call 1200)
[LUI] [LUI trace] Engine.GetItemReferenceFromGUID("0x30002f0") -> "fast_ads" (call 36700)
[LUI] [LUI trace] Engine.IsHubMode() -> true (call 36000)
[LUI] [LUI trace] Engine.IsHubMode() -> true (call 36100)
[LUI] [LUI trace] Engine.GetOnlineGame() -> true (call 4100)
[LUI] [LUI trace] Engine.IsHubMode() -> true (call 36200)
[LUI] [LUI trace] Engine.GetItemReferenceFromGUID("0x1007000") -> "frag_grenade_mp" (call 36800)
[LUI] [LUI trace] Engine.GetItemReferenceFromGUID("0x4600078") -> "specialty_class_armored_enlisted" (call 36900)
[LUI] [LUI trace] Engine.GetItemReferenceFromGUID("0x1007000") -> "frag_grenade_mp" (call 37000)
[LUI] [LUI trace] Engine.GetItemReferenceFromGUID("0x46000a4") -> "specialty_class_escalation" (call 37100)
[LUI] [LUI trace] Engine.IsHubMode() -> true (call 36300)
[LUI] [LUI trace] Engine.GetNewItemBreadcrumbState(0, 1187, false) -> false (call 1600)
[LUI] [LUI trace] Engine.GetItemGUIDFromReference("cac") -> "0x0" (call 11700)
[LUI] [LUI trace] Engine.GetItemLockStateByItemRef(0, "cac") -> "Unlocked", 0, "" (call 1100)
[LUI] [LUI trace] Cac.GetWeaponAndAttachmentRefFromItemRef("cac") -> nil, nil (call 3500)
[LUI] [LUI trace] Engine.IsHubMode() -> true (call 36400)
[LUI] [LUI trace] Engine.GetItemReferenceFromGUID("0x46000a4") -> "specialty_class_escalation" (call 37200)
[LUI] [LUI trace] Engine.GetItemReferenceFromGUID("0x4600078") -> "specialty_class_armored_enlisted" (call 37300)
[LUI] [LUI trace] Engine.IsHubMode() -> true (call 36500)
[LUI] [LUI trace] Engine.IsGamepadEnabled(nil) -> true (call 7300)
[LUI] [LUI trace] Engine.GetItemReferenceFromGUID("0x1002000") -> "stun_grenade_mp" (call 37400)
[LUI] [LUI trace] Cac.GetWeaponNameFromLootName("stg44_mp") -> "stg44_mp" (call 5900)
[LUI] [LUI trace] Cac.GetWeaponNameFromLootGuid("0x1019000") -> "stg44_mp" (call 6200)
[LUI] [LUI trace] Engine.GetItemGUIDFromReference("stg44_mp") -> "0x1019000" (call 11800)
[LUI] [LUI trace] Engine.GetItemReferenceFromGUID("0x4600078") -> "specialty_class_armored_enlisted" (call 37500)
[LUI] [LUI trace] Engine.GetItemReferenceFromGUID("0x1002000") -> "stun_grenade_mp" (call 37600)
[LUI] [LUI trace] Engine.GetOnlineGame() -> true (call 4200)
[LUI] [LUI trace] Engine.Inventory_GetItemCondition("0x102c000") -> 0 (call 1600)
[LUI] [LUI trace] Cac.GetLootCondition("0x102c000") -> 1 (call 1600)
[LUI] [LUI trace] Engine.IsHubMode() -> true (call 36600)
[LUI] [LUI trace] Engine.GetItemReferenceFromGUID("0x420001c") -> "molotovs" (call 37700)
[LUI] [LUI trace] Engine.GetItemReferenceFromGUID("0x4600093") -> "specialty_class_resistance_expert" (call 37800)
[LUI] [LUI trace] Engine.GetItemReferenceFromGUID("0x1018000") -> "greasegun_mp" (call 37900)
[LUI] [LUI trace] Cac.GetWeaponNameFromLootName("luger_mp") -> "luger_mp" (call 6000)
[LUI] [LUI trace] Engine.IsHubMode() -> true (call 36700)
[LUI] [LUI trace] Cac.GetWeaponNameFromLootGuid("0x1018000") -> "greasegun_mp" (call 6300)
[LUI] [LUI trace] Engine.GetItemReferenceFromGUID("0x1007000") -> "frag_grenade_mp" (call 38000)
[LUI] [LUI trace] Engine.IsHubMode() -> true (call 36800)
[LUI] [LUI trace] Engine.GetItemReferenceFromGUID("0x4600069") -> "specialty_class_saboteur" (call 38100)
[LUI] [LUI trace] Engine.GetItemGUIDFromReference("specialty_class_resistance_expert") -> "0x4600093" (call 11900)
[LUI] [LUI trace] Engine.Inventory_IsLootItem("0x4600069") -> false (call 1300)
[LUI] [LUI trace] Engine.GetItemReferenceFromGUID("0x1007000") -> "frag_grenade_mp" (call 38200)
[LUI] [LUI trace] Cac.GetUnlockItemRefForController("specialty_class_saboteur", "Perk_Slot2", "customClasses", 15, 0) -> "specialty_class_saboteur" (call 1000)
[LUI] [LUI trace] Engine.IsHubMode() -> true (call 36900)
[LUI] [LUI trace] Engine.GetItemReferenceFromGUID("0x1007000") -> "frag_grenade_mp" (call 38300)
[LUI] [LUI trace] Engine.IsGamepadEnabled(nil) -> true (call 7400)
[LUI] [LUI trace] Engine.IsHubMode() -> true (call 37000)
[LUI] [LUI trace] Engine.GetItemReferenceFromGUID("0x1007000") -> "frag_grenade_mp" (call 38400)
[LUI] [LUI trace] Engine.GetItemReferenceFromGUID("0x460007b") -> "specialty_class_mountain_enlisted" (call 38500)
[LUI] [LUI trace] Cac.GetUnlockItemGuidForCategoryForController("Primary", "customClasses", 4, 0) ->  (call 500)
[LUI] [LUI trace] Engine.GetItemReferenceFromGUID("0x1025000") -> "leeenfield_mp" (call 38600)
[LUI] [LUI trace] Engine.IsHubMode() -> true (call 37100)
[LUI] [LUI trace] Engine.GetOnlineGame() -> true (call 4300)
[LUI] [LUI trace] Engine.GetItemGUIDFromReference("leeenfield_mp") -> "0x1025000" (call 12000)
[LUI] [LUI trace] Engine.GetItemReferenceFromGUID("0x1007000") -> "frag_grenade_mp" (call 38700)
[LUI] [LUI trace] Cac.PushLootDataToDataModel("Primary_Attachment", nil, {_modelPath=primaryAttachment2,_baseDataSource={..}}, 0) ->  (call 1200)
[LUI] [LUI trace] Engine.IsHubMode() -> true (call 37200)
[LUI] [LUI trace] Cac.IsItemGuidControlledInRankedPlay("0x460007b") -> true (call 7500)
[LUI] [LUI trace] Engine.GetItemReferenceFromGUID("0x4600071") -> "specialty_class_espionage" (call 38800)
[LUI] [LUI trace] Cac.GetWeaponNameFromLootName("frag_grenade_mp") -> "frag_grenade_mp" (call 6100)
[LUI] [LUI trace] Engine.IsHubMode() -> true (call 37300)
[LUI] [LUI trace] Engine.GetItemReferenceFromGUID("0x1002000") -> "stun_grenade_mp" (call 38900)
[LUI] [LUI trace] Cac.GetWeaponNameFromLootGuid("0x1052000") -> "shovel_mp" (call 6400)
[LUI] [LUI trace] Engine.GetItemReferenceFromGUID("0x420001b") -> "paratroopers" (call 39000)
[LUI] [LUI trace] Engine.Inventory_GetItemCondition("0x1037000") -> 0 (call 1700)
[LUI] [LUI trace] Cac.GetLootCondition("0x1037000") -> 1 (call 1700)
[LUI] [LUI trace] Engine.IsHubMode() -> true (call 37400)
[LUI] [LUI trace] Engine.GetItemReferenceFromGUID("0x4600078") -> "specialty_class_armored_enlisted" (call 39100)
[LUI] [LUI trace] Engine.Inventory_GetItemCollectionID("0x0") -> 0 (call 1100)
[LUI] [LUI trace] Engine.IsHubMode() -> true (call 37500)
[LUI] [LUI trace] Engine.GetItemGUIDFromReference("bazooka_mp") -> "0x1037000" (call 12100)
[LUI] [LUI trace] Engine.GetItemLockState(0, "0x1037000") -> "Unlocked", 0, "" (call 6100)
[LUI] [LUI trace] Cac.GetItemGuidLockState(0, "0x1037000") -> "Unlocked", 0, "" (call 6100)
[LUI] [LUI trace] Engine.GetItemReferenceFromGUID("0x1015000") -> "lewis_mp" (call 39200)
[LUI] [LUI trace] Engine.GetItemReferenceFromGUID("0x460006a") -> "specialty_class_launched" (call 39300)
[LUI] [LUI trace] Engine.IsHubMode() -> true (call 37600)
[LUI] [LUI trace] Cac.GetUnlockItemRefForController("0x0", "Secondary_Paintjob", "customClasses", 3, 0) -> "0x0" (call 1100)
[LUI] [LUI trace] Engine.Inventory_GetItemRarity("0x7000001") -> 0 (call 1300)
[LUI] [LUI trace] Cac.GetLootRarity("0x7000001") -> 1 (call 1300)
[LUI] [LUI trace] Cac.AllDefaultItemsUnlocked(0) -> false (call 7500)
[LUI] [LUI trace] Engine.GetItemReferenceFromGUID("0x1002000") -> "stun_grenade_mp" (call 39400)
[LUI] [LUI trace] Engine.IsHubMode() -> true (call 37700)
[LUI] [LUI trace] Cac.PushLootDataToDataModel("Emote", {weaponBonusIndex_ZM=0,lootCondition=2,weaponBonusXP_MP=0,expirationType=0,image=emote,lootName=emote_high_five,...}, {_modelPath=emote3,_baseDataSource={..}}, 0) ->  (call 1300)
[LUI] [LUI trace] Engine.GetItemReferenceFromGUID("0x200010") -> "emote_wave" (call 39500)
[LUI] [LUI trace] Engine.IsHubMode() -> true (call 37800)
[LUI] [LUI trace] Engine.GetOnlineGame() -> true (call 4400)
[LUI] [LUI trace] Engine.GetItemReferenceFromGUID("0x4600098") -> "specialty_class_commando_enlisted" (call 39600)
[LUI] [LUI trace] Engine.GetItemReferenceFromGUID("0x46000a3") -> "specialty_class_blitzkrieg" (call 39700)
[LUI] [LUI trace] Engine.Inventory_IsLootItem("0x1021000") -> false (call 1400)
[LUI] [LUI trace] Engine.GetItemGUIDFromReference("walther_mp") -> "0x1021000" (call 12200)
[LUI] [LUI trace] Cac.GetWeaponNameFromLootName("walther_mp") -> "walther_mp" (call 6200)
[LUI] [LUI trace] Engine.IsHubMode() -> true (call 37900)
[LUI] [LUI trace] Cac.GetWeaponNameFromLootGuid("0x102c000") -> "luger_mp" (call 6500)
[LUI] [LUI trace] Engine.Inventory_IsItemGUIDUsableForPlayer(0, "luger_mp") -> false (call 100)
[LUI] [LUI trace] Engine.GetItemReferenceFromGUID("0x1007000") -> "frag_grenade_mp" (call 39800)
[LUI] [LUI trace] Engine.IsHubMode() -> true (call 38000)
[LUI] [LUI trace] Engine.GetItemReferenceFromGUID("0x1021000") -> "walther_mp" (call 39900)
[LUI] [LUI trace] Engine.IsHubMode() -> true (call 38100)
[LUI] [LUI trace] Engine.Inventory_GetItemExpirationType(0, "0x46000a3") -> 0 (call 700)
[LUI] [LUI trace] Engine.GetItemReferenceFromGUID("0x1093000") -> "s2_tactical_insertion_cavalry_mp" (call 40000)
[LUI] [LUI trace] Engine.Inventory_GetItemCollectionID("0x1052000") -> 0 (call 1200)
[LUI] [LUI trace] Engine.GetItemGUIDFromReference("emote_sittin") -> "0x20000f" (call 12300)
[LUI] [LUI trace] Engine.IsHubMode() -> true (call 38200)
[LUI] [LUI trace] Engine.GetItemReferenceFromGUID("0x30005c0") -> "aperture_sight_greasegun" (call 40100)
[LUI] [LUI trace] Engine.Inventory_GetItemCondition("0x1019000") -> 0 (call 1800)
[LUI] [LUI trace] Cac.GetLootCondition("0x1019000") -> 1 (call 1800)
[LUI] [LUI trace] Engine.GetItemReferenceFromGUID("0x4600072") -> "specialty_class_airborne_enlisted" (call 40200)
[LUI] [LUI trace] Engine.IsHubMode() -> true (call 38300)
[LUI] [LUI trace] Engine.GetItemReferenceFromGUID("0x4600072") -> "specialty_class_airborne_enlisted" (call 40300)
[LUI] [LUI trace] Engine.GetOnlineGame() -> true (call 4500)
[LUI] [LUI trace] Cac.GetWeaponNameFromLootGuid("0x1019000") -> "stg44_mp" (call 6600)
[LUI] [LUI trace] Cac.GetWeaponNameFromLootName("stg44_mp") -> "stg44_mp" (call 6300)
[LUI] [LUI trace] Engine.GetItemReferenceFromGUID("0x1007000") -> "frag_grenade_mp" (call 40400)
[LUI] [LUI trace] Engine.IsHubMode() -> true (call 38400)
[LUI] [LUI trace] Engine.GetItemReferenceFromGUID("0x1018000") -> "greasegun_mp" (call 40500)
[LUI] [LUI trace] Engine.GetItemGUIDFromReference("greasegun_mp aperture_sight_greasegun") -> "0x0" (call 12400)
[LUI] [LUI trace] Engine.GetNewItemBreadcrumbState(0, 1932, false) -> false (call 1700)
[LUI] [LUI trace] Cac.GetWeaponAndAttachmentRefFromItemRef("greasegun_mp hipfire") -> "greasegun_mp", "hipfire" (call 3600)
[LUI] [LUI trace] Cac.GetUnlockItemRefForController("fmj", "Primary_Attachment", "customClasses", 1, 0) -> "fmj" (call 1200)
[LUI] [LUI trace] Engine.Inventory_GetItemRarity("0x7000001") -> 0 (call 1400)
[LUI] [LUI trace] Cac.GetLootRarity("0x7000001") -> 1 (call 1400)
[LUI] [LUI trace] Cac.GetUnlockItemGuidForCategoryForController("Secondary", "customClasses", 1, 0) ->  (call 600)
[LUI] [LUI trace] Cac.PushLootDataToDataModel("Secondary_Reticle", nil, {_modelPath=secondaryReticle,_baseDataSource={..}}, 0) ->  (call 1400)
[LUI] [LUI trace] Engine.IsHubMode() -> true (call 38500)
[LUI] [LUI trace] Engine.GetItemReferenceFromGUID("0x1002000") -> "stun_grenade_mp" (call 40600)
[LUI] [LUI trace] Engine.GetItemReferenceFromGUID("0x1007000") -> "frag_grenade_mp" (call 40700)
[LUI] [LUI trace] Engine.IsHubMode() -> true (call 38600)
[LUI] [LUI trace] Engine.Inventory_IsLootItem("0x200005") -> false (call 1500)
[LUI] [LUI trace] Engine.IsGamepadEnabled(nil) -> true (call 7500)
[LUI] [LUI trace] Engine.GetItemReferenceFromGUID("0x46000a3") -> "specialty_class_blitzkrieg" (call 40800)
[LUI] [LUI trace] Engine.GetItemGUIDFromReference("shovel_mp") -> "0x1052000" (call 12500)
[LUI] [LUI trace] Engine.IsHubMode() -> true (call 38700)
[LUI] [LUI trace] Engine.GetItemReferenceFromGUID("0x46000a3") -> "specialty_class_blitzkrieg" (call 40900)
[LUI] [LUI trace] Engine.IsHubMode() -> true (call 38800)
[LUI] [LUI trace] Cac.GetWeaponNameFromLootGuid("0x102c000") -> "luger_mp" (call 6700)
[LUI] [LUI trace] Engine.GetItemReferenceFromGUID("0x4600098") -> "specialty_class_commando_enlisted" (call 41000)
[LUI] [LUI trace] Cac.GetWeaponNameFromLootName("luger_mp") -> "luger_mp" (call 6400)
[LUI] [LUI trace] Engine.GetOnlineGame() -> true (call 4600)
[LUI] [LUI trace] Engine.GetItemReferenceFromGUID("0x46000a3") -> "specialty_class_blitzkrieg" (call 41100)
[LUI] [LUI trace] Engine.IsHubMode() -> true (call 38900)
[LUI] [LUI trace] Engine.GetItemReferenceFromGUID("0x4600098") -> "specialty_class_commando_enlisted" (call 41200)
[LUI] [LUI trace] Engine.IsHubMode() -> true (call 39000)
[LUI] [LUI trace] Engine.Inventory_GetItemCollectionID("0x0") -> 0 (call 1300)
[LUI] [LUI trace] Engine.GetItemGUIDFromReference("s2_tactical_insertion_cavalry_mp") -> "0x1093000" (call 12600)
[LUI] [LUI trace] Engine.Inventory_GetItemCondition("0x1052000") -> 0 (call 1900)
[LUI] [LUI trace] Cac.GetLootCondition("0x1052000") -> 1 (call 1900)
[LUI] [LUI trace] Cac.GetUnlockItemRefForController("emote_wave", "Emote", "customClasses", 2, 0) -> "emote_wave" (call 1300)
[LUI] [LUI trace] Engine.IsHubMode() -> true (call 39100)
[LUI] [LUI trace] Engine.GetItemReferenceFromGUID("0x1007000") -> "frag_grenade_mp" (call 41300)
[LUI] [LUI trace] Engine.GetItemReferenceFromGUID("0x1007000") -> "frag_grenade_mp" (call 41400)
[LUI] [LUI trace] Engine.IsHubMode() -> true (call 39200)
[LUI] [LUI trace] Engine.GetItemReferenceFromGUID("0x1015000") -> "lewis_mp" (call 41500)
[LUI] [LUI trace] Cac.PushLootDataToDataModel("Secondary_Reticle", nil, {_modelPath=secondaryReticle,_baseDataSource={..}}, 0) ->  (call 1500)
[LUI] [LUI trace] Cac.IsItemGuidControlledInRankedPlay("0x1037000") -> true (call 7600)
[LUI] [LUI trace] Engine.GetItemReferenceFromGUID("0x460006a") -> "specialty_class_launched" (call 41600)
[LUI] [LUI trace] Engine.IsHubMode() -> true (call 39300)
[LUI] [LUI trace] Engine.IsHubMode() -> true (call 39400)
[LUI] [LUI trace] Engine.GetItemGUIDFromReference("bazooka_mp") -> "0x1037000" (call 12700)
[LUI] [LUI trace] Cac.GetWeaponNameFromLootGuid("0x1037000") -> "bazooka_mp" (call 6800)
[LUI] [LUI trace] Engine.GetItemReferenceFromGUID("0x460006a") -> "specialty_class_launched" (call 41700)
[LUI] [LUI trace] Cac.GetWeaponNameFromLootName("bazooka_mp") -> "bazooka_mp" (call 6500)
[LUI] [LUI trace] Engine.GetItemReferenceFromGUID("0x460006a") -> "specialty_class_launched" (call 41800)
[LUI] [LUI trace] Engine.IsHubMode() -> true (call 39500)
[LUI] [LUI trace] Engine.Inventory_GetItemRarity("0x1052000") -> -1 (call 1500)
[LUI] [LUI trace] Cac.GetLootRarity("0x1052000") -> 1 (call 1500)
[LUI] [LUI trace] Cac.GetItemLockState(0, "emote_wave") -> "Unlocked", 0, "" (call 1500)
[LUI] [LUI trace] Engine.GetItemReferenceFromGUID("0x460006a") -> "specialty_class_launched" (call 41900)
[LUI] [LUI flow] RequestLeaveMenu()
[LUI] [LUI trace] Engine.GetOnlineGame() -> true (call 4700)
[LUI] [LUI trace] Engine.GetItemReferenceFromGUID("0x1002000") -> "stun_grenade_mp" (call 42000)
[LUI] [LUI trace] Engine.IsHubMode() -> true (call 39600)
[LUI] [LUI trace] Engine.GetItemReferenceFromGUID("0x30002f0") -> "fast_ads" (call 42100)
[LUI] [LUI trace] Cac.AllDefaultItemsUnlocked(0) -> false (call 7600)
[LUI] [LUI trace] Engine.Inventory_IsLootItem("0x30002f0") -> false (call 1600)
[LUI] [LUI trace] Engine.GetItemGUIDFromReference("fast_ads") -> "0x30002f0" (call 12800)
[LUI] [LUI trace] Engine.IsHubMode() -> true (call 39700)
[LUI] [LUI trace] Engine.GetItemReferenceFromGUID("0x102c000") -> "luger_mp" (call 42200)
[LUI] [LUI trace] Engine.GetItemReferenceFromGUID("0x46000a3") -> "specialty_class_blitzkrieg" (call 42300)
[LUI] [LUI trace] Cac.GetWeaponNameFromLootGuid("0x30002f0") -> "fast_ads" (call 6900)
[LUI] [LUI trace] Cac.GetUnlockItemGuidForCategory("Primary", "customClasses", 0) ->  (call 600)
[LUI] [LUI trace] Engine.GetItemReferenceFromGUID("0x3000350") -> "grip" (call 42400)
[LUI] [LUI trace] Cac.GetWeaponAndAttachmentRefFromItemRef("m1941_mp grip") -> "m1941_mp", "grip" (call 3700)
[LUI] [LUI trace] Engine.IsHubMode() -> true (call 39800)
[LUI] [LUI trace] Engine.Inventory_GetItemCondition("0x7000001") -> 1 (call 2000)
[LUI] [LUI trace] Cac.GetLootCondition("0x7000001") -> 2 (call 2000)
[LUI] [LUI trace] Cac.GetWeaponNameFromLootName("charm_none") -> "charm_none" (call 6600)
[LUI] [LUI trace] Engine.GetItemGUIDFromReference("fast_ads") -> "0x30002f0" (call 12900)
[LUI] [LUI trace] Cac.GetUnlockItemRef("luger_mp fast_ads", "Secondary_Attachment", "customClasses", 0) -> "luger_mp fast_ads" (call 700)
[LUI] [LUI trace] Engine.Inventory_GetItemCollectionID("0x0") -> 0 (call 1400)
[LUI] [LUI trace] Cac.GetUnlockItemRefForController("none", "Perk_Slot1", "customClasses", 0, 0) -> "none" (call 1400)
[LUI] [LUI trace] Engine.GetItemReferenceFromGUID("0x1050000") -> "semtex_mp" (call 42500)
[LUI] [LUI trace] Engine.IsHubMode() -> true (call 39900)
[LUI] [LUI trace] Cac.PushLootDataToDataModel("Perk_Slot2", {weaponBonusIndex_ZM=0,lootCondition=2,weaponBonusXP_MP=0,expirationType=0,statsData={..},unlockMessage=,...}, {_modelPath=perkB1,_baseDataSource={..}}, 0) ->  (call 1600)
[LUI] [LUI trace] Engine.GetItemReferenceFromGUID("0x1002000") -> "stun_grenade_mp" (call 42600)
[LUI] [LUI trace] Engine.Inventory_GetItemExpirationType(0, "0x1050000") -> 0 (call 800)
[LUI] [LUI trace] Engine.IsHubMode() -> true (call 40000)
[LUI] [LUI trace] Engine.UseAlternateHubFlow() -> true (call 300)
[LUI] [LUI trace] Engine.GetOnlineGame() -> true (call 4800)
[LUI] [LUI trace] Engine.GetNewItemBreadcrumbState(0, 1153, false) -> false (call 1800)
[LUI] [LUI trace] Engine.GetItemGUIDFromReference("specialty_class_requisitions") -> "0x4600067" (call 13000)
[DW] bdStorage: executing task '24' (transaction ID: 181)
[DW]: [bdStorage]: set user file: rankedloadouts
[DW]: [bdStorage]: set user file: costumes
[DW] bdRichPresence: executing task '2' (transaction ID: 182)
[LUI] [LUI trace] Engine.GetItemReferenceFromGUID("0x1031000") -> "m1941_mp" (call 42700)
[LUI] [LUI trace] Engine.Inventory_GetExpiredItemsWrapperIDs(0) -> {} (call 3)
[LUI] [LUI trace] Engine.GetOnlineGame() -> true (call 4900)
[LUI] [LUI trace] Engine.GetNewItemCategoryBreadcrumbState(0, 53, false) -> false (call 400)
[LUI] [LUI trace] Engine.GetNewItemBreadcrumbState(0, 1176, false) -> false (call 1900)
[LUI] [LUI trace] Engine.GetOnlineGame() -> true (call 5000)
[LUI] [LUI trace] Engine.IsGamepadEnabled(nil) -> true (call 7600)
[LUI] [LUI trace] Cac.GetWeaponNameFromLootGuid("0x1031000") -> "m1941_mp" (call 7000)
[LUI] [LUI trace] Engine.GetItemGUIDFromReference("m1941_mp") -> "0x1031000" (call 13100)
[LUI] [LUI trace] Engine.GetItemReferenceFromGUID("0x1031000") -> "m1941_mp" (call 42800)
[LUI] [LUI trace] Cac.GetWeaponNameFromLootName("m1941_mp") -> "m1941_mp" (call 6700)
[LUI] [LUI trace] Engine.IsGamepadEnabled(nil) -> true (call 7700)
[LUI] [LUI trace] Cac.GetWeaponNameFromLootGuid("0x1031000") -> "m1941_mp" (call 7100)
[LUI] [LUI trace] Engine.GetItemGUIDFromReference("m1941_mp") -> "0x1031000" (call 13200)
[LUI] [LUI trace] Engine.IsGamepadEnabled(nil) -> true (call 7800)
[LUI] [LUI trace] Engine.GetItemReferenceFromGUID("0x1031000") -> "m1941_mp" (call 42900)
[LUI] [LUI trace] Cac.GetWeaponNameFromLootName("m1941_mp") -> "m1941_mp" (call 6800)
[LUI] [LUI flow] RequestAddMenu(soldierscreen_dossier_menu)
[LUI] [LUI trace] Engine.IsHubMode() -> true (call 40100)
[LUI] [LUI flow] RequestAddMenu(callingcard_menu)
[LUI] [LUI trace] Engine.GetItemLockStateByItemRef(0, "playercard_generic_17") -> "Unlocked", 0, "" (call 1200)
[LUI] [LUI trace] Engine.GetItemGUIDFromReference("playercard_challenge_marksman_leeenfield") -> "0x28000bf" (call 13300)
[LUI] [LUI trace] Engine.GetItemLockStateByItemRef(0, "playercard_challenge_aa_carpet_bombing_kills_iv") -> "Locked", 1, "Get 50 kills with the Carpet Bombing" (call 1300)
[LUI] [LUI trace] Engine.GetItemGUIDFromReference("playercard_challenge_gamemodes_veteran_iii_uplink") -> "0x280007c" (call 13400)
[LUI] [LUI trace] Engine.GetItemLockStateByItemRef(0, "playercard_challenge_basicot_undercover_5") -> "Locked", 1, "Kill 100 enemies, and survive at least 5 seconds afterward, while using Undercover" (call 1400)
[LUI] [LUI trace] Engine.Inventory_GetItemRarity("0x240025f") -> 3 (call 1600)
[LUI] [LUI trace] Cac.GetLootRarity("0x240025f") -> 5 (call 1600)
[LUI] [LUI trace] Engine.Inventory_GetCollectionProgress(0, 6) -> 0, 8
[LUI] [LUI trace] Engine.Inventory_GetCollectionProgress(0, 7) -> 0, 7 (call 2)
[LUI] [LUI trace] Engine.Inventory_GetCollectionProgress(0, 9) -> 0, 7 (call 3)
[LUI] [LUI trace] Engine.Inventory_GetCollectionProgress(0, 10) -> 0, 8 (call 4)
[LUI] [LUI trace] Engine.Inventory_GetCollectionProgress(0, 10) -> 0, 8 (call 5)
[LUI] [LUI trace] Engine.Inventory_GetCollectionProgress(0, 11) -> 0, 7 (call 6)
[LUI] [LUI trace] Engine.Inventory_GetCollectionProgress(0, 16) -> 0, 7 (call 7)
[LUI] [LUI trace] Engine.Inventory_GetCollectionProgress(0, 16) -> 0, 7 (call 8)
[LUI] [LUI trace] Engine.Inventory_IsLootItem("0x2400212") -> true (call 1700)
[LUI] [LUI trace] Engine.GetItemGUIDFromReference("playercard_collection_uswinter") -> "0x24001ea" (call 13500)
[LUI] [LUI trace] Engine.Inventory_GetItemCollectionID("0x240021b") -> 0 (call 1500)
[LUI] [LUI trace] Engine.GetItemLockStateByItemRef(0, "playercard_collection_mp40") -> "Locked", 6, "Item Expired" (call 1500)
[LUI] [LUI trace] Engine.Inventory_IsEntitlementItem("0x2400237") -> false (call 100)
[LUI] [LUI trace] Engine.Inventory_GetItemRarity("0x2400248") -> 1 (call 1700)
[LUI] [LUI trace] Cac.GetLootRarity("0x2400248") -> 3 (call 1700)
[LUI] [LUI trace] Engine.Inventory_IsLootItem("0x240023d") -> true (call 1800)
[LUI] [LUI trace] Engine.GetItemGUIDFromReference("playercard_collection_gripcard_28") -> "0x2400244" (call 13600)
[LUI] [LUI trace] Engine.Inventory_GetItemCollectionID("0x2400252") -> 0 (call 1600)
[LUI] [LUI trace] Engine.GetItemLockStateByItemRef(0, "playercard_collection_sten_01") -> "Locked", 6, "Item Expired" (call 1600)
[LUI] [LUI trace] Engine.Inventory_GetItemRarity("0x2400293") -> 1 (call 1800)
[LUI] [LUI trace] Cac.GetLootRarity("0x2400293") -> 3 (call 1800)
[LUI] [LUI trace] Engine.Inventory_GetCollectionProgress(0, 42) -> 0, 6 (call 100)
[LUI] [LUI trace] Engine.GetItemGUIDFromReference("playercard_collection_lewis_02_gold") -> "0x24002e1" (call 13700)
[LUI] [LUI trace] Engine.Inventory_IsLootItem("0x24002b2") -> true (call 1900)
[LUI] [LUI trace] Engine.Inventory_IsEntitlementItem("0x24002e0") -> false (call 200)
[LUI] [LUI trace] Engine.Inventory_GetItemCollectionID("0x240029f") -> 0 (call 1700)
[LUI] [LUI trace] Engine.GetItemLockStateByItemRef(0, "playercard_challenge_marksman_reichsrevolver") -> "Locked", 1, "Get 500 kills with the Reichsrevolver" (call 1700)
[LUI] [LUI trace] Engine.Inventory_GetItemRarity("0x240037d") -> 0 (call 1900)
[LUI] [LUI trace] Cac.GetLootRarity("0x240037d") -> 2 (call 1900)
[LUI] [LUI trace] Engine.GetItemGUIDFromReference("playercard_collection_mtx3_5_26") -> "0x2400387" (call 13800)
[LUI] [LUI trace] Engine.Inventory_IsLootItem("0x2400396") -> true (call 2000)
[LUI] [LUI trace] Engine.Inventory_GetItemCollectionID("0x24003b2") -> 0 (call 1800)
[LUI] [LUI trace] Engine.GetItemLockStateByItemRef(0, "playercard_challenge_marksman_type5") -> "Locked", 1, "Get 500 kills with the Type 5" (call 1800)
[LUI] [LUI trace] Engine.Inventory_IsEntitlementItem("0x24003ca") -> false (call 300)
[LUI] [LUI trace] Engine.GetItemGUIDFromReference("playercard_collection_claymoresword_01") -> "0x24003de" (call 13900)
[LUI] [LUI trace] Engine.Inventory_GetItemRarity("0x24003e1") -> 1 (call 2000)
[LUI] [LUI trace] Cac.GetLootRarity("0x24003e1") -> 3 (call 2000)
[LUI] [LUI trace] Engine.Inventory_IsLootItem("0x2800119") -> true (call 2100)
[LUI] [LUI trace] Engine.GetItemLockStateByItemRef(0, "playercard_collection_mtx6_03") -> "Locked", 6, "Item Expired" (call 1900)
[LUI] [LUI trace] Engine.Inventory_GetItemCollectionID("0x240041e") -> 88 (call 1900)
[LUI] [LUI trace] Engine.GetItemGUIDFromReference("playercard_collection_mtx7_01") -> "0x2400440" (call 14000)
[LUI] [LUI trace] Engine.Inventory_GetItemRarity("0x2400453") -> 0 (call 2100)
[LUI] [LUI trace] Cac.GetLootRarity("0x2400453") -> 2 (call 2100)
[LUI] [LUI trace] Engine.Inventory_IsEntitlementItem("0x2400462") -> false (call 400)
[LUI] [LUI trace] Engine.Inventory_IsLootItem("0x240046a") -> true (call 2200)
[LUI] [LUI trace] Engine.GetItemLockStateByItemRef(0, "playercard_collection_mtx8_13") -> "Locked", 6, "Item Expired" (call 2000)
[LUI] [LUI trace] Engine.Inventory_GetItemCollectionID("0x2400486") -> 105 (call 2000)
[LUI] [LUI trace] Engine.GetItemGUIDFromReference("playercard_challenge_marksman_kgm21") -> "0x2800126" (call 14100)
[LUI] [LUI trace] Engine.IsGamepadEnabled(0) -> true (call 7900)
[LUI] [LUI trace] Engine.GetItemGUIDFromReference("playercard_collection_m1941") -> "0x24001d6" (call 14200)
[LUI] [LUI trace] Engine.GetOnlineGame() -> true (call 5100)
[LUI] [LUI trace] Engine.GetNewItemBreadcrumbState(0, 4312, false) -> false (call 2000)
[LUI] [LUI trace] Engine.GetItemGUIDFromReference("playercard_challenge_marksman_svt40") -> "0x28000d4" (call 14300)
[LUI] [LUI trace] Engine.GetOnlineGame() -> true (call 5200)
[LUI] [LUI trace] Engine.GetNewItemBreadcrumbState(0, 1319, false) -> false (call 2100)
[LUI] [LUI trace] Engine.GetItemGUIDFromReference("playercard_challenge_gamemodes_veteran_iii_hp") -> "0x280007a" (call 14400)
[LUI] [LUI trace] Engine.GetOnlineGame() -> true (call 5300)
[LUI] [LUI trace] Engine.GetNewItemBreadcrumbState(0, 1239, false) -> false (call 2200)
[LUI] [LUI trace] Engine.GetItemGUIDFromReference("playercard_challenge_basict_specialist") -> "0x2800114" (call 14500)
[LUI] [LUI trace] Engine.GetOnlineGame() -> true (call 5400)
[LUI] [LUI trace] Engine.GetNewItemBreadcrumbState(0, 13299, false) -> false (call 2300)
[LUI] [LUI trace] Engine.IsGamepadEnabled(nil) -> true (call 8000)
[LUI] [LUI trace] Engine.IsGamepadEnabled(nil) -> true (call 8100)
[LUI] [LUI trace] Engine.IsGamepadEnabled(nil) -> true (call 8200)
[LUI] [LUI flow] RequestLeaveMenu()
[DW] bdStorage: executing task '24' (transaction ID: 183)
[DW]: [bdStorage]: set user file: commondata
[LUI] [LUI trace] Engine.GetItemReferenceFromGUID("0x200005") -> "emote_high_five" (call 43000)
[LUI] [LUI trace] Engine.IsHubMode() -> true (call 40200)
[LUI] [LUI trace] Engine.IsGamepadEnabled(nil) -> true (call 8300)
[LUI] [LUI flow] RequestAddMenu(emblem_menu)
[LUI] [LUI trace] Engine.IsGamepadEnabled(nil) -> true (call 8400)
[LUI] [LUI trace] Engine.IsAnyUserUGCRestricted() -> false
[LUI] [LUI trace] Engine.Inventory_GetItemRarity("0x2000023") -> 1 (call 2200)
[LUI] [LUI trace] Cac.GetLootRarity("0x2000023") -> 3 (call 2200)
[LUI] [LUI trace] Engine.Inventory_IsLootItem("0x200003c") -> true (call 2300)
[LUI] [LUI trace] Engine.Inventory_GetItemRarity("0x2000087") -> 0 (call 2300)
[LUI] [LUI trace] Cac.GetLootRarity("0x2000087") -> 2 (call 2300)
[LUI] [LUI trace] Engine.Inventory_IsLootItem("0x20000a0") -> true (call 2400)
[LUI] [LUI trace] Engine.Inventory_GetItemRarity("0x20000fe") -> 1 (call 2400)
[LUI] [LUI trace] Cac.GetLootRarity("0x20000fe") -> 3 (call 2400)
[LUI] [LUI trace] Engine.Inventory_IsLootItem("0x200012d") -> true (call 2500)
[LUI] [LUI trace] Engine.GetItemGUIDFromReference("cwl_emblem_echo_fox") -> "0x200010c" (call 14600)
[LUI] [LUI trace] Engine.IsHubMode() -> true (call 40300)
[LUI] [LUI trace] Engine.GetItemLockStateByItemRef(0, "emblem_mtx7_07") -> "Locked", 6, "Item Expired" (call 2100)
[LUI] [LUI trace] Cac.GetWeaponAndAttachmentRefFromItemRef("emblem_mtx7_16") -> nil, nil (call 3800)
[LUI] [LUI trace] Engine.GetItemGUIDFromReference("emblem_mtx7_23") -> "0x2000147" (call 14700)
[LUI] [LUI trace] Engine.Inventory_IsEntitlementItem("0x2000153") -> false (call 500)
[LUI] [LUI trace] Engine.GetOnlineGame() -> true (call 5500)
[LUI] [LUI trace] Cac.GetItemLockState(0, "emblem_mtx8_14", true) -> "Locked", 6, "Item Expired" (call 1600)
[LUI] [LUI trace] Engine.GetItemGUIDFromReference("emblem_mtx8_16") -> "0x2000168" (call 14800)
[LUI] [LUI trace] Cac.GetWeaponAndAttachmentRefFromItemRef("emblem_mtx8_25") -> nil, nil (call 3900)
[LUI] [LUI trace] Engine.Inventory_GetItemRarity("0x2000178") -> 0 (call 2500)
[LUI] [LUI trace] Cac.GetLootRarity("0x2000178") -> 2 (call 2500)
[LUI] [LUI trace] Engine.GetItemGUIDFromReference("emblem_mtx9_10") -> "0x200018b" (call 14900)
[LUI] [LUI trace] Engine.Inventory_IsLootItem("0x2000193") -> true (call 2600)
[LUI] [LUI trace] Engine.IsHubMode() -> true (call 40400)
[LUI] [LUI trace] Engine.GetItemLockStateByItemRef(0, "emblem_mtx9_27") -> "Locked", 6, "Item Expired" (call 2200)
[LUI] [LUI trace] Cac.GetWeaponAndAttachmentRefFromItemRef("emblem_mtx9_36") -> nil, nil (call 4000)
[LUI] [LUI trace] Engine.GetItemGUIDFromReference("incentive_code_emblem_fdr") -> "0x2000107" (call 15000)
[LUI] [LUI trace] Engine.Inventory_IsEntitlementItem("0x2000113") -> true (call 600)
[LUI] [LUI trace] Cac.GetItemLockState(0, "emblem_mtx7_12", true) -> "Locked", 6, "Item Expired" (call 1700)
[LUI] [LUI trace] Cac.GetWeaponAndAttachmentRefFromItemRef("emblem_mtx7_23") -> nil, nil (call 4100)
[LUI] [LUI trace] Engine.GetItemGUIDFromReference("emblem_mtx7_32") -> "0x2000150" (call 15100)
[LUI] [LUI trace] Engine.IsHubMode() -> true (call 40500)
[LUI] [LUI trace] Engine.GetItemLockStateByItemRef(0, "emblem_mtx8_23") -> "Locked", 6, "Item Expired" (call 2300)
[LUI] [LUI trace] Cac.GetWeaponAndAttachmentRefFromItemRef("emblem_mtx8_32") -> nil, nil (call 4200)
[LUI] [LUI trace] Engine.GetItemGUIDFromReference("emblem_mtx9_02") -> "0x2000183" (call 15200)
[LUI] [LUI trace] Engine.Inventory_IsEntitlementItem("0x200018d") -> false (call 700)
[LUI] [LUI trace] Cac.GetItemLockState(0, "emblem_mtx9_32", true) -> "Locked", 6, "Item Expired" (call 1800)
[LUI] [LUI trace] Engine.IsAnyUserUGCRestricted() -> false (call 2)
[LUI] [LUI trace] Engine.IsAnyUserUGCRestricted() -> false (call 3)
[LUI] [LUI trace] Engine.GetOnlineGame() -> true (call 5600)
[LUI] [LUI trace] Engine.GetItemGUIDFromReference("emblem_mtx7_18") -> "0x2000142" (call 15300)
[LUI] [LUI trace] Engine.GetNewItemBreadcrumbState(0, 11791, false) -> false (call 2400)
[LUI] [LUI trace] Engine.GetOnlineGame() -> true (call 5700)
[LUI] [LUI trace] Engine.GetItemGUIDFromReference("emblem_mtx9_38") -> "0x20001a7" (call 15400)
[LUI] [LUI trace] Engine.GetNewItemBreadcrumbState(0, 6124, false) -> false (call 2500)
[LUI] [LUI trace] Engine.GetOnlineGame() -> true (call 5800)
[LUI] [LUI trace] Engine.GetItemGUIDFromReference("LOOT_MTX5_EMBLEM_REAPER") -> "0x20000ed" (call 15500)
[LUI] [LUI trace] Engine.GetNewItemBreadcrumbState(0, 4137, false) -> false (call 2600)
[LUI] [LUI trace] Engine.GetOnlineGame() -> true (call 5900)
[LUI] [LUI trace] Engine.GetItemGUIDFromReference("LOOT_MTX2_EMBLEMS_GOAT") -> "0x200005f" (call 15600)
[LUI] [LUI trace] Engine.GetNewItemBreadcrumbState(0, 11780, false) -> false (call 2700)
[LUI] [LUI trace] Engine.IsGamepadEnabled(nil) -> true (call 8500)
[LUI] [LUI trace] Engine.IsGamepadEnabled(nil) -> true (call 8600)
[LUI] [LUI flow] RequestLeaveMenu()
[LUI] [LUI trace] Engine.IsGamepadEnabled(nil) -> true (call 8700)
[LUI] [LUI trace] Engine.IsGamepadEnabled(nil) -> true (call 8800)
[LUI] [LUI flow] RequestLeaveMenu()
[LUI] [LUI trace] Engine.IsHubMode() -> true (call 40600)
[LUI] [LUI trace] Engine.GetOnlineGame() -> true (call 6000)
[LUI] [LUI trace] Engine.GetItemGUIDFromReference("specialty_class_instincts") -> "0x460006e" (call 15700)
[LUI] [LUI trace] Engine.UseFullHubFlow() -> false (call 300)
[LUI] [LUI trace] Engine.Inventory_GetExpiredItemsWrapperIDs(0) -> {} (call 4)
[LUI] [LUI trace] Engine.GetOnlineGame() -> true (call 6100)
[LUI] [LUI trace] Engine.GetNewItemCategoryBreadcrumbState(0, 45, false) -> true (call 500)
[LUI] [LUI trace] Engine.GetNewItemBreadcrumbState(0, 362, false) -> false (call 2800)
[LUI] [LUI trace] Engine.GetItemReferenceFromGUID("0x46000a3") -> "specialty_class_blitzkrieg" (call 43100)
[LUI] [LUI trace] Engine.IsGamepadEnabled(nil) -> true (call 8900)
[LUI] [LUI trace] Engine.GetItemGUIDFromReference("m1941_mp") -> "0x1031000" (call 15800)
[LUI] [LUI trace] Cac.GetWeaponNameFromLootGuid("0x1031000") -> "m1941_mp" (call 7200)
[LUI] [LUI trace] Cac.GetWeaponNameFromLootName("m1941_mp") -> "m1941_mp" (call 6900)
[LUI] [LUI trace] Engine.GetItemReferenceFromGUID("0x1031000") -> "m1941_mp" (call 43200)
[LUI] [LUI trace] Engine.GetItemGUIDFromReference("m1941_mp") -> "0x1031000" (call 15900)
[LUI] [LUI trace] Cac.GetWeaponNameFromLootGuid("0x1031000") -> "m1941_mp" (call 7300)
[LUI] [LUI trace] Cac.GetWeaponNameFromLootName("m1941_mp") -> "m1941_mp" (call 7000)
[LUI] [LUI trace] Engine.GetItemReferenceFromGUID("0x1031000") -> "m1941_mp" (call 43300)
[LUI] [LUI trace] Engine.GetItemGUIDFromReference("m1941_mp") -> "0x1031000" (call 16000)
[LUI] [LUI trace] Cac.GetWeaponNameFromLootGuid("0x1031000") -> "m1941_mp" (call 7400)
[LUI] [LUI trace] Cac.GetWeaponNameFromLootName("m1941_mp") -> "m1941_mp" (call 7100)
[LUI] [LUI trace] Engine.GetItemReferenceFromGUID("0x1031000") -> "m1941_mp" (call 43400)
[LUI] [LUI trace] Engine.GetItemGUIDFromReference("m1941_mp") -> "0x1031000" (call 16100)
[LUI] [LUI trace] Cac.GetWeaponNameFromLootGuid("0x1031000") -> "m1941_mp" (call 7500)
[LUI] [LUI trace] Cac.GetWeaponNameFromLootName("m1941_mp") -> "m1941_mp" (call 7200)
[LUI] [LUI trace] Engine.GetItemReferenceFromGUID("0x1031000") -> "m1941_mp" (call 43500)
[LUI] [LUI trace] Engine.GetItemGUIDFromReference("m1941_mp") -> "0x1031000" (call 16200)
[LUI] [LUI trace] Cac.GetWeaponNameFromLootGuid("0x1031000") -> "m1941_mp" (call 7600)
[LUI] [LUI trace] Cac.GetWeaponNameFromLootName("m1941_mp") -> "m1941_mp" (call 7300)
[LUI] [LUI trace] Engine.IsGamepadEnabled(nil) -> true (call 9000)
[LUI] [LUI trace] Engine.GetItemReferenceFromGUID("0x1031000") -> "m1941_mp" (call 43600)
[LUI] [LUI trace] Engine.GetItemGUIDFromReference("m1941_mp") -> "0x1031000" (call 16300)
[LUI] [LUI trace] Cac.GetWeaponNameFromLootGuid("0x1031000") -> "m1941_mp" (call 7700)
[LUI] [LUI trace] Cac.GetWeaponNameFromLootName("m1941_mp") -> "m1941_mp" (call 7400)
[LUI] [LUI trace] Engine.GetItemReferenceFromGUID("0x1031000") -> "m1941_mp" (call 43700)
[LUI] [LUI trace] Engine.GetOnlineGame() -> true (call 6200)
[LUI] [LUI trace] Rank.GetPayrollAchievement(0) -> 345 (call 4)
[LUI] [LUI trace] Engine.IsHubMode() -> true (call 40700)
[LUI] [LUI flow] RequestAddMenu(headquarters_menu)
[LUI] [LUI trace] Engine.IsHubMode() -> true (call 40800)
[LUI] [LUI trace] Engine.UseAlternateHubFlow() -> true (call 400)
[LUI] [LUI trace] Engine.IsGamepadEnabled(nil) -> true (call 9100)
[LUI] [LUI trace] Engine.IsHubMode() -> true (call 40900)
[LUI] [LUI trace] Engine.UseFullHubFlow() -> false (call 400)
[LUI] [LUI trace] Engine.IsGamepadEnabled(nil) -> true (call 9200)
[LUI] [LUI trace] Engine.GetOnlineGame() -> true (call 6300)
[LUI] [LUI trace] Engine.IsHubMode() -> true (call 41000)
[LUI] [LUI trace] Engine.IsGamepadEnabled(nil) -> true (call 9300)
[LUI] [LUI trace] Engine.UseAlternateHubFlow() -> true (call 500)
[LUI] [LUI trace] Engine.IsHubMode() -> true (call 41100)
[LUI] [LUI trace] Engine.UseFullHubFlow() -> false (call 500)
[LUI] [LUI trace] Engine.IsGamepadEnabled(nil) -> true (call 9400)
[LUI] [LUI trace] Engine.GetOnlineGame() -> true (call 6400)
[LUI] [LUI trace] Engine.IsHubMode() -> true (call 41200)
[LUI] [LUI trace] Engine.IsGamepadEnabled(nil) -> true (call 9500)
[LUI] [LUI trace] Engine.UseAlternateHubFlow() -> true (call 600)
[DW] bdRichPresence: executing task '1' (transaction ID: 184)
[LUI] [LUI trace] Engine.IsGamepadEnabled(nil) -> true (call 9600)
[DW] bdRichPresence: executing task '1' (transaction ID: 185)
[DW] bdStorage: executing task '20' (transaction ID: 186)
[DW]: [bdStorage]: list publisher files: ffotd-2.20.1.ff
[DW]: [bdStorage]: missing publisher file: ffotd-2.20.1.ff
[DW] bdStorage: executing task '20' (transaction ID: 187)
[DW]: [bdStorage]: list publisher files: playlists_tu26.aggr
[LUI] [LUI trace] Engine.IsGamepadEnabled(nil) -> true (call 9700)
Unloading zone mp_hub_allies_slim_path
Unloading zone mp_hub_allies_slim
Unloading zone eng_mp_hub_allies_slim
Unloading zone common_hub_mp
Unloading zone eng_common_hub_mp
Unloading zone ui_mp
Unloading zone eng_ui_mp
Unloading zone common_shared_core_mp
Unloading zone eng_common_shared_core_mp
Unloading zone common_mp
Unloading zone eng_common_mp
Unloading zone code_post_gfx_mp
Unloading zone eng_code_post_gfx_mp
Unloading zone code_pre_gfx_mp
Unloading zone eng_code_pre_gfx_mp
