[DW] bdMarketplace: executing task '99' (transaction ID: 142)
[DW] bdMarketplace: executing task '99' (transaction ID: 143)
[DW] bdMarketplace: executing task '99' (transaction ID: 144)
[DW] bdMarketplace: executing task '99' (transaction ID: 145)
[DW] bdMarketplace: executing task '99' (transaction ID: 146)
[DW] bdMarketplace: executing task '99' (transaction ID: 147)
[DW] bdMarketplace: executing task '99' (transaction ID: 148)
[DW] bdMarketplace: executing task '99' (transaction ID: 149)
[DW] bdMarketplace: executing task '99' (transaction ID: 150)
[DW] bdMarketplace: executing task '99' (transaction ID: 151)
[DW] bdMarketplace: executing task '99' (transaction ID: 152)
[DW] bdMarketplace: executing task '99' (transaction ID: 153)
[DW] bdMarketplace: executing task '99' (transaction ID: 154)
[DW] bdMarketplace: executing task '99' (transaction ID: 155)
[DW] bdMarketplace: executing task '99' (transaction ID: 156)
[DW] bdMarketplace: executing task '99' (transaction ID: 157)
[DW] bdMarketplace: executing task '99' (transaction ID: 158)
[DW] bdMarketplace: executing task '99' (transaction ID: 159)
[DW] bdMarketplace: executing task '99' (transaction ID: 160)
[DW] bdMarketplace: executing task '99' (transaction ID: 161)
[DW] bdMarketplace: executing task '99' (transaction ID: 162)
[DW] bdMarketplace: executing task '99' (transaction ID: 163)
[DW] bdMarketplace: executing task '99' (transaction ID: 164)
[DW] bdMarketplace: executing task '99' (transaction ID: 165)
[DW] bdMarketplace: executing task '99' (transaction ID: 166)
[DW] bdMarketplace: executing task '99' (transaction ID: 167)
[DW] bdMarketplace: executing task '99' (transaction ID: 168)
[DW] bdMarketplace: executing task '99' (transaction ID: 169)
[DW] bdMarketplace: executing task '99' (transaction ID: 170)
[DW] bdMarketplace: executing task '99' (transaction ID: 171)
[DW] bdMarketplace: executing task '99' (transaction ID: 172)
[DW] bdMarketplace: executing task '99' (transaction ID: 173)
[DW] bdMarketplace: executing task '99' (transaction ID: 174)
[DW] bdMarketplace: executing task '99' (transaction ID: 175)
[DW] bdMarketplace: executing task '99' (transaction ID: 176)
[DW] bdMarketplace: executing task '99' (transaction ID: 177)
[DW] bdMarketplace: executing task '99' (transaction ID: 178)
[DW] bdMarketplace: executing task '99' (transaction ID: 179)
[DW] bdMarketplace: executing task '99' (transaction ID: 180)
[DW] bdMarketplace: executing task '99' (transaction ID: 181)
[DW] bdMarketplace: executing task '99' (transaction ID: 182)
[DW] bdMarketplace: executing task '99' (transaction ID: 183)
[DW] bdReward: executing task '11' (transaction ID: 184)
[HQ event] enter_hub (enter_hub), timestamp 1789271739000000, 1 parameters
  1=1
[DW] bdMarketplace: executing task '99' (transaction ID: 185)
[DW] bdMarketplace: executing task '99' (transaction ID: 186)
[DW] bdMarketplace: executing task '99' (transaction ID: 187)
[DW] bdMarketplace: executing task '99' (transaction ID: 188)
[DW] bdMarketplace: executing task '99' (transaction ID: 189)
[DW] bdMarketplace: executing task '99' (transaction ID: 190)
[DW] bdMarketplace: executing task '99' (transaction ID: 191)
[DW] bdMarketplace: executing task '99' (transaction ID: 192)
[DW] bdMarketplace: executing task '99' (transaction ID: 193)
[DW] bdMarketplace: executing task '99' (transaction ID: 194)
[DW] bdMarketplace: executing task '99' (transaction ID: 195)
[DW] bdMarketplace: executing task '99' (transaction ID: 196)
[DW] bdMarketplace: executing task '99' (transaction ID: 197)
[DW] bdMarketplace: executing task '99' (transaction ID: 198)
[DW] bdMarketplace: executing task '99' (transaction ID: 199)
[DW] bdMarketplace: executing task '99' (transaction ID: 200)
[DW] bdMarketplace: executing task '99' (transaction ID: 201)
[DW] bdMarketplace: executing task '99' (transaction ID: 202)
[DW] bdMarketplace: executing task '99' (transaction ID: 203)
[DW] bdMarketplace: executing task '99' (transaction ID: 204)
[DW] bdMarketplace: executing task '99' (transaction ID: 205)
[DW] bdMarketplace: executing task '99' (transaction ID: 206)
[DW] bdMarketplace: executing task '99' (transaction ID: 207)
[DW] bdMarketplace: executing task '99' (transaction ID: 208)
[DW] bdMarketplace: executing task '99' (transaction ID: 209)
[DW] bdMarketplace: executing task '99' (transaction ID: 210)
[DW] bdMarketplace: executing task '99' (transaction ID: 211)
[DW] bdMarketplace: executing task '99' (transaction ID: 212)
[DW] bdMarketplace: executing task '99' (transaction ID: 213)
[DW] bdMarketplace: executing task '99' (transaction ID: 214)
[DW] bdMarketplace: executing task '99' (transaction ID: 215)
[DW] bdMarketplace: executing task '99' (transaction ID: 216)
[DW] bdMarketplace: executing task '99' (transaction ID: 217)
[DW] bdMarketplace: executing task '99' (transaction ID: 218)
[DW] bdMarketplace: executing task '99' (transaction ID: 219)
[DW] bdMarketplace: executing task '99' (transaction ID: 220)
[DW] bdMarketplace: executing task '99' (transaction ID: 221)
[DW] bdMarketplace: executing task '99' (transaction ID: 222)
[DW] bdMarketplace: executing task '99' (transaction ID: 223)
[DW] bdMarketplace: executing task '99' (transaction ID: 224)
[DW] bdMarketplace: executing task '99' (transaction ID: 225)
[DW] bdMarketplace: executing task '99' (transaction ID: 226)
[DW] bdMarketplace: executing task '99' (transaction ID: 227)
[DW] bdMarketplace: executing task '99' (transaction ID: 228)
[DW] bdMarketplace: executing task '99' (transaction ID: 229)
[DW] bdMarketplace: executing task '99' (transaction ID: 230)
[DW] bdMarketplace: executing task '99' (transaction ID: 231)
[DW] bdMarketplace: executing task '99' (transaction ID: 232)
[DW] bdMarketplace: executing task '99' (transaction ID: 233)
[DW] bdMarketplace: executing task '99' (transaction ID: 234)
[DW] bdMarketplace: executing task '99' (transaction ID: 235)
[DW] bdMarketplace: executing task '99' (transaction ID: 236)
[DW] bdMarketplace: executing task '99' (transaction ID: 237)
[DW] bdMarketplace: executing task '99' (transaction ID: 238)
[DW] bdMarketplace: executing task '99' (transaction ID: 239)
[DW] bdMarketplace: executing task '99' (transaction ID: 240)
[DW] bdMarketplace: executing task '99' (transaction ID: 241)
[DW] bdMarketplace: executing task '99' (transaction ID: 242)
[DW] bdMarketplace: executing task '99' (transaction ID: 243)
[DW] bdMarketplace: executing task '99' (transaction ID: 244)
[DW] bdMarketplace: executing task '99' (transaction ID: 245)
[DW] bdMarketplace: executing task '99' (transaction ID: 246)
[DW] bdMarketplace: executing task '99' (transaction ID: 247)
[DW] bdMarketplace: executing task '99' (transaction ID: 248)
[DW] bdMarketplace: executing task '99' (transaction ID: 249)
[DW] bdMarketplace: executing task '99' (transaction ID: 250)
[DW] bdMarketplace: executing task '99' (transaction ID: 251)
[DW] bdMarketplace: executing task '99' (transaction ID: 252)
[DW] bdMarketplace: executing task '99' (transaction ID: 253)
[DW] bdMarketplace: executing task '99' (transaction ID: 254)
[DW] bdMarketplace: executing task '99' (transaction ID: 255)
[DW] bdMarketplace: executing task '99' (transaction ID: 256)
[DW] bdMarketplace: executing task '99' (transaction ID: 257)
[DW] bdMarketplace: executing task '99' (transaction ID: 258)
[DW] bdMarketplace: executing task '99' (transaction ID: 259)
[DW] bdMarketplace: executing task '99' (transaction ID: 260)
[DW] bdMarketplace: executing task '99' (transaction ID: 261)
[DW] bdMarketplace: executing task '99' (transaction ID: 262)
[DW] bdMarketplace: executing task '99' (transaction ID: 263)
[DW] bdMarketplace: executing task '99' (transaction ID: 264)
[DW] bdMarketplace: executing task '99' (transaction ID: 265)
[DW] bdMarketplace: executing task '99' (transaction ID: 266)
[DW] bdMarketplace: executing task '99' (transaction ID: 267)
[DW] bdMarketplace: executing task '99' (transaction ID: 268)
[DW] bdMarketplace: executing task '99' (transaction ID: 269)
[DW] bdMarketplace: executing task '99' (transaction ID: 270)
[DW] bdMarketplace: executing task '99' (transaction ID: 271)
[DW] bdMarketplace: executing task '99' (transaction ID: 272)
[DW] bdMarketplace: executing task '99' (transaction ID: 273)
[DW] bdMarketplace: executing task '99' (transaction ID: 274)
[DW] bdMarketplace: executing task '99' (transaction ID: 275)
[DW] bdMarketplace: executing task '99' (transaction ID: 276)
[DW] bdMarketplace: executing task '99' (transaction ID: 277)
[DW] bdMarketplace: executing task '99' (transaction ID: 278)
[DW] bdMarketplace: executing task '99' (transaction ID: 279)
[DW] bdMarketplace: executing task '99' (transaction ID: 280)
[DW] bdMarketplace: executing task '99' (transaction ID: 281)
[DW] bdMarketplace: executing task '99' (transaction ID: 282)
[DW] bdMarketplace: executing task '99' (transaction ID: 283)
[DW] bdMarketplace: executing task '99' (transaction ID: 284)
[DW] bdMarketplace: executing task '99' (transaction ID: 285)
[DW] bdMarketplace: executing task '99' (transaction ID: 286)
[DW] bdMarketplace: executing task '99' (transaction ID: 287)
[DW] bdMarketplace: executing task '99' (transaction ID: 288)
[DW] bdMarketplace: executing task '99' (transaction ID: 289)
[DW] bdMarketplace: executing task '99' (transaction ID: 290)
[DW] bdMarketplace: executing task '99' (transaction ID: 291)
[DW] bdMarketplace: executing task '99' (transaction ID: 292)
[DW] bdMarketplace: executing task '99' (transaction ID: 293)
[DW] bdMarketplace: executing task '99' (transaction ID: 294)
[DW] bdMarketplace: executing task '99' (transaction ID: 295)
[DW] bdMarketplace: executing task '99' (transaction ID: 296)
[DW] bdMarketplace: executing task '99' (transaction ID: 297)
[DW] bdMarketplace: executing task '99' (transaction ID: 298)
[DW] bdMarketplace: executing task '99' (transaction ID: 299)
[DW] bdMarketplace: executing task '99' (transaction ID: 300)
[DW] bdMarketplace: executing task '99' (transaction ID: 301)
[DW] bdMarketplace: executing task '99' (transaction ID: 302)
[DW] bdMarketplace: executing task '99' (transaction ID: 303)
[DW] bdMarketplace: executing task '99' (transaction ID: 304)
[DW] bdMarketplace: executing task '99' (transaction ID: 305)
[DW] bdMarketplace: executing task '99' (transaction ID: 306)
[DW] bdMarketplace: executing task '99' (transaction ID: 307)
[DW] bdMarketplace: executing task '99' (transaction ID: 308)
[DW] bdMarketplace: executing task '99' (transaction ID: 309)
[DW] bdMarketplace: executing task '99' (transaction ID: 310)
[DW] bdMarketplace: executing task '99' (transaction ID: 311)
[DW] bdMarketplace: executing task '99' (transaction ID: 312)
[DW] bdMarketplace: executing task '99' (transaction ID: 313)
[DW] bdMarketplace: executing task '99' (transaction ID: 314)
[DW] bdMarketplace: executing task '99' (transaction ID: 315)
[DW] bdMarketplace: executing task '99' (transaction ID: 316)
[DW] bdMarketplace: executing task '99' (transaction ID: 317)
[DW] bdMarketplace: executing task '99' (transaction ID: 318)
[DW] bdMarketplace: executing task '99' (transaction ID: 319)
[DW] bdMarketplace: executing task '99' (transaction ID: 320)
[DW] bdMarketplace: executing task '99' (transaction ID: 321)
[DW] bdMarketplace: executing task '99' (transaction ID: 322)
[DW] bdMarketplace: executing task '99' (transaction ID: 323)
[DW] bdMarketplace: executing task '99' (transaction ID: 324)
[DW] bdMarketplace: executing task '99' (transaction ID: 325)
[DW] bdMarketplace: executing task '99' (transaction ID: 326)
[DW] bdMarketplace: executing task '99' (transaction ID: 327)
[DW] bdMarketplace: executing task '99' (transaction ID: 328)
[DW] bdMarketplace: executing task '99' (transaction ID: 329)
[DW] bdMarketplace: executing task '99' (transaction ID: 330)
[DW] bdMarketplace: executing task '99' (transaction ID: 331)
[DW] bdMarketplace: executing task '99' (transaction ID: 332)
[DW] bdMarketplace: executing task '99' (transaction ID: 333)
[DW] bdMarketplace: executing task '99' (transaction ID: 334)
[DW] bdMarketplace: executing task '99' (transaction ID: 335)
[DW] bdMarketplace: executing task '99' (transaction ID: 336)
[DW] bdMarketplace: executing task '99' (transaction ID: 337)
[DW] bdMarketplace: executing task '99' (transaction ID: 338)
[DW] bdMarketplace: executing task '99' (transaction ID: 339)
[DW] bdMarketplace: executing task '99' (transaction ID: 340)
[DW] bdReward: executing task '11' (transaction ID: 341)
[HQ event] enter_hub (enter_hub), timestamp 1789271739000000, 1 parameters
  1=1
[DW] bdMarketplace: executing task '99' (transaction ID: 342)
[DW] bdMarketplace: executing task '99' (transaction ID: 343)
[DW] bdMarketplace: executing task '99' (transaction ID: 344)
[DW] bdMarketplace: executing task '99' (transaction ID: 345)
[DW] bdMarketplace: executing task '99' (transaction ID: 346)
[DW] bdMarketplace: executing task '99' (transaction ID: 347)
[DW] bdMarketplace: executing task '99' (transaction ID: 348)
[DW] bdMarketplace: executing task '99' (transaction ID: 349)
[DW] bdMarketplace: executing task '99' (transaction ID: 350)
[DW] bdMarketplace: executing task '99' (transaction ID: 351)
[DW] bdMarketplace: executing task '99' (transaction ID: 352)
[DW] bdMarketplace: executing task '99' (transaction ID: 353)
[DW] bdMarketplace: executing task '99' (transaction ID: 354)
[DW] bdMarketplace: executing task '99' (transaction ID: 355)
[DW] bdMarketplace: executing task '99' (transaction ID: 356)
[DW] bdMarketplace: executing task '99' (transaction ID: 357)
[DW] bdMarketplace: executing task '99' (transaction ID: 358)
[DW] bdMarketplace: executing task '99' (transaction ID: 359)
[DW] bdMarketplace: executing task '99' (transaction ID: 360)
[DW] bdMarketplace: executing task '99' (transaction ID: 361)
[DW] bdMarketplace: executing task '99' (transaction ID: 362)
[DW] bdMarketplace: executing task '99' (transaction ID: 363)
[DW] bdMarketplace: executing task '99' (transaction ID: 364)
[DW] bdMarketplace: executing task '99' (transaction ID: 365)
[DW] bdMarketplace: executing task '99' (transaction ID: 366)
[DW] bdMarketplace: executing task '99' (transaction ID: 367)
[DW] bdMarketplace: executing task '99' (transaction ID: 368)
[DW] bdMarketplace: executing task '99' (transaction ID: 369)
[DW] bdMarketplace: executing task '99' (transaction ID: 370)
[DW] bdMarketplace: executing task '99' (transaction ID: 371)
[DW] bdMarketplace: executing task '99' (transaction ID: 372)
[DW] bdMarketplace: executing task '99' (transaction ID: 373)
[DW] bdMarketplace: executing task '99' (transaction ID: 374)
[DW] bdMarketplace: executing task '99' (transaction ID: 375)
[DW] bdMarketplace: executing task '99' (transaction ID: 376)
[DW] bdMarketplace: executing task '99' (transaction ID: 377)
[DW] bdMarketplace: executing task '99' (transaction ID: 378)
[DW] bdMarketplace: executing task '99' (transaction ID: 379)
[DW] bdMarketplace: executing task '99' (transaction ID: 380)
[DW] bdMarketplace: executing task '99' (transaction ID: 381)
[DW] bdMarketplace: executing task '99' (transaction ID: 382)
[DW] bdMarketplace: executing task '99' (transaction ID: 383)
[DW] bdMarketplace: executing task '99' (transaction ID: 384)
[DW] bdMarketplace: executing task '99' (transaction ID: 385)
[DW] bdMarketplace: executing task '99' (transaction ID: 386)
[DW] bdMarketplace: executing task '99' (transaction ID: 387)
[DW] bdMarketplace: executing task '99' (transaction ID: 388)
[DW] bdMarketplace: executing task '99' (transaction ID: 389)
[DW] bdMarketplace: executing task '99' (transaction ID: 390)
[DW] bdMarketplace: executing task '99' (transaction ID: 391)
[DW] bdMarketplace: executing task '99' (transaction ID: 392)
[DW] bdMarketplace: executing task '99' (transaction ID: 393)
[DW] bdMarketplace: executing task '99' (transaction ID: 394)
[DW] bdMarketplace: executing task '99' (transaction ID: 395)
[DW] bdMarketplace: executing task '99' (transaction ID: 396)
[DW] bdMarketplace: executing task '99' (transaction ID: 397)
[DW] bdMarketplace: executing task '99' (transaction ID: 398)
[DW] bdMarketplace: executing task '99' (transaction ID: 399)
[DW] bdMarketplace: executing task '99' (transaction ID: 400)
[DW] bdMarketplace: executing task '99' (transaction ID: 401)
[DW] bdMarketplace: executing task '99' (transaction ID: 402)
[DW] bdMarketplace: executing task '99' (transaction ID: 403)
[DW] bdMarketplace: executing task '99' (transaction ID: 404)
[DW] bdMarketplace: executing task '99' (transaction ID: 405)
[DW] bdMarketplace: executing task '99' (transaction ID: 406)
[DW] bdMarketplace: executing task '99' (transaction ID: 407)
[DW] bdMarketplace: executing task '99' (transaction ID: 408)
[DW] bdMarketplace: executing task '99' (transaction ID: 409)
[DW] bdMarketplace: executing task '99' (transaction ID: 410)
[DW] bdMarketplace: executing task '99' (transaction ID: 411)
[DW] bdMarketplace: executing task '99' (transaction ID: 412)
[DW] bdMarketplace: executing task '99' (transaction ID: 413)
[DW] bdMarketplace: executing task '99' (transaction ID: 414)
[DW] bdMarketplace: executing task '99' (transaction ID: 415)
[DW] bdMarketplace: executing task '99' (transaction ID: 416)
[DW] bdMarketplace: executing task '99' (transaction ID: 417)
[DW] bdMarketplace: executing task '99' (transaction ID: 418)
[DW] bdMarketplace: executing task '99' (transaction ID: 419)
[DW] bdMarketplace: executing task '99' (transaction ID: 420)
[DW] bdMarketplace: executing task '99' (transaction ID: 421)
[DW] bdMarketplace: executing task '99' (transaction ID: 422)
[DW] bdMarketplace: executing task '99' (transaction ID: 423)
[DW] bdMarketplace: executing task '99' (transaction ID: 424)
[DW] bdMarketplace: executing task '99' (transaction ID: 425)
[DW] bdMarketplace: executing task '99' (transaction ID: 426)
[DW] bdMarketplace: executing task '99' (transaction ID: 427)
[DW] bdMarketplace: executing task '99' (transaction ID: 428)
[DW] bdMarketplace: executing task '99' (transaction ID: 429)
[DW] bdMarketplace: executing task '99' (transaction ID: 430)
[DW] bdMarketplace: executing task '99' (transaction ID: 431)
[DW] bdMarketplace: executing task '99' (transaction ID: 432)
[DW] bdMarketplace: executing task '99' (transaction ID: 433)
[DW] bdMarketplace: executing task '99' (transaction ID: 434)
[DW] bdMarketplace: executing task '99' (transaction ID: 435)
[DW] bdMarketplace: executing task '99' (transaction ID: 436)
[DW] bdMarketplace: executing task '99' (transaction ID: 437)
[DW] bdMarketplace: executing task '99' (transaction ID: 438)
[DW] bdMarketplace: executing task '99' (transaction ID: 439)
[DW] bdMarketplace: executing task '99' (transaction ID: 440)
[DW] bdMarketplace: executing task '99' (transaction ID: 441)
[DW] bdMarketplace: executing task '99' (transaction ID: 442)
[DW] bdMarketplace: executing task '99' (transaction ID: 443)
[DW] bdMarketplace: executing task '99' (transaction ID: 444)
[DW] bdMarketplace: executing task '99' (transaction ID: 445)
[DW] bdMarketplace: executing task '99' (transaction ID: 446)
[DW] bdMarketplace: executing task '99' (transaction ID: 447)
[DW] bdMarketplace: executing task '99' (transaction ID: 448)
[DW] bdMarketplace: executing task '99' (transaction ID: 449)
[DW] bdMarketplace: executing task '99' (transaction ID: 450)
[DW] bdMarketplace: executing task '99' (transaction ID: 451)
[DW] bdMarketplace: executing task '99' (transaction ID: 452)
[DW] bdMarketplace: executing task '99' (transaction ID: 453)
[DW] bdMarketplace: executing task '99' (transaction ID: 454)
[DW] bdMarketplace: executing task '99' (transaction ID: 455)
[DW] bdMarketplace: executing task '99' (transaction ID: 456)
[DW] bdMarketplace: executing task '99' (transaction ID: 457)
[DW] bdMarketplace: executing task '99' (transaction ID: 458)
[DW] bdMarketplace: executing task '99' (transaction ID: 459)
[DW] bdMarketplace: executing task '99' (transaction ID: 460)
[DW] bdMarketplace: executing task '99' (transaction ID: 461)
[DW] bdMarketplace: executing task '99' (transaction ID: 462)
[DW] bdMarketplace: executing task '99' (transaction ID: 463)
[DW] bdMarketplace: executing task '99' (transaction ID: 464)
[DW] bdMarketplace: executing task '99' (transaction ID: 465)
[DW] bdMarketplace: executing task '99' (transaction ID: 466)
[DW] bdMarketplace: executing task '99' (transaction ID: 467)
[DW] bdMarketplace: executing task '99' (transaction ID: 468)
[DW] bdMarketplace: executing task '99' (transaction ID: 469)
[DW] bdMarketplace: executing task '99' (transaction ID: 470)
[DW] bdMarketplace: executing task '99' (transaction ID: 471)
[DW] bdMarketplace: executing task '99' (transaction ID: 472)
[DW] bdMarketplace: executing task '99' (transaction ID: 473)
[DW] bdMarketplace: executing task '99' (transaction ID: 474)
[DW] bdMarketplace: executing task '99' (transaction ID: 475)
[DW] bdMarketplace: executing task '99' (transaction ID: 476)
[DW] bdMarketplace: executing task '99' (transaction ID: 477)
[DW] bdMarketplace: executing task '99' (transaction ID: 478)
[DW] bdMarketplace: executing task '99' (transaction ID: 479)
[DW] bdMarketplace: executing task '99' (transaction ID: 480)
[DW] bdMarketplace: executing task '99' (transaction ID: 481)
[DW] bdMarketplace: executing task '99' (transaction ID: 482)
[DW] bdMarketplace: executing task '99' (transaction ID: 483)
[DW] bdMarketplace: executing task '99' (transaction ID: 484)
[DW] bdMarketplace: executing task '99' (transaction ID: 485)
[DW] bdMarketplace: executing task '99' (transaction ID: 486)
[DW] bdMarketplace: executing task '99' (transaction ID: 487)
[DW] bdMarketplace: executing task '99' (transaction ID: 488)
[DW] bdMarketplace: executing task '99' (transaction ID: 489)
[DW] bdMarketplace: executing task '99' (transaction ID: 490)
[DW] bdMarketplace: executing task '99' (transaction ID: 491)
[DW] bdMarketplace: executing task '99' (transaction ID: 492)
[DW] bdMarketplace: executing task '99' (transaction ID: 493)
[DW] bdMarketplace: executing task '99' (transaction ID: 494)
[DW] bdMarketplace: executing task '99' (transaction ID: 495)
[DW] bdMarketplace: executing task '99' (transaction ID: 496)
[DW] bdMarketplace: executing task '99' (transaction ID: 497)
[DW] bdMarketplace: executing task '99' (transaction ID: 498)
[DW] bdMarketplace: executing task '99' (transaction ID: 499)
[DW] bdMarketplace: executing task '99' (transaction ID: 500)
[DW] bdMarketplace: executing task '99' (transaction ID: 501)
[DW] bdMarketplace: executing task '99' (transaction ID: 502)
[DW] bdMarketplace: executing task '99' (transaction ID: 503)
[DW] bdMarketplace: executing task '99' (transaction ID: 504)
[DW] bdMarketplace: executing task '99' (transaction ID: 505)
[DW] bdMarketplace: executing task '99' (transaction ID: 506)
[DW] bdMarketplace: executing task '99' (transaction ID: 507)
[DW] bdMarketplace: executing task '99' (transaction ID: 508)
[DW] bdMarketplace: executing task '99' (transaction ID: 509)
[DW] bdMarketplace: executing task '99' (transaction ID: 510)
[DW] bdMarketplace: executing task '99' (transaction ID: 511)
[DW] bdMarketplace: executing task '99' (transaction ID: 512)
[DW] bdMarketplace: executing task '99' (transaction ID: 513)
[DW] bdMarketplace: executing task '99' (transaction ID: 514)
[DW] bdMarketplace: executing task '99' (transaction ID: 515)
[DW] bdMarketplace: executing task '99' (transaction ID: 516)
[DW] bdMarketplace: executing task '99' (transaction ID: 517)
[DW] bdMarketplace: executing task '99' (transaction ID: 518)
[DW] bdMarketplace: executing task '99' (transaction ID: 519)
[DW] bdMarketplace: executing task '99' (transaction ID: 520)
[DW] bdMarketplace: executing task '99' (transaction ID: 521)
[DW] bdMarketplace: executing task '99' (transaction ID: 522)
[DW] bdMarketplace: executing task '99' (transaction ID: 523)
[DW] bdMarketplace: executing task '99' (transaction ID: 524)
[DW] bdMarketplace: executing task '99' (transaction ID: 525)
[DW] bdMarketplace: executing task '99' (transaction ID: 526)
[DW] bdMarketplace: executing task '99' (transaction ID: 527)
[DW] bdMarketplace: executing task '99' (transaction ID: 528)
[DW] bdMarketplace: executing task '99' (transaction ID: 529)
[DW] bdMarketplace: executing task '99' (transaction ID: 530)
[DW] bdMarketplace: executing task '99' (transaction ID: 531)
[DW] bdMarketplace: executing task '99' (transaction ID: 532)
[DW] bdRichPresence: executing task '1' (transaction ID: 533)
[DW] bdMarketplace: executing task '99' (transaction ID: 534)
[DW] bdMarketplace: executing task '99' (transaction ID: 535)
[DW] bdMarketplace: executing task '99' (transaction ID: 536)
[DW] bdMarketplace: executing task '99' (transaction ID: 537)
[DW] bdMarketplace: executing task '99' (transaction ID: 538)
[DW] bdMarketplace: executing task '99' (transaction ID: 539)
[DW] bdMarketplace: executing task '99' (transaction ID: 540)
[DW] bdMarketplace: executing task '99' (transaction ID: 541)
[DW] bdMarketplace: executing task '99' (transaction ID: 542)
[DW] bdMarketplace: executing task '99' (transaction ID: 543)
[DW] bdMarketplace: executing task '99' (transaction ID: 544)
[DW] bdMarketplace: executing task '99' (transaction ID: 545)
[DW] bdMarketplace: executing task '99' (transaction ID: 546)
[DW] bdMarketplace: executing task '99' (transaction ID: 547)
[DW] bdMarketplace: executing task '99' (transaction ID: 548)
[DW] bdMarketplace: executing task '99' (transaction ID: 549)
[DW] bdMarketplace: executing task '99' (transaction ID: 550)
[DW] bdMarketplace: executing task '99' (transaction ID: 551)
[DW] bdMarketplace: executing task '99' (transaction ID: 552)
[DW] bdMarketplace: executing task '99' (transaction ID: 553)
[DW] bdMarketplace: executing task '99' (transaction ID: 554)
[DW] bdMarketplace: executing task '99' (transaction ID: 555)
[DW] bdMarketplace: executing task '99' (transaction ID: 556)
[DW] bdMarketplace: executing task '99' (transaction ID: 557)
[DW] bdMarketplace: executing task '99' (transaction ID: 558)
[DW] bdMarketplace: executing task '99' (transaction ID: 559)
[DW] bdMarketplace: executing task '99' (transaction ID: 560)
[DW] bdMarketplace: executing task '99' (transaction ID: 561)
[DW] bdMarketplace: executing task '99' (transaction ID: 562)
[DW] bdMarketplace: executing task '99' (transaction ID: 563)
[DW] bdMarketplace: executing task '99' (transaction ID: 564)
[DW] bdMarketplace: executing task '99' (transaction ID: 565)
[DW] bdMarketplace: executing task '99' (transaction ID: 566)
[DW] bdMarketplace: executing task '99' (transaction ID: 567)
[DW] bdMarketplace: executing task '99' (transaction ID: 568)
[DW] bdMarketplace: executing task '99' (transaction ID: 569)
[DW] bdMarketplace: executing task '99' (transaction ID: 570)
[DW] bdMarketplace: executing task '99' (transaction ID: 571)
[DW] bdMarketplace: executing task '99' (transaction ID: 572)
[DW] bdMarketplace: executing task '99' (transaction ID: 573)
[DW] bdMarketplace: executing task '99' (transaction ID: 574)
[DW] bdMarketplace: executing task '99' (transaction ID: 575)
[DW] bdMarketplace: executing task '99' (transaction ID: 576)
[DW] bdMarketplace: executing task '99' (transaction ID: 577)
[DW] bdMarketplace: executing task '99' (transaction ID: 578)
[DW] bdMarketplace: executing task '99' (transaction ID: 579)
[DW] bdMarketplace: executing task '99' (transaction ID: 580)
[DW] bdMarketplace: executing task '99' (transaction ID: 581)
[DW] bdMarketplace: executing task '99' (transaction ID: 582)
[DW] bdMarketplace: executing task '99' (transaction ID: 583)
[DW] bdMarketplace: executing task '99' (transaction ID: 584)
[DW] bdMarketplace: executing task '99' (transaction ID: 585)
[DW] bdMarketplace: executing task '99' (transaction ID: 586)
[DW] bdMarketplace: executing task '99' (transaction ID: 587)
[DW] bdMarketplace: executing task '99' (transaction ID: 588)
[DW] bdMarketplace: executing task '99' (transaction ID: 589)
[DW] bdMarketplace: executing task '99' (transaction ID: 590)
[DW] bdMarketplace: executing task '99' (transaction ID: 591)
[DW] bdMarketplace: executing task '99' (transaction ID: 592)
[DW] bdMarketplace: executing task '99' (transaction ID: 593)
[DW] bdMarketplace: executing task '99' (transaction ID: 594)
[DW] bdMarketplace: executing task '99' (transaction ID: 595)
[DW] bdMarketplace: executing task '99' (transaction ID: 596)
[DW] bdMarketplace: executing task '99' (transaction ID: 597)
[DW] bdMarketplace: executing task '99' (transaction ID: 598)
[DW] bdMarketplace: executing task '99' (transaction ID: 599)
[DW] bdMarketplace: executing task '99' (transaction ID: 600)
[DW] bdMarketplace: executing task '99' (transaction ID: 601)
[DW] bdMarketplace: executing task '99' (transaction ID: 602)
[DW] bdMarketplace: executing task '99' (transaction ID: 603)
[DW] bdMarketplace: executing task '99' (transaction ID: 604)
[DW] bdMarketplace: executing task '99' (transaction ID: 605)
[DW] bdMarketplace: executing task '99' (transaction ID: 606)
[DW] bdMarketplace: executing task '99' (transaction ID: 607)
[DW] bdMarketplace: executing task '99' (transaction ID: 608)
[DW] bdMarketplace: executing task '99' (transaction ID: 609)
[DW] bdMarketplace: executing task '99' (transaction ID: 610)
[DW] bdMarketplace: executing task '99' (transaction ID: 611)
[DW] bdMarketplace: executing task '99' (transaction ID: 612)
[DW] bdMarketplace: executing task '99' (transaction ID: 613)
[DW] bdMarketplace: executing task '99' (transaction ID: 614)
[DW] bdMarketplace: executing task '99' (transaction ID: 615)
[DW] bdMarketplace: executing task '99' (transaction ID: 616)
[DW] bdMarketplace: executing task '99' (transaction ID: 617)
[DW] bdMarketplace: executing task '99' (transaction ID: 618)
[DW] bdMarketplace: executing task '99' (transaction ID: 619)
[DW] bdMarketplace: executing task '99' (transaction ID: 620)
[DW] bdMarketplace: executing task '99' (transaction ID: 621)
[DW] bdMarketplace: executing task '99' (transaction ID: 622)
[DW] bdMarketplace: executing task '99' (transaction ID: 623)
[DW] bdMarketplace: executing task '99' (transaction ID: 624)
[DW] bdMarketplace: executing task '99' (transaction ID: 625)
[DW] bdMarketplace: executing task '99' (transaction ID: 626)
[DW] bdMarketplace: executing task '99' (transaction ID: 627)
[DW] bdMarketplace: executing task '99' (transaction ID: 628)
[DW] bdMarketplace: executing task '99' (transaction ID: 629)
[DW] bdMarketplace: executing task '99' (transaction ID: 630)
[DW] bdMarketplace: executing task '99' (transaction ID: 631)
[DW] bdMarketplace: executing task '99' (transaction ID: 632)
[DW] bdMarketplace: executing task '99' (transaction ID: 633)
[DW] bdMarketplace: executing task '99' (transaction ID: 634)
[DW] bdMarketplace: executing task '99' (transaction ID: 635)
[DW] bdMarketplace: executing task '99' (transaction ID: 636)
[DW] bdMarketplace: executing task '99' (transaction ID: 637)
[DW] bdMarketplace: executing task '99' (transaction ID: 638)
[DW] bdMarketplace: executing task '99' (transaction ID: 639)
[DW] bdMarketplace: executing task '99' (transaction ID: 640)
[DW] bdMarketplace: executing task '99' (transaction ID: 641)
[DW] bdMarketplace: executing task '99' (transaction ID: 642)
[DW] bdMarketplace: executing task '99' (transaction ID: 643)
[DW] bdMarketplace: executing task '99' (transaction ID: 644)
[DW] bdMarketplace: executing task '99' (transaction ID: 645)
[DW] bdMarketplace: executing task '99' (transaction ID: 646)
[DW] bdMarketplace: executing task '99' (transaction ID: 647)
[DW] bdMarketplace: executing task '99' (transaction ID: 648)
[DW] bdMarketplace: executing task '99' (transaction ID: 649)
[DW] bdMarketplace: executing task '99' (transaction ID: 650)
[DW] bdMarketplace: executing task '99' (transaction ID: 651)
[DW] bdMarketplace: executing task '99' (transaction ID: 652)
[DW] bdMarketplace: executing task '99' (transaction ID: 653)
[DW] bdMarketplace: executing task '99' (transaction ID: 654)
[DW] bdMarketplace: executing task '99' (transaction ID: 655)
[DW] bdMarketplace: executing task '99' (transaction ID: 656)
[DW] bdMarketplace: executing task '99' (transaction ID: 657)
[DW] bdReward: executing task '11' (transaction ID: 658)
[HQ event] enter_hub (enter_hub), timestamp 1789271739000000, 1 parameters
  1=1
[DW] bdMarketplace: executing task '99' (transaction ID: 659)
[DW] bdMarketplace: executing task '99' (transaction ID: 660)
[DW] bdMarketplace: executing task '99' (transaction ID: 661)
[DW] bdMarketplace: executing task '99' (transaction ID: 662)
[DW] bdMarketplace: executing task '99' (transaction ID: 663)
[DW] bdMarketplace: executing task '99' (transaction ID: 664)
[DW] bdMarketplace: executing task '99' (transaction ID: 665)
[DW] bdMarketplace: executing task '99' (transaction ID: 666)
[DW] bdMarketplace: executing task '99' (transaction ID: 667)
[DW] bdMarketplace: executing task '99' (transaction ID: 668)
[DW] bdMarketplace: executing task '99' (transaction ID: 669)
[DW] bdMarketplace: executing task '99' (transaction ID: 670)
[DW] bdMarketplace: executing task '99' (transaction ID: 671)
[DW] bdMarketplace: executing task '99' (transaction ID: 672)
[DW] bdMarketplace: executing task '99' (transaction ID: 673)
[DW] bdMarketplace: executing task '99' (transaction ID: 674)
[DW] bdMarketplace: executing task '99' (transaction ID: 675)
[DW] bdMarketplace: executing task '99' (transaction ID: 676)
[DW] bdMarketplace: executing task '99' (transaction ID: 677)
[DW] bdMarketplace: executing task '99' (transaction ID: 678)
[DW] bdMarketplace: executing task '99' (transaction ID: 679)
[DW] bdMarketplace: executing task '99' (transaction ID: 680)
[DW] bdMarketplace: executing task '99' (transaction ID: 681)
[DW] bdMarketplace: executing task '99' (transaction ID: 682)
[DW] bdMarketplace: executing task '99' (transaction ID: 683)
[DW] bdMarketplace: executing task '99' (transaction ID: 684)
[DW] bdMarketplace: executing task '99' (transaction ID: 685)
[DW] bdMarketplace: executing task '99' (transaction ID: 686)
[DW] bdMarketplace: executing task '99' (transaction ID: 687)
[DW] bdMarketplace: executing task '99' (transaction ID: 688)
[DW] bdMarketplace: executing task '99' (transaction ID: 689)
[DW] bdMarketplace: executing task '99' (transaction ID: 690)
[DW] bdMarketplace: executing task '99' (transaction ID: 691)
[DW] bdMarketplace: executing task '99' (transaction ID: 692)
[DW] bdMarketplace: executing task '99' (transaction ID: 693)
[DW] bdMarketplace: executing task '99' (transaction ID: 694)
[DW] bdMarketplace: executing task '99' (transaction ID: 695)
[DW] bdMarketplace: executing task '99' (transaction ID: 696)
[DW] bdMarketplace: executing task '99' (transaction ID: 697)
[DW] bdMarketplace: executing task '99' (transaction ID: 698)
[DW] bdMarketplace: executing task '99' (transaction ID: 699)
[DW] bdMarketplace: executing task '99' (transaction ID: 700)
[DW] bdMarketplace: executing task '99' (transaction ID: 701)
[DW] bdMarketplace: executing task '99' (transaction ID: 702)
[DW] bdMarketplace: executing task '99' (transaction ID: 703)
[DW] bdMarketplace: executing task '99' (transaction ID: 704)
[DW] bdMarketplace: executing task '99' (transaction ID: 705)
[DW] bdMarketplace: executing task '99' (transaction ID: 706)
[DW] bdMarketplace: executing task '99' (transaction ID: 707)
[DW] bdMarketplace: executing task '99' (transaction ID: 708)
[DW] bdMarketplace: executing task '99' (transaction ID: 709)
[DW] bdMarketplace: executing task '99' (transaction ID: 710)
[DW] bdMarketplace: executing task '99' (transaction ID: 711)
[DW] bdMarketplace: executing task '99' (transaction ID: 712)
[DW] bdMarketplace: executing task '99' (transaction ID: 713)
[DW] bdMarketplace: executing task '99' (transaction ID: 714)
[DW] bdMarketplace: executing task '99' (transaction ID: 715)
[DW] bdMarketplace: executing task '99' (transaction ID: 716)
[DW] bdMarketplace: executing task '99' (transaction ID: 717)
[DW] bdMarketplace: executing task '99' (transaction ID: 718)
[DW] bdMarketplace: executing task '99' (transaction ID: 719)
[DW] bdMarketplace: executing task '99' (transaction ID: 720)
[DW] bdMarketplace: executing task '99' (transaction ID: 721)
[DW] bdMarketplace: executing task '99' (transaction ID: 722)
[DW] bdMarketplace: executing task '99' (transaction ID: 723)
[DW] bdMarketplace: executing task '99' (transaction ID: 724)
[DW] bdMarketplace: executing task '99' (transaction ID: 725)
[DW] bdMarketplace: executing task '99' (transaction ID: 726)
[DW] bdMarketplace: executing task '99' (transaction ID: 727)
[DW] bdMarketplace: executing task '99' (transaction ID: 728)
[DW] bdMarketplace: executing task '99' (transaction ID: 729)
[DW] bdMarketplace: executing task '99' (transaction ID: 730)
[DW] bdMarketplace: executing task '99' (transaction ID: 731)
[DW] bdMarketplace: executing task '99' (transaction ID: 732)
[DW] bdMarketplace: executing task '99' (transaction ID: 733)
[DW] bdMarketplace: executing task '99' (transaction ID: 734)
[DW] bdMarketplace: executing task '99' (transaction ID: 735)
[DW] bdMarketplace: executing task '99' (transaction ID: 736)
[DW] bdMarketplace: executing task '99' (transaction ID: 737)
[DW] bdMarketplace: executing task '99' (transaction ID: 738)
[DW] bdMarketplace: executing task '99' (transaction ID: 739)
[DW] bdMarketplace: executing task '99' (transaction ID: 740)
[DW] bdMarketplace: executing task '99' (transaction ID: 741)
[DW] bdMarketplace: executing task '99' (transaction ID: 742)
[DW] bdMarketplace: executing task '99' (transaction ID: 743)
[DW] bdMarketplace: executing task '99' (transaction ID: 744)
[DW] bdMarketplace: executing task '99' (transaction ID: 745)
[DW] bdMarketplace: executing task '99' (transaction ID: 746)
[DW] bdMarketplace: executing task '99' (transaction ID: 747)
[DW] bdMarketplace: executing task '99' (transaction ID: 748)
[DW] bdMarketplace: executing task '99' (transaction ID: 749)
[DW] bdMarketplace: executing task '99' (transaction ID: 750)
[DW] bdMarketplace: executing task '99' (transaction ID: 751)
[DW] bdMarketplace: executing task '99' (transaction ID: 752)
[DW] bdMarketplace: executing task '99' (transaction ID: 753)
[DW] bdMarketplace: executing task '99' (transaction ID: 754)
[DW] bdMarketplace: executing task '99' (transaction ID: 755)
[DW] bdMarketplace: executing task '99' (transaction ID: 756)
[DW] bdMarketplace: executing task '99' (transaction ID: 757)
[DW] bdMarketplace: executing task '99' (transaction ID: 758)
[DW] bdMarketplace: executing task '99' (transaction ID: 759)
[DW] bdMarketplace: executing task '99' (transaction ID: 760)
[DW] bdMarketplace: executing task '99' (transaction ID: 761)
[DW] bdMarketplace: executing task '99' (transaction ID: 762)
[DW] bdMarketplace: executing task '99' (transaction ID: 763)
[DW] bdMarketplace: executing task '99' (transaction ID: 764)
[DW] bdMarketplace: executing task '99' (transaction ID: 765)
[DW] bdMarketplace: executing task '99' (transaction ID: 766)
[DW] bdMarketplace: executing task '99' (transaction ID: 767)
[DW] bdMarketplace: executing task '99' (transaction ID: 768)
[DW] bdMarketplace: executing task '99' (transaction ID: 769)
[DW] bdMarketplace: executing task '99' (transaction ID: 770)
[DW] bdMarketplace: executing task '99' (transaction ID: 771)
[DW] bdMarketplace: executing task '99' (transaction ID: 772)
[DW] bdMarketplace: executing task '99' (transaction ID: 773)
[DW] bdMarketplace: executing task '99' (transaction ID: 774)
[DW] bdMarketplace: executing task '99' (transaction ID: 775)
[DW] bdMarketplace: executing task '99' (transaction ID: 776)
[DW] bdMarketplace: executing task '99' (transaction ID: 777)
[DW] bdMarketplace: executing task '99' (transaction ID: 778)
[DW] bdMarketplace: executing task '99' (transaction ID: 779)
[DW] bdMarketplace: executing task '99' (transaction ID: 780)
[DW] bdMarketplace: executing task '99' (transaction ID: 781)
[DW] bdMarketplace: executing task '99' (transaction ID: 782)
[DW] bdMarketplace: executing task '99' (transaction ID: 783)
[DW] bdMarketplace: executing task '99' (transaction ID: 784)
[DW] bdMarketplace: executing task '99' (transaction ID: 785)
[DW] bdMarketplace: executing task '99' (transaction ID: 786)
[DW] bdMarketplace: executing task '99' (transaction ID: 787)
[DW] bdMarketplace: executing task '99' (transaction ID: 788)
[DW] bdMarketplace: executing task '99' (transaction ID: 789)
[DW] bdMarketplace: executing task '99' (transaction ID: 790)
[DW] bdMarketplace: executing task '99' (transaction ID: 791)
[DW] bdMarketplace: executing task '99' (transaction ID: 792)
[DW] bdMarketplace: executing task '99' (transaction ID: 793)
[DW] bdMarketplace: executing task '99' (transaction ID: 794)
[DW] bdMarketplace: executing task '99' (transaction ID: 795)
[DW] bdMarketplace: executing task '99' (transaction ID: 796)
[DW] bdMarketplace: executing task '99' (transaction ID: 797)
[DW] bdMarketplace: executing task '99' (transaction ID: 798)
[DW] bdMarketplace: executing task '99' (transaction ID: 799)
[DW] bdMarketplace: executing task '99' (transaction ID: 800)
[DW] bdMarketplace: executing task '99' (transaction ID: 801)
[DW] bdMarketplace: executing task '99' (transaction ID: 802)
[DW] bdMarketplace: executing task '99' (transaction ID: 803)
[DW] bdMarketplace: executing task '99' (transaction ID: 804)
[DW] bdMarketplace: executing task '99' (transaction ID: 805)
[DW] bdMarketplace: executing task '99' (transaction ID: 806)
[DW] bdMarketplace: executing task '99' (transaction ID: 807)
[DW] bdMarketplace: executing task '99' (transaction ID: 808)
[DW] bdMarketplace: executing task '99' (transaction ID: 809)
[DW] bdMarketplace: executing task '99' (transaction ID: 810)
[DW] bdMarketplace: executing task '99' (transaction ID: 811)
[DW] bdMarketplace: executing task '99' (transaction ID: 812)
[DW] bdMarketplace: executing task '99' (transaction ID: 813)
[DW] bdMarketplace: executing task '99' (transaction ID: 814)
[DW] bdMarketplace: executing task '99' (transaction ID: 815)
[DW] bdMarketplace: executing task '99' (transaction ID: 816)
[DW] bdMarketplace: executing task '99' (transaction ID: 817)
[DW] bdMarketplace: executing task '99' (transaction ID: 818)
[DW] bdMarketplace: executing task '99' (transaction ID: 819)
[DW] bdMarketplace: executing task '99' (transaction ID: 820)
[DW] bdMarketplace: executing task '99' (transaction ID: 821)
[DW] bdMarketplace: executing task '99' (transaction ID: 822)
[DW] bdMarketplace: executing task '99' (transaction ID: 823)
[DW] bdMarketplace: executing task '99' (transaction ID: 824)
[DW] bdMarketplace: executing task '99' (transaction ID: 825)
[DW] bdMarketplace: executing task '99' (transaction ID: 826)
[DW] bdMarketplace: executing task '99' (transaction ID: 827)
[DW] bdMarketplace: executing task '99' (transaction ID: 828)
[DW] bdMarketplace: executing task '99' (transaction ID: 829)
[DW] bdMarketplace: executing task '99' (transaction ID: 830)
[DW] bdMarketplace: executing task '99' (transaction ID: 831)
[DW] bdMarketplace: executing task '99' (transaction ID: 832)
[DW] bdMarketplace: executing task '99' (transaction ID: 833)
[DW] bdMarketplace: executing task '99' (transaction ID: 834)
[DW] bdMarketplace: executing task '99' (transaction ID: 835)
[DW] bdMarketplace: executing task '99' (transaction ID: 836)
[DW] bdMarketplace: executing task '99' (transaction ID: 837)
[DW] bdMarketplace: executing task '99' (transaction ID: 838)
[DW] bdMarketplace: executing task '99' (transaction ID: 839)
[DW] bdMarketplace: executing task '99' (transaction ID: 840)
[DW] bdMarketplace: executing task '99' (transaction ID: 841)
[DW] bdMarketplace: executing task '99' (transaction ID: 842)
[DW] bdMarketplace: executing task '99' (transaction ID: 843)
[DW] bdMarketplace: executing task '99' (transaction ID: 844)
[DW] bdMarketplace: executing task '99' (transaction ID: 845)
[DW] bdMarketplace: executing task '99' (transaction ID: 846)
[DW] bdMarketplace: executing task '99' (transaction ID: 847)
[DW] bdMarketplace: executing task '99' (transaction ID: 848)
[DW] bdMarketplace: executing task '99' (transaction ID: 849)
[DW] bdMarketplace: executing task '99' (transaction ID: 850)
[DW] bdMarketplace: executing task '99' (transaction ID: 851)
[DW] bdMarketplace: executing task '99' (transaction ID: 852)
[DW] bdMarketplace: executing task '99' (transaction ID: 853)
[DW] bdMarketplace: executing task '99' (transaction ID: 854)
[DW] bdMarketplace: executing task '99' (transaction ID: 855)
[DW] bdMarketplace: executing task '99' (transaction ID: 856)
[DW] bdMarketplace: executing task '99' (transaction ID: 857)
[DW] bdMarketplace: executing task '99' (transaction ID: 858)
[DW] bdMarketplace: executing task '99' (transaction ID: 859)
[DW] bdMarketplace: executing task '99' (transaction ID: 860)
[DW] bdMarketplace: executing task '99' (transaction ID: 861)
[DW] bdMarketplace: executing task '99' (transaction ID: 862)
[DW] bdMarketplace: executing task '99' (transaction ID: 863)
[DW] bdMarketplace: executing task '99' (transaction ID: 864)
[DW] bdMarketplace: executing task '99' (transaction ID: 865)
[DW] bdMarketplace: executing task '99' (transaction ID: 866)
[DW] bdMarketplace: executing task '99' (transaction ID: 867)
[DW] bdMarketplace: executing task '99' (transaction ID: 868)
[DW] bdMarketplace: executing task '99' (transaction ID: 869)
[DW] bdMarketplace: executing task '99' (transaction ID: 870)
[DW] bdMarketplace: executing task '99' (transaction ID: 871)
[DW] bdMarketplace: executing task '99' (transaction ID: 872)
[DW] bdMarketplace: executing task '99' (transaction ID: 873)
[DW] bdMarketplace: executing task '99' (transaction ID: 874)
[DW] bdMarketplace: executing task '99' (transaction ID: 875)
[DW] bdMarketplace: executing task '99' (transaction ID: 876)
[DW] bdMarketplace: executing task '99' (transaction ID: 877)
[DW] bdMarketplace: executing task '99' (transaction ID: 878)
[DW] bdMarketplace: executing task '99' (transaction ID: 879)
[DW] bdMarketplace: executing task '99' (transaction ID: 880)
[DW] bdMarketplace: executing task '99' (transaction ID: 881)
[DW] bdMarketplace: executing task '99' (transaction ID: 882)
[DW] bdMarketplace: executing task '99' (transaction ID: 883)
[DW] bdMarketplace: executing task '99' (transaction ID: 884)
[DW] bdMarketplace: executing task '99' (transaction ID: 885)
[DW] bdMarketplace: executing task '99' (transaction ID: 886)
[DW] bdMarketplace: executing task '99' (transaction ID: 887)
[DW] bdMarketplace: executing task '99' (transaction ID: 888)
[DW] bdMarketplace: executing task '99' (transaction ID: 889)
[DW] bdMarketplace: executing task '99' (transaction ID: 890)
[DW] bdMarketplace: executing task '99' (transaction ID: 891)
[DW] bdMarketplace: executing task '99' (transaction ID: 892)
[DW] bdMarketplace: executing task '99' (transaction ID: 893)
[DW] bdMarketplace: executing task '99' (transaction ID: 894)
[DW] bdMarketplace: executing task '99' (transaction ID: 895)
[DW] bdMarketplace: executing task '99' (transaction ID: 896)
[DW] bdMarketplace: executing task '99' (transaction ID: 897)
[DW] bdMarketplace: executing task '99' (transaction ID: 898)
[DW] bdMarketplace: executing task '99' (transaction ID: 899)
[DW] bdMarketplace: executing task '99' (transaction ID: 900)
[DW] bdMarketplace: executing task '99' (transaction ID: 901)
[DW] bdMarketplace: executing task '99' (transaction ID: 902)
[DW] bdMarketplace: executing task '99' (transaction ID: 903)
[DW] bdMarketplace: executing task '99' (transaction ID: 904)
[DW] bdMarketplace: executing task '99' (transaction ID: 905)
[DW] bdMarketplace: executing task '99' (transaction ID: 906)
[DW] bdMarketplace: executing task '99' (transaction ID: 907)
[DW] bdMarketplace: executing task '99' (transaction ID: 908)
[DW] bdMarketplace: executing task '99' (transaction ID: 909)
[DW] bdMarketplace: executing task '99' (transaction ID: 910)
[DW] bdMarketplace: executing task '99' (transaction ID: 911)
[DW] bdMarketplace: executing task '99' (transaction ID: 912)
[DW] bdMarketplace: executing task '99' (transaction ID: 913)
[DW] bdMarketplace: executing task '99' (transaction ID: 914)
[DW] bdMarketplace: executing task '99' (transaction ID: 915)
[DW] bdMarketplace: executing task '99' (transaction ID: 916)
[DW] bdMarketplace: executing task '99' (transaction ID: 917)
[DW] bdMarketplace: executing task '99' (transaction ID: 918)
[DW] bdMarketplace: executing task '99' (transaction ID: 919)
[DW] bdMarketplace: executing task '99' (transaction ID: 920)
[DW] bdMarketplace: executing task '99' (transaction ID: 921)
[DW] bdMarketplace: executing task '99' (transaction ID: 922)
[DW] bdMarketplace: executing task '99' (transaction ID: 923)
[DW] bdMarketplace: executing task '99' (transaction ID: 924)
[DW] bdMarketplace: executing task '99' (transaction ID: 925)
[DW] bdMarketplace: executing task '99' (transaction ID: 926)
[DW] bdMarketplace: executing task '99' (transaction ID: 927)
[DW] bdMarketplace: executing task '99' (transaction ID: 928)
[DW] bdMarketplace: executing task '99' (transaction ID: 929)
[DW] bdMarketplace: executing task '99' (transaction ID: 930)
[DW] bdMarketplace: executing task '99' (transaction ID: 931)
[DW] bdMarketplace: executing task '99' (transaction ID: 932)
[DW] bdMarketplace: executing task '99' (transaction ID: 933)
[DW] bdMarketplace: executing task '99' (transaction ID: 934)
[DW] bdMarketplace: executing task '99' (transaction ID: 935)
[DW] bdMarketplace: executing task '99' (transaction ID: 936)
[DW] bdMarketplace: executing task '99' (transaction ID: 937)
[DW] bdMarketplace: executing task '99' (transaction ID: 938)
[DW] bdMarketplace: executing task '99' (transaction ID: 939)
[DW] bdMarketplace: executing task '99' (transaction ID: 940)
[DW] bdMarketplace: executing task '99' (transaction ID: 941)
[DW] bdMarketplace: executing task '99' (transaction ID: 942)
[DW] bdMarketplace: executing task '99' (transaction ID: 943)
[DW] bdMarketplace: executing task '99' (transaction ID: 944)
[DW] bdMarketplace: executing task '99' (transaction ID: 945)
[DW] bdMarketplace: executing task '99' (transaction ID: 946)
[DW] bdMarketplace: executing task '99' (transaction ID: 947)
[DW] bdMarketplace: executing task '99' (transaction ID: 948)
[DW] bdMarketplace: executing task '99' (transaction ID: 949)
[DW] bdMarketplace: executing task '99' (transaction ID: 950)
[DW] bdMarketplace: executing task '99' (transaction ID: 951)
[DW] bdMarketplace: executing task '99' (transaction ID: 952)
[DW] bdMarketplace: executing task '99' (transaction ID: 953)
[DW] bdMarketplace: executing task '99' (transaction ID: 954)
[DW] bdMarketplace: executing task '99' (transaction ID: 955)
[DW] bdMarketplace: executing task '99' (transaction ID: 956)
[DW] bdMarketplace: executing task '99' (transaction ID: 957)
[DW] bdMarketplace: executing task '99' (transaction ID: 958)
[DW] bdMarketplace: executing task '99' (transaction ID: 959)
[DW] bdMarketplace: executing task '99' (transaction ID: 960)
[DW] bdMarketplace: executing task '99' (transaction ID: 961)
[DW] bdMarketplace: executing task '99' (transaction ID: 962)
[DW] bdMarketplace: executing task '99' (transaction ID: 963)
[DW] bdMarketplace: executing task '99' (transaction ID: 964)
[DW] bdMarketplace: executing task '99' (transaction ID: 965)
[DW] bdMarketplace: executing task '99' (transaction ID: 966)
[DW] bdMarketplace: executing task '99' (transaction ID: 967)
[DW] bdMarketplace: executing task '99' (transaction ID: 968)
[DW] bdMarketplace: executing task '99' (transaction ID: 969)
[DW] bdMarketplace: executing task '99' (transaction ID: 970)
[DW] bdMarketplace: executing task '99' (transaction ID: 971)
[DW] bdMarketplace: executing task '99' (transaction ID: 972)
[DW] bdMarketplace: executing task '99' (transaction ID: 973)
[DW] bdMarketplace: executing task '99' (transaction ID: 974)
[DW] bdMarketplace: executing task '99' (transaction ID: 975)
[DW] bdMarketplace: executing task '99' (transaction ID: 976)
[DW] bdMarketplace: executing task '99' (transaction ID: 977)
[DW] bdMarketplace: executing task '99' (transaction ID: 978)
[DW] bdMarketplace: executing task '99' (transaction ID: 979)
[DW] bdMarketplace: executing task '99' (transaction ID: 980)
[DW] bdMarketplace: executing task '99' (transaction ID: 981)
[DW] bdMarketplace: executing task '99' (transaction ID: 982)
[DW] bdMarketplace: executing task '99' (transaction ID: 983)
[DW] bdMarketplace: executing task '99' (transaction ID: 984)
[DW] bdMarketplace: executing task '99' (transaction ID: 985)
[DW] bdMarketplace: executing task '99' (transaction ID: 986)
[DW] bdMarketplace: executing task '99' (transaction ID: 987)
[DW] bdMarketplace: executing task '99' (transaction ID: 988)
[DW] bdMarketplace: executing task '99' (transaction ID: 989)
[DW] bdMarketplace: executing task '99' (transaction ID: 990)
[DW] bdMarketplace: executing task '99' (transaction ID: 991)
[DW] bdMarketplace: executing task '99' (transaction ID: 992)
[DW] bdMarketplace: executing task '99' (transaction ID: 993)
[DW] bdMarketplace: executing task '99' (transaction ID: 994)
[DW] bdMarketplace: executing task '99' (transaction ID: 995)
[DW] bdMarketplace: executing task '99' (transaction ID: 996)
[DW] bdMarketplace: executing task '99' (transaction ID: 997)
[DW] bdMarketplace: executing task '99' (transaction ID: 998)
[DW] bdMarketplace: executing task '99' (transaction ID: 999)
[DW] bdMarketplace: executing task '99' (transaction ID: 1000)
[DW] bdMarketplace: executing task '99' (transaction ID: 1001)
[DW] bdMarketplace: executing task '99' (transaction ID: 1002)
[DW] bdMarketplace: executing task '99' (transaction ID: 1003)
[DW] bdMarketplace: executing task '99' (transaction ID: 1004)
[DW] bdMarketplace: executing task '99' (transaction ID: 1005)
[DW] bdMarketplace: executing task '99' (transaction ID: 1006)
[DW] bdMarketplace: executing task '99' (transaction ID: 1007)
[DW] bdMarketplace: executing task '99' (transaction ID: 1008)
[DW] bdMarketplace: executing task '99' (transaction ID: 1009)
[DW] bdMarketplace: executing task '99' (transaction ID: 1010)
[DW] bdMarketplace: executing task '99' (transaction ID: 1011)
[DW] bdMarketplace: executing task '99' (transaction ID: 1012)
[DW] bdMarketplace: executing task '99' (transaction ID: 1013)
[DW] bdMarketplace: executing task '99' (transaction ID: 1014)
[DW] bdMarketplace: executing task '99' (transaction ID: 1015)
[DW] bdMarketplace: executing task '99' (transaction ID: 1016)
[DW] bdMarketplace: executing task '99' (transaction ID: 1017)
[DW] bdMarketplace: executing task '99' (transaction ID: 1018)
[DW] bdMarketplace: executing task '99' (transaction ID: 1019)
[DW] bdMarketplace: executing task '99' (transaction ID: 1020)
[DW] bdMarketplace: executing task '99' (transaction ID: 1021)
[DW] bdMarketplace: executing task '99' (transaction ID: 1022)
[DW] bdMarketplace: executing task '99' (transaction ID: 1023)
[DW] bdMarketplace: executing task '99' (transaction ID: 1024)
[DW] bdMarketplace: executing task '99' (transaction ID: 1025)
[DW] bdMarketplace: executing task '99' (transaction ID: 1026)
[DW] bdMarketplace: executing task '99' (transaction ID: 1027)
[DW] bdMarketplace: executing task '99' (transaction ID: 1028)
[DW] bdMarketplace: executing task '99' (transaction ID: 1029)
[DW] bdMarketplace: executing task '99' (transaction ID: 1030)
[DW] bdMarketplace: executing task '99' (transaction ID: 1031)
[DW] bdMarketplace: executing task '99' (transaction ID: 1032)
[DW] bdMarketplace: executing task '99' (transaction ID: 1033)
[DW] bdMarketplace: executing task '99' (transaction ID: 1034)
[DW] bdMarketplace: executing task '99' (transaction ID: 1035)
[DW] bdMarketplace: executing task '99' (transaction ID: 1036)
[DW] bdMarketplace: executing task '99' (transaction ID: 1037)
[DW] bdMarketplace: executing task '99' (transaction ID: 1038)
[DW] bdMarketplace: executing task '99' (transaction ID: 1039)
[DW] bdMarketplace: executing task '99' (transaction ID: 1040)
[DW] bdMarketplace: executing task '99' (transaction ID: 1041)
[DW] bdMarketplace: executing task '99' (transaction ID: 1042)
[DW] bdMarketplace: executing task '99' (transaction ID: 1043)
[DW] bdMarketplace: executing task '99' (transaction ID: 1044)
[DW] bdMarketplace: executing task '99' (transaction ID: 1045)
[DW] bdMarketplace: executing task '99' (transaction ID: 1046)
[DW] bdMarketplace: executing task '99' (transaction ID: 1047)
[DW] bdMarketplace: executing task '99' (transaction ID: 1048)
[DW] bdMarketplace: executing task '99' (transaction ID: 1049)
[DW] bdMarketplace: executing task '99' (transaction ID: 1050)
[DW] bdMarketplace: executing task '99' (transaction ID: 1051)
[DW] bdMarketplace: executing task '99' (transaction ID: 1052)
[DW] bdMarketplace: executing task '99' (transaction ID: 1053)
[DW] bdMarketplace: executing task '99' (transaction ID: 1054)
[DW] bdMarketplace: executing task '99' (transaction ID: 1055)
[DW] bdMarketplace: executing task '99' (transaction ID: 1056)
[DW] bdMarketplace: executing task '99' (transaction ID: 1057)
[DW] bdMarketplace: executing task '99' (transaction ID: 1058)
[DW] bdMarketplace: executing task '99' (transaction ID: 1059)
[DW] bdMarketplace: executing task '99' (transaction ID: 1060)
[DW] bdMarketplace: executing task '99' (transaction ID: 1061)
[DW] bdMarketplace: executing task '99' (transaction ID: 1062)
[DW] bdMarketplace: executing task '99' (transaction ID: 1063)
[DW] bdMarketplace: executing task '99' (transaction ID: 1064)
[DW] bdMarketplace: executing task '99' (transaction ID: 1065)
[DW] bdMarketplace: executing task '99' (transaction ID: 1066)
[DW] bdMarketplace: executing task '99' (transaction ID: 1067)
[DW] bdMarketplace: executing task '99' (transaction ID: 1068)
[DW] bdMarketplace: executing task '99' (transaction ID: 1069)
[DW] bdMarketplace: executing task '99' (transaction ID: 1070)
[DW] bdMarketplace: executing task '99' (transaction ID: 1071)
[DW] bdMarketplace: executing task '99' (transaction ID: 1072)
[DW] bdMarketplace: executing task '99' (transaction ID: 1073)
[DW] bdMarketplace: executing task '99' (transaction ID: 1074)
[DW] bdMarketplace: executing task '99' (transaction ID: 1075)
[DW] bdMarketplace: executing task '99' (transaction ID: 1076)
[DW] bdMarketplace: executing task '99' (transaction ID: 1077)
[DW] bdMarketplace: executing task '99' (transaction ID: 1078)
[DW] bdMarketplace: executing task '99' (transaction ID: 1079)
[DW] bdMarketplace: executing task '99' (transaction ID: 1080)
[DW] bdMarketplace: executing task '99' (transaction ID: 1081)
[DW] bdMarketplace: executing task '99' (transaction ID: 1082)
[DW] bdMarketplace: executing task '99' (transaction ID: 1083)
[DW] bdMarketplace: executing task '99' (transaction ID: 1084)
[DW] bdMarketplace: executing task '99' (transaction ID: 1085)
[DW] bdMarketplace: executing task '99' (transaction ID: 1086)
[DW] bdMarketplace: executing task '99' (transaction ID: 1087)
[DW] bdMarketplace: executing task '99' (transaction ID: 1088)
[DW] bdMarketplace: executing task '99' (transaction ID: 1089)
[DW] bdMarketplace: executing task '99' (transaction ID: 1090)
[DW] bdMarketplace: executing task '99' (transaction ID: 1091)
[DW] bdMarketplace: executing task '99' (transaction ID: 1092)
[DW] bdMarketplace: executing task '99' (transaction ID: 1093)
[DW] bdMarketplace: executing task '99' (transaction ID: 1094)
[DW] bdMarketplace: executing task '99' (transaction ID: 1095)
[DW] bdMarketplace: executing task '99' (transaction ID: 1096)
[DW] bdMarketplace: executing task '99' (transaction ID: 1097)
[DW] bdMarketplace: executing task '99' (transaction ID: 1098)
[DW] bdMarketplace: executing task '99' (transaction ID: 1099)
[DW] bdMarketplace: executing task '99' (transaction ID: 1100)
[DW] bdMarketplace: executing task '99' (transaction ID: 1101)
[DW] bdMarketplace: executing task '99' (transaction ID: 1102)
[DW] bdMarketplace: executing task '99' (transaction ID: 1103)
[DW] bdMarketplace: executing task '99' (transaction ID: 1104)
[DW] bdMarketplace: executing task '99' (transaction ID: 1105)
[DW] bdMarketplace: executing task '99' (transaction ID: 1106)
[DW] bdMarketplace: executing task '99' (transaction ID: 1107)
[DW] bdMarketplace: executing task '99' (transaction ID: 1108)
[DW] bdMarketplace: executing task '99' (transaction ID: 1109)
[DW] bdMarketplace: executing task '99' (transaction ID: 1110)
[DW] bdMarketplace: executing task '99' (transaction ID: 1111)
[DW] bdMarketplace: executing task '99' (transaction ID: 1112)
[DW] bdMarketplace: executing task '99' (transaction ID: 1113)
[DW] bdMarketplace: executing task '99' (transaction ID: 1114)
[DW] bdMarketplace: executing task '99' (transaction ID: 1115)
[DW] bdMarketplace: executing task '99' (transaction ID: 1116)
[DW] bdMarketplace: executing task '99' (transaction ID: 1117)
[DW] bdMarketplace: executing task '99' (transaction ID: 1118)
[DW] bdMarketplace: executing task '99' (transaction ID: 1119)
[DW] bdMarketplace: executing task '99' (transaction ID: 1120)
[DW] bdMarketplace: executing task '99' (transaction ID: 1121)
[DW] bdMarketplace: executing task '99' (transaction ID: 1122)
[DW] bdMarketplace: executing task '99' (transaction ID: 1123)
[DW] bdMarketplace: executing task '99' (transaction ID: 1124)
[DW] bdMarketplace: executing task '99' (transaction ID: 1125)
[DW] bdMarketplace: executing task '99' (transaction ID: 1126)
[DW] bdMarketplace: executing task '99' (transaction ID: 1127)
[DW] bdMarketplace: executing task '99' (transaction ID: 1128)
[DW] bdMarketplace: executing task '99' (transaction ID: 1129)
[DW] bdMarketplace: executing task '99' (transaction ID: 1130)
[DW] bdMarketplace: executing task '99' (transaction ID: 1131)
[DW] bdMarketplace: executing task '99' (transaction ID: 1132)
[DW] bdMarketplace: executing task '99' (transaction ID: 1133)
[DW] bdMarketplace: executing task '99' (transaction ID: 1134)
[DW] bdMarketplace: executing task '99' (transaction ID: 1135)
[DW] bdMarketplace: executing task '99' (transaction ID: 1136)
[DW] bdMarketplace: executing task '99' (transaction ID: 1137)
[DW] bdMarketplace: executing task '99' (transaction ID: 1138)
[DW] bdMarketplace: executing task '99' (transaction ID: 1139)
[DW] bdMarketplace: executing task '99' (transaction ID: 1140)
[DW] bdMarketplace: executing task '99' (transaction ID: 1141)
[DW] bdMarketplace: executing task '99' (transaction ID: 1142)
[DW] bdMarketplace: executing task '99' (transaction ID: 1143)
[DW] bdMarketplace: executing task '99' (transaction ID: 1144)
[DW] bdMarketplace: executing task '99' (transaction ID: 1145)
[DW] bdMarketplace: executing task '99' (transaction ID: 1146)
[DW] bdMarketplace: executing task '99' (transaction ID: 1147)
[DW] bdMarketplace: executing task '99' (transaction ID: 1148)
[DW] bdMarketplace: executing task '99' (transaction ID: 1149)
[DW] bdMarketplace: executing task '99' (transaction ID: 1150)
[DW] bdMarketplace: executing task '99' (transaction ID: 1151)
[DW] bdMarketplace: executing task '99' (transaction ID: 1152)
[DW] bdMarketplace: executing task '99' (transaction ID: 1153)
[DW] bdMarketplace: executing task '99' (transaction ID: 1154)
[DW] bdMarketplace: executing task '99' (transaction ID: 1155)
[DW] bdMarketplace: executing task '99' (transaction ID: 1156)
[DW] bdMarketplace: executing task '99' (transaction ID: 1157)
[DW] bdMarketplace: executing task '99' (transaction ID: 1158)
[DW] bdMarketplace: executing task '99' (transaction ID: 1159)
[DW] bdMarketplace: executing task '99' (transaction ID: 1160)
[DW] bdMarketplace: executing task '99' (transaction ID: 1161)
[DW] bdMarketplace: executing task '99' (transaction ID: 1162)
[DW] bdMarketplace: executing task '99' (transaction ID: 1163)
[DW] bdMarketplace: executing task '99' (transaction ID: 1164)
[DW] bdMarketplace: executing task '99' (transaction ID: 1165)
[DW] bdMarketplace: executing task '99' (transaction ID: 1166)
[DW] bdMarketplace: executing task '99' (transaction ID: 1167)
[DW] bdMarketplace: executing task '99' (transaction ID: 1168)
[DW] bdMarketplace: executing task '99' (transaction ID: 1169)
[DW] bdMarketplace: executing task '99' (transaction ID: 1170)
[DW] bdMarketplace: executing task '99' (transaction ID: 1171)
[DW] bdMarketplace: executing task '99' (transaction ID: 1172)
[DW] bdMarketplace: executing task '99' (transaction ID: 1173)
[DW] bdMarketplace: executing task '99' (transaction ID: 1174)
[DW] bdMarketplace: executing task '99' (transaction ID: 1175)
[DW] bdMarketplace: executing task '99' (transaction ID: 1176)
[DW] bdMarketplace: executing task '99' (transaction ID: 1177)
[DW] bdMarketplace: executing task '99' (transaction ID: 1178)
[DW] bdMarketplace: executing task '99' (transaction ID: 1179)
[DW] bdMarketplace: executing task '99' (transaction ID: 1180)
[DW] bdMarketplace: executing task '99' (transaction ID: 1181)
[DW] bdMarketplace: executing task '99' (transaction ID: 1182)
[DW] bdMarketplace: executing task '99' (transaction ID: 1183)
[DW] bdMarketplace: executing task '99' (transaction ID: 1184)
[DW] bdMarketplace: executing task '99' (transaction ID: 1185)
[DW] bdMarketplace: executing task '99' (transaction ID: 1186)
[DW] bdMarketplace: executing task '99' (transaction ID: 1187)
[DW] bdMarketplace: executing task '99' (transaction ID: 1188)
[DW] bdMarketplace: executing task '99' (transaction ID: 1189)
[DW] bdMarketplace: executing task '99' (transaction ID: 1190)
[DW] bdMarketplace: executing task '99' (transaction ID: 1191)
[DW] bdMarketplace: executing task '99' (transaction ID: 1192)
[DW] bdMarketplace: executing task '99' (transaction ID: 1193)
[DW] bdMarketplace: executing task '99' (transaction ID: 1194)
[DW] bdMarketplace: executing task '99' (transaction ID: 1195)
[DW] bdMarketplace: executing task '99' (transaction ID: 1196)
[DW] bdMarketplace: executing task '99' (transaction ID: 1197)
[DW] bdMarketplace: executing task '99' (transaction ID: 1198)
[DW] bdMarketplace: executing task '99' (transaction ID: 1199)
[DW] bdMarketplace: executing task '99' (transaction ID: 1200)
[DW] bdMarketplace: executing task '99' (transaction ID: 1201)
[DW] bdMarketplace: executing task '99' (transaction ID: 1202)
[DW] bdMarketplace: executing task '99' (transaction ID: 1203)
[DW] bdMarketplace: executing task '99' (transaction ID: 1204)
[DW] bdMarketplace: executing task '99' (transaction ID: 1205)
[DW] bdMarketplace: executing task '99' (transaction ID: 1206)
[DW] bdMarketplace: executing task '99' (transaction ID: 1207)
[DW] bdMarketplace: executing task '99' (transaction ID: 1208)
[DW] bdMarketplace: executing task '99' (transaction ID: 1209)
[DW] bdMarketplace: executing task '99' (transaction ID: 1210)
[DW] bdMarketplace: executing task '99' (transaction ID: 1211)
[DW] bdMarketplace: executing task '99' (transaction ID: 1212)
[DW] bdMarketplace: executing task '99' (transaction ID: 1213)
[DW] bdMarketplace: executing task '99' (transaction ID: 1214)
[DW] bdMarketplace: executing task '99' (transaction ID: 1215)
[DW] bdMarketplace: executing task '99' (transaction ID: 1216)
[DW] bdMarketplace: executing task '99' (transaction ID: 1217)
[DW] bdMarketplace: executing task '99' (transaction ID: 1218)
[DW] bdMarketplace: executing task '99' (transaction ID: 1219)
[DW] bdMarketplace: executing task '99' (transaction ID: 1220)
[DW] bdMarketplace: executing task '99' (transaction ID: 1221)
[DW] bdMarketplace: executing task '99' (transaction ID: 1222)
[DW] bdMarketplace: executing task '99' (transaction ID: 1223)
[DW] bdMarketplace: executing task '99' (transaction ID: 1224)
[DW] bdMarketplace: executing task '99' (transaction ID: 1225)
[DW] bdMarketplace: executing task '99' (transaction ID: 1226)
[DW] bdMarketplace: executing task '99' (transaction ID: 1227)
[DW] bdMarketplace: executing task '99' (transaction ID: 1228)
[DW] bdMarketplace: executing task '99' (transaction ID: 1229)
[DW] bdMarketplace: executing task '99' (transaction ID: 1230)
[DW] bdMarketplace: executing task '99' (transaction ID: 1231)
[DW] bdMarketplace: executing task '99' (transaction ID: 1232)
[DW] bdMarketplace: executing task '99' (transaction ID: 1233)
[DW] bdMarketplace: executing task '99' (transaction ID: 1234)
[DW] bdMarketplace: executing task '99' (transaction ID: 1235)
[DW] bdMarketplace: executing task '99' (transaction ID: 1236)
[DW] bdMarketplace: executing task '99' (transaction ID: 1237)
[DW] bdMarketplace: executing task '99' (transaction ID: 1238)
[DW] bdMarketplace: executing task '99' (transaction ID: 1239)
[DW] bdMarketplace: executing task '99' (transaction ID: 1240)
[DW] bdMarketplace: executing task '99' (transaction ID: 1241)
[DW] bdMarketplace: executing task '99' (transaction ID: 1242)
[DW] bdMarketplace: executing task '99' (transaction ID: 1243)
[DW] bdMarketplace: executing task '99' (transaction ID: 1244)
[DW] bdMarketplace: executing task '99' (transaction ID: 1245)
[DW] bdMarketplace: executing task '99' (transaction ID: 1246)
[DW] bdMarketplace: executing task '99' (transaction ID: 1247)
[DW] bdMarketplace: executing task '99' (transaction ID: 1248)
[DW] bdMarketplace: executing task '99' (transaction ID: 1249)
[DW] bdMarketplace: executing task '99' (transaction ID: 1250)
[DW] bdMarketplace: executing task '99' (transaction ID: 1251)
[DW] bdMarketplace: executing task '99' (transaction ID: 1252)
[DW] bdMarketplace: executing task '99' (transaction ID: 1253)
[DW] bdMarketplace: executing task '99' (transaction ID: 1254)
[DW] bdMarketplace: executing task '99' (transaction ID: 1255)
[DW] bdMarketplace: executing task '99' (transaction ID: 1256)
[DW] bdMarketplace: executing task '99' (transaction ID: 1257)
[DW] bdMarketplace: executing task '99' (transaction ID: 1258)
[DW] bdMarketplace: executing task '99' (transaction ID: 1259)
[DW] bdMarketplace: executing task '99' (transaction ID: 1260)
[DW] bdMarketplace: executing task '99' (transaction ID: 1261)
[DW] bdMarketplace: executing task '99' (transaction ID: 1262)
[DW] bdMarketplace: executing task '99' (transaction ID: 1263)
[DW] bdMarketplace: executing task '99' (transaction ID: 1264)
[DW] bdMarketplace: executing task '99' (transaction ID: 1265)
[DW] bdMarketplace: executing task '99' (transaction ID: 1266)
[DW] bdMarketplace: executing task '99' (transaction ID: 1267)
[DW] bdMarketplace: executing task '99' (transaction ID: 1268)
[DW] bdMarketplace: executing task '99' (transaction ID: 1269)
[DW] bdMarketplace: executing task '99' (transaction ID: 1270)
[DW] bdMarketplace: executing task '99' (transaction ID: 1271)
[DW] bdMarketplace: executing task '99' (transaction ID: 1272)
[DW] bdMarketplace: executing task '99' (transaction ID: 1273)
[DW] bdMarketplace: executing task '99' (transaction ID: 1274)
[DW] bdMarketplace: executing task '99' (transaction ID: 1275)
[DW] bdMarketplace: executing task '99' (transaction ID: 1276)
[DW] bdMarketplace: executing task '99' (transaction ID: 1277)
[DW] bdMarketplace: executing task '99' (transaction ID: 1278)
[DW] bdMarketplace: executing task '99' (transaction ID: 1279)
[DW] bdMarketplace: executing task '99' (transaction ID: 1280)
[DW] bdMarketplace: executing task '99' (transaction ID: 1281)
[DW] bdMarketplace: executing task '99' (transaction ID: 1282)
[DW] bdMarketplace: executing task '99' (transaction ID: 1283)
[DW] bdMarketplace: executing task '99' (transaction ID: 1284)
[DW] bdMarketplace: executing task '99' (transaction ID: 1285)
[DW] bdMarketplace: executing task '99' (transaction ID: 1286)
[DW] bdMarketplace: executing task '99' (transaction ID: 1287)
[DW] bdMarketplace: executing task '99' (transaction ID: 1288)
[DW] bdReward: executing task '11' (transaction ID: 1289)
[HQ event] enter_hub (enter_hub), timestamp 1789271739000000, 1 parameters
  1=1
[DW] bdMarketplace: executing task '99' (transaction ID: 1290)
[DW] bdMarketplace: executing task '99' (transaction ID: 1291)
[DW] bdMarketplace: executing task '99' (transaction ID: 1292)
[DW] bdMarketplace: executing task '99' (transaction ID: 1293)
[DW] bdMarketplace: executing task '99' (transaction ID: 1294)
[DW] bdMarketplace: executing task '99' (transaction ID: 1295)
[DW] bdMarketplace: executing task '99' (transaction ID: 1296)
[DW] bdMarketplace: executing task '99' (transaction ID: 1297)
[DW] bdMarketplace: executing task '99' (transaction ID: 1298)
[DW] bdMarketplace: executing task '99' (transaction ID: 1299)
[DW] bdMarketplace: executing task '99' (transaction ID: 1300)
[DW] bdMarketplace: executing task '99' (transaction ID: 1301)
[DW] bdMarketplace: executing task '99' (transaction ID: 1302)
[DW] bdMarketplace: executing task '99' (transaction ID: 1303)
[DW] bdMarketplace: executing task '99' (transaction ID: 1304)
[DW] bdMarketplace: executing task '99' (transaction ID: 1305)
[DW] bdMarketplace: executing task '99' (transaction ID: 1306)
[DW] bdMarketplace: executing task '99' (transaction ID: 1307)
[DW] bdMarketplace: executing task '99' (transaction ID: 1308)
[DW] bdMarketplace: executing task '99' (transaction ID: 1309)
[DW] bdMarketplace: executing task '99' (transaction ID: 1310)
[DW] bdMarketplace: executing task '99' (transaction ID: 1311)
[DW] bdMarketplace: executing task '99' (transaction ID: 1312)
[DW] bdMarketplace: executing task '99' (transaction ID: 1313)
[DW] bdMarketplace: executing task '99' (transaction ID: 1314)
[DW] bdMarketplace: executing task '99' (transaction ID: 1315)
[DW] bdMarketplace: executing task '99' (transaction ID: 1316)
[DW] bdMarketplace: executing task '99' (transaction ID: 1317)
[DW] bdMarketplace: executing task '99' (transaction ID: 1318)
[DW] bdMarketplace: executing task '99' (transaction ID: 1319)
[DW] bdMarketplace: executing task '99' (transaction ID: 1320)
[DW] bdMarketplace: executing task '99' (transaction ID: 1321)
[DW] bdMarketplace: executing task '99' (transaction ID: 1322)
[DW] bdMarketplace: executing task '99' (transaction ID: 1323)
[DW] bdMarketplace: executing task '99' (transaction ID: 1324)
[DW] bdMarketplace: executing task '99' (transaction ID: 1325)
[DW] bdMarketplace: executing task '99' (transaction ID: 1326)
[DW] bdMarketplace: executing task '99' (transaction ID: 1327)
[DW] bdMarketplace: executing task '99' (transaction ID: 1328)
[DW] bdMarketplace: executing task '99' (transaction ID: 1329)
[DW] bdMarketplace: executing task '99' (transaction ID: 1330)
[DW] bdMarketplace: executing task '99' (transaction ID: 1331)
[DW] bdMarketplace: executing task '99' (transaction ID: 1332)
[DW] bdMarketplace: executing task '99' (transaction ID: 1333)
[DW] bdMarketplace: executing task '99' (transaction ID: 1334)
[DW] bdMarketplace: executing task '99' (transaction ID: 1335)
[DW] bdMarketplace: executing task '99' (transaction ID: 1336)
[DW] bdMarketplace: executing task '99' (transaction ID: 1337)
[DW] bdMarketplace: executing task '99' (transaction ID: 1338)
[DW] bdMarketplace: executing task '99' (transaction ID: 1339)
[DW] bdMarketplace: executing task '99' (transaction ID: 1340)
[DW] bdMarketplace: executing task '99' (transaction ID: 1341)
[DW] bdMarketplace: executing task '99' (transaction ID: 1342)
[DW] bdMarketplace: executing task '99' (transaction ID: 1343)
[DW] bdMarketplace: executing task '99' (transaction ID: 1344)
[DW] bdMarketplace: executing task '99' (transaction ID: 1345)
[DW] bdMarketplace: executing task '99' (transaction ID: 1346)
[DW] bdMarketplace: executing task '99' (transaction ID: 1347)
[DW] bdMarketplace: executing task '99' (transaction ID: 1348)
[DW] bdMarketplace: executing task '99' (transaction ID: 1349)
[DW] bdMarketplace: executing task '99' (transaction ID: 1350)
[DW] bdMarketplace: executing task '99' (transaction ID: 1351)
[DW] bdMarketplace: executing task '99' (transaction ID: 1352)
[DW] bdMarketplace: executing task '99' (transaction ID: 1353)
[DW] bdMarketplace: executing task '99' (transaction ID: 1354)
[DW] bdMarketplace: executing task '99' (transaction ID: 1355)
[DW] bdMarketplace: executing task '99' (transaction ID: 1356)
[DW] bdMarketplace: executing task '99' (transaction ID: 1357)
[DW] bdMarketplace: executing task '99' (transaction ID: 1358)
[DW] bdMarketplace: executing task '99' (transaction ID: 1359)
[DW] bdMarketplace: executing task '99' (transaction ID: 1360)
[DW] bdMarketplace: executing task '99' (transaction ID: 1361)
[DW] bdMarketplace: executing task '99' (transaction ID: 1362)
[DW] bdMarketplace: executing task '99' (transaction ID: 1363)
[DW] bdMarketplace: executing task '99' (transaction ID: 1364)
[DW] bdMarketplace: executing task '99' (transaction ID: 1365)
[DW] bdMarketplace: executing task '99' (transaction ID: 1366)
[DW] bdMarketplace: executing task '99' (transaction ID: 1367)
[DW] bdMarketplace: executing task '99' (transaction ID: 1368)
[DW] bdMarketplace: executing task '99' (transaction ID: 1369)
[DW] bdMarketplace: executing task '99' (transaction ID: 1370)
[DW] bdMarketplace: executing task '99' (transaction ID: 1371)
[DW] bdMarketplace: executing task '99' (transaction ID: 1372)
[DW] bdMarketplace: executing task '99' (transaction ID: 1373)
[DW] bdMarketplace: executing task '99' (transaction ID: 1374)
[DW] bdMarketplace: executing task '99' (transaction ID: 1375)
[DW] bdMarketplace: executing task '99' (transaction ID: 1376)
[DW] bdMarketplace: executing task '99' (transaction ID: 1377)
[DW] bdMarketplace: executing task '99' (transaction ID: 1378)
[DW] bdMarketplace: executing task '99' (transaction ID: 1379)
[DW] bdMarketplace: executing task '99' (transaction ID: 1380)
[DW] bdMarketplace: executing task '99' (transaction ID: 1381)
[DW] bdMarketplace: executing task '99' (transaction ID: 1382)
[DW] bdMarketplace: executing task '99' (transaction ID: 1383)
[DW] bdMarketplace: executing task '99' (transaction ID: 1384)
[DW] bdMarketplace: executing task '99' (transaction ID: 1385)
[DW] bdMarketplace: executing task '99' (transaction ID: 1386)
[DW] bdMarketplace: executing task '99' (transaction ID: 1387)
[DW] bdMarketplace: executing task '99' (transaction ID: 1388)
[DW] bdMarketplace: executing task '99' (transaction ID: 1389)
[DW] bdMarketplace: executing task '99' (transaction ID: 1390)
[DW] bdMarketplace: executing task '99' (transaction ID: 1391)
[DW] bdMarketplace: executing task '99' (transaction ID: 1392)
[DW] bdMarketplace: executing task '99' (transaction ID: 1393)
[DW] bdMarketplace: executing task '99' (transaction ID: 1394)
[DW] bdMarketplace: executing task '99' (transaction ID: 1395)
[DW] bdMarketplace: executing task '99' (transaction ID: 1396)
[DW] bdMarketplace: executing task '99' (transaction ID: 1397)
[DW] bdMarketplace: executing task '99' (transaction ID: 1398)
[DW] bdMarketplace: executing task '99' (transaction ID: 1399)
[DW] bdMarketplace: executing task '99' (transaction ID: 1400)
[DW] bdMarketplace: executing task '99' (transaction ID: 1401)
[DW] bdMarketplace: executing task '99' (transaction ID: 1402)
[DW] bdMarketplace: executing task '99' (transaction ID: 1403)
[DW] bdMarketplace: executing task '99' (transaction ID: 1404)
[DW] bdMarketplace: executing task '99' (transaction ID: 1405)
[HQ wallet] ready=1 count=3 ArmoryCredits=200 (Inventory_GetCurrencyBalance)
[HQ wallet] slot 0 currency=2 balance=0
[HQ wallet] slot 1 currency=6 balance=200
[HQ wallet] slot 2 currency=7 balance=0
[HQ wallet] slot 3 currency=0 balance=0
[HQ wallet] slot 4 currency=0 balance=0
[HQ wallet] slot 5 currency=0 balance=0
[HQ wallet] slot 6 currency=0 balance=0
[HQ wallet] slot 7 currency=0 balance=0
[HQ wallet] slot 8 currency=0 balance=0
[HQ wallet] slot 9 currency=0 balance=0
[HQ wallet] slot 10 currency=0 balance=0
[HQ wallet] slot 11 currency=0 balance=0
[HQ wallet] slot 12 currency=0 balance=0
[DW] bdMarketplace: executing task '99' (transaction ID: 1406)
[DW] bdMarketplace: executing task '99' (transaction ID: 1407)
[DW] bdMarketplace: executing task '99' (transaction ID: 1408)
[DW] bdMarketplace: executing task '99' (transaction ID: 1409)
[DW] bdMarketplace: executing task '99' (transaction ID: 1410)
[DW] bdMarketplace: executing task '99' (transaction ID: 1411)
[DW] bdMarketplace: executing task '99' (transaction ID: 1412)
[DW] bdMarketplace: executing task '99' (transaction ID: 1413)
[DW] bdMarketplace: executing task '99' (transaction ID: 1414)
[DW] bdMarketplace: executing task '99' (transaction ID: 1415)
[DW] bdMarketplace: executing task '99' (transaction ID: 1416)
[DW] bdMarketplace: executing task '99' (transaction ID: 1417)
[DW] bdMarketplace: executing task '99' (transaction ID: 1418)
[DW] bdMarketplace: executing task '99' (transaction ID: 1419)
[DW] bdMarketplace: executing task '99' (transaction ID: 1420)
[DW] bdMarketplace: executing task '99' (transaction ID: 1421)
[DW] bdMarketplace: executing task '99' (transaction ID: 1422)
[DW] bdMarketplace: executing task '99' (transaction ID: 1423)
[DW] bdMarketplace: executing task '99' (transaction ID: 1424)
[DW] bdMarketplace: executing task '99' (transaction ID: 1425)
[DW] bdMarketplace: executing task '99' (transaction ID: 1426)
[DW] bdMarketplace: executing task '99' (transaction ID: 1427)
[DW] bdMarketplace: executing task '99' (transaction ID: 1428)
[DW] bdMarketplace: executing task '99' (transaction ID: 1429)
[DW] bdMarketplace: executing task '99' (transaction ID: 1430)
[DW] bdMarketplace: executing task '99' (transaction ID: 1431)
[DW] bdMarketplace: executing task '99' (transaction ID: 1432)
[DW] bdMarketplace: executing task '99' (transaction ID: 1433)
[DW] bdMarketplace: executing task '99' (transaction ID: 1434)
[DW] bdMarketplace: executing task '99' (transaction ID: 1435)
[DW] bdMarketplace: executing task '99' (transaction ID: 1436)
[DW] bdMarketplace: executing task '99' (transaction ID: 1437)
[DW] bdMarketplace: executing task '99' (transaction ID: 1438)
[DW] bdMarketplace: executing task '99' (transaction ID: 1439)
[DW] bdMarketplace: executing task '99' (transaction ID: 1440)
[DW] bdMarketplace: executing task '99' (transaction ID: 1441)
[DW] bdMarketplace: executing task '99' (transaction ID: 1442)
[DW] bdMarketplace: executing task '99' (transaction ID: 1443)
[DW] bdMarketplace: executing task '99' (transaction ID: 1444)
[DW] bdMarketplace: executing task '99' (transaction ID: 1445)
[DW] bdMarketplace: executing task '99' (transaction ID: 1446)
[DW] bdMarketplace: executing task '99' (transaction ID: 1447)
[DW] bdMarketplace: executing task '99' (transaction ID: 1448)
[DW] bdMarketplace: executing task '99' (transaction ID: 1449)
[DW] bdMarketplace: executing task '99' (transaction ID: 1450)
[DW] bdMarketplace: executing task '99' (transaction ID: 1451)
[DW] bdMarketplace: executing task '99' (transaction ID: 1452)
[DW] bdMarketplace: executing task '99' (transaction ID: 1453)
[DW] bdMarketplace: executing task '99' (transaction ID: 1454)
[DW] bdMarketplace: executing task '99' (transaction ID: 1455)
[DW] bdMarketplace: executing task '99' (transaction ID: 1456)
[DW] bdMarketplace: executing task '99' (transaction ID: 1457)
[DW] bdMarketplace: executing task '99' (transaction ID: 1458)
[DW] bdMarketplace: executing task '99' (transaction ID: 1459)
[DW] bdMarketplace: executing task '99' (transaction ID: 1460)
[DW] bdMarketplace: executing task '99' (transaction ID: 1461)
[DW] bdMarketplace: executing task '99' (transaction ID: 1462)
[DW] bdMarketplace: executing task '99' (transaction ID: 1463)
[DW] bdMarketplace: executing task '99' (transaction ID: 1464)
[DW] bdMarketplace: executing task '99' (transaction ID: 1465)
[DW] bdMarketplace: executing task '99' (transaction ID: 1466)
[DW] bdMarketplace: executing task '99' (transaction ID: 1467)
[DW] bdMarketplace: executing task '99' (transaction ID: 1468)
[DW] bdMarketplace: executing task '99' (transaction ID: 1469)
[DW] bdMarketplace: executing task '99' (transaction ID: 1470)
[DW] bdMarketplace: executing task '99' (transaction ID: 1471)
[DW] bdMarketplace: executing task '99' (transaction ID: 1472)
[DW] bdMarketplace: executing task '99' (transaction ID: 1473)
[DW] bdMarketplace: executing task '99' (transaction ID: 1474)
[DW] bdMarketplace: executing task '99' (transaction ID: 1475)
[DW] bdMarketplace: executing task '99' (transaction ID: 1476)
[DW] bdMarketplace: executing task '99' (transaction ID: 1477)
[DW] bdMarketplace: executing task '99' (transaction ID: 1478)
[DW] bdMarketplace: executing task '99' (transaction ID: 1479)
[DW] bdMarketplace: executing task '99' (transaction ID: 1480)
[DW] bdMarketplace: executing task '99' (transaction ID: 1481)
[DW] bdMarketplace: executing task '99' (transaction ID: 1482)
[DW] bdMarketplace: executing task '99' (transaction ID: 1483)
[HQ native] SKUs fetched=1 (raw flag); use aecache for Orders
[HQ wallet] ready=1 count=3 ArmoryCredits=200 (Inventory_GetCurrencyBalance)
[HQ wallet] slot 0 currency=2 balance=0
[HQ wallet] slot 1 currency=6 balance=200
[HQ wallet] slot 2 currency=7 balance=0
[HQ wallet] slot 3 currency=0 balance=0
[HQ wallet] slot 4 currency=0 balance=0
[HQ wallet] slot 5 currency=0 balance=0
[HQ wallet] slot 6 currency=0 balance=0
[HQ wallet] slot 7 currency=0 balance=0
[HQ wallet] slot 8 currency=0 balance=0
[HQ wallet] slot 9 currency=0 balance=0
[HQ wallet] slot 10 currency=0 balance=0
[HQ wallet] slot 11 currency=0 balance=0
[HQ wallet] slot 12 currency=0 balance=0
[HQ vendor] SKU slot=0 id=2097165 type=100 max=1 prices=1 product=0 items=0
[HQ vendor] SKU slot=1 id=2097183 type=100 max=1 prices=1 product=0 items=0
[HQ vendor] SKU slot=2 id=2097186 type=100 max=1 prices=1 product=0 items=0
[HQ vendor] ... 397 more SKU slot(s); `hqvendor full` lists them and the raw globals
[HQ vendor] catalogType=100 nonzeroSKUs=400 inventoryAndBalanceReady=1
[HQ vendor] Engine.Inventory_AreSKUsFetched=1; 242 requests=1 replies=1 rejected=0 (conversion rule)
[HQ vendor] allow_hub_vendor_menu=1
[HQ vendor] spv_hub_vendors_kswitch=0
[HQ vendor] spv_hub_quartermasterVendor_kswitch=0
[HQ vendor] spv_hub_payrollVendor_kswitch=0
[HQ vendor] inventoryReady=1 inventoryCount=9 dirtyMetadata=0
[HQ vendor] fullCollectionSKUs=774; booster type0/common=0 type1/rare=0 (native quantity reader)
[HQ vendor] conversion successes=1 failures=0 responseTx=U_kvAgAAAAB4CuiYoAEAAA== scalar=0 currencyCount=0 inventoryCount=0 extraCount=0
[HQ vendor] conversion last reply queued 72439 ms ago; last callback success after 472 ms (healthy: a few ms; ~30000 = timed out behind a game-thread stall)
[HQ watchdog] main loop gaps >2000 ms: 0, longest 0 ms with 0 console lines in it
[HQ vendor] entitlement fetched flag and final LUI enable expression unresolved
[DW] bdMarketplace: executing task '99' (transaction ID: 1484)
[DW] bdMarketplace: executing task '99' (transaction ID: 1485)
[DW] bdMarketplace: executing task '99' (transaction ID: 1486)
[DW] bdMarketplace: executing task '99' (transaction ID: 1487)
[DW] bdMarketplace: executing task '99' (transaction ID: 1488)
[DW] bdMarketplace: executing task '99' (transaction ID: 1489)
[DW] bdMarketplace: executing task '99' (transaction ID: 1490)
[DW] bdMarketplace: executing task '99' (transaction ID: 1491)
[DW] bdMarketplace: executing task '99' (transaction ID: 1492)
[DW] bdMarketplace: executing task '99' (transaction ID: 1493)
[DW] bdMarketplace: executing task '99' (transaction ID: 1494)
[DW] bdMarketplace: executing task '99' (transaction ID: 1495)
[DW] bdMarketplace: executing task '99' (transaction ID: 1496)
[DW] bdMarketplace: executing task '99' (transaction ID: 1497)
[DW] bdMarketplace: executing task '99' (transaction ID: 1498)
[DW] bdMarketplace: executing task '99' (transaction ID: 1499)
[DW] bdMarketplace: executing task '99' (transaction ID: 1500)
[DW] bdMarketplace: executing task '99' (transaction ID: 1501)
[DW] bdMarketplace: executing task '99' (transaction ID: 1502)
[DW] bdMarketplace: executing task '99' (transaction ID: 1503)
[DW] bdMarketplace: executing task '99' (transaction ID: 1504)
[DW] bdMarketplace: executing task '99' (transaction ID: 1505)
[DW] bdMarketplace: executing task '99' (transaction ID: 1506)
[DW] bdMarketplace: executing task '99' (transaction ID: 1507)
[DW] bdMarketplace: executing task '99' (transaction ID: 1508)
[DW] bdMarketplace: executing task '99' (transaction ID: 1509)
[DW] bdMarketplace: executing task '99' (transaction ID: 1510)
[DW] bdMarketplace: executing task '99' (transaction ID: 1511)
[DW] bdMarketplace: executing task '99' (transaction ID: 1512)
[DW] bdMarketplace: executing task '99' (transaction ID: 1513)
[DW] bdMarketplace: executing task '99' (transaction ID: 1514)
[DW] bdMarketplace: executing task '99' (transaction ID: 1515)
[DW] bdMarketplace: executing task '99' (transaction ID: 1516)
[DW] bdMarketplace: executing task '99' (transaction ID: 1517)
[DW] bdMarketplace: executing task '99' (transaction ID: 1518)
[DW] bdMarketplace: executing task '99' (transaction ID: 1519)
[DW] bdMarketplace: executing task '99' (transaction ID: 1520)
[DW] bdMarketplace: executing task '99' (transaction ID: 1521)
[DW] bdMarketplace: executing task '99' (transaction ID: 1522)
[DW] bdMarketplace: executing task '99' (transaction ID: 1523)
[DW] bdMarketplace: executing task '99' (transaction ID: 1524)
[DW] bdMarketplace: executing task '99' (transaction ID: 1525)
[DW] bdMarketplace: executing task '99' (transaction ID: 1526)
[DW] bdMarketplace: executing task '99' (transaction ID: 1527)
[DW] bdMarketplace: executing task '99' (transaction ID: 1528)
[DW] bdMarketplace: executing task '99' (transaction ID: 1529)
[DW] bdMarketplace: executing task '99' (transaction ID: 1530)
[DW] bdMarketplace: executing task '99' (transaction ID: 1531)
[DW] bdMarketplace: executing task '99' (transaction ID: 1532)
[DW] bdMarketplace: executing task '99' (transaction ID: 1533)
[DW] bdMarketplace: executing task '99' (transaction ID: 1534)
[DW] bdMarketplace: executing task '99' (transaction ID: 1535)
[DW] bdMarketplace: executing task '99' (transaction ID: 1536)
[DW] bdMarketplace: executing task '99' (transaction ID: 1537)
[DW] bdMarketplace: executing task '99' (transaction ID: 1538)
[DW] bdMarketplace: executing task '99' (transaction ID: 1539)
[DW] bdMarketplace: executing task '99' (transaction ID: 1540)
[DW] bdMarketplace: executing task '99' (transaction ID: 1541)
[DW] bdMarketplace: executing task '99' (transaction ID: 1542)
[DW] bdMarketplace: executing task '99' (transaction ID: 1543)
[DW] bdMarketplace: executing task '99' (transaction ID: 1544)
[DW] bdMarketplace: executing task '99' (transaction ID: 1545)
[DW] bdMarketplace: executing task '99' (transaction ID: 1546)
[DW] bdMarketplace: executing task '99' (transaction ID: 1547)
[DW] bdMarketplace: executing task '99' (transaction ID: 1548)
[DW] bdMarketplace: executing task '99' (transaction ID: 1549)
[DW] bdMarketplace: executing task '99' (transaction ID: 1550)
[DW] bdMarketplace: executing task '99' (transaction ID: 1551)
[DW] bdMarketplace: executing task '99' (transaction ID: 1552)
[DW] bdMarketplace: executing task '99' (transaction ID: 1553)
[DW] bdMarketplace: executing task '99' (transaction ID: 1554)
[DW] bdMarketplace: executing task '99' (transaction ID: 1555)
[DW] bdMarketplace: executing task '99' (transaction ID: 1556)
[DW] bdMarketplace: executing task '99' (transaction ID: 1557)
[DW] bdMarketplace: executing task '99' (transaction ID: 1558)
[DW] bdMarketplace: executing task '99' (transaction ID: 1559)
[DW] bdMarketplace: executing task '99' (transaction ID: 1560)
[DW] bdMarketplace: executing task '99' (transaction ID: 1561)
[DW] bdMarketplace: executing task '99' (transaction ID: 1562)
[HQ protocol] injected_ae_request: 99 raw bytes at s2x/dump/dw/hq_injected_ae_request_62916_62.bin
[HQ protocol] injected_ae_response: 4246 raw bytes at s2x/dump/dw/hq_injected_ae_response_62916_63.bin
[HQ AE] aefetch scheduled -> issued, Tx=AWK-BgAAAABYM-mYoAEAAA==
[DW] bdMarketplace: executing task '99' (transaction ID: 1563)
[DW] bdReward: executing task '4' (transaction ID: 1564)
[HQ protocol] reward_request: 120 raw bytes at s2x/dump/dw/hq_reward_request_62916_64.bin
[HQ AE injection] native scheduled task SUCCEEDED: 9 cached record(s), ready=1
[HQ protocol] injected_ae_request: 100 raw bytes at s2x/dump/dw/hq_injected_ae_request_62916_65.bin
[HQ protocol] injected_ae_response: 128 raw bytes at s2x/dump/dw/hq_injected_ae_response_62916_66.bin
[DW] bdReward: executing task '4' (transaction ID: 1565)
[HQ protocol] reward_request: 136 raw bytes at s2x/dump/dw/hq_reward_request_62916_67.bin
[DW] bdMarketplace: executing task '99' (transaction ID: 1566)
[DW] bdMarketplace: executing task '99' (transaction ID: 1567)
[DW] bdMarketplace: executing task '99' (transaction ID: 1568)
[DW] bdMarketplace: executing task '99' (transaction ID: 1569)
[DW] bdMarketplace: executing task '99' (transaction ID: 1570)
[DW] bdMarketplace: executing task '99' (transaction ID: 1571)
[DW] bdMarketplace: executing task '99' (transaction ID: 1572)
[DW] bdMarketplace: executing task '99' (transaction ID: 1573)
[DW] bdMarketplace: executing task '99' (transaction ID: 1574)
[DW] bdMarketplace: executing task '99' (transaction ID: 1575)
[DW] bdMarketplace: executing task '99' (transaction ID: 1576)
[DW] bdMarketplace: executing task '99' (transaction ID: 1577)
[DW] bdMarketplace: executing task '99' (transaction ID: 1578)
[DW] bdMarketplace: executing task '99' (transaction ID: 1579)
[DW] bdMarketplace: executing task '99' (transaction ID: 1580)
[DW] bdMarketplace: executing task '99' (transaction ID: 1581)
[DW] bdMarketplace: executing task '99' (transaction ID: 1582)
[DW] bdMarketplace: executing task '99' (transaction ID: 1583)
[DW] bdMarketplace: executing task '99' (transaction ID: 1584)
[DW] bdMarketplace: executing task '99' (transaction ID: 1585)
[DW] bdMarketplace: executing task '99' (transaction ID: 1586)
[DW] bdMarketplace: executing task '99' (transaction ID: 1587)
[DW] bdMarketplace: executing task '99' (transaction ID: 1588)
[DW] bdMarketplace: executing task '99' (transaction ID: 1589)
[DW] bdMarketplace: executing task '99' (transaction ID: 1590)
[DW] bdMarketplace: executing task '99' (transaction ID: 1591)
[DW] bdMarketplace: executing task '99' (transaction ID: 1592)
[DW] bdMarketplace: executing task '99' (transaction ID: 1593)
[DW] bdMarketplace: executing task '99' (transaction ID: 1594)
[DW] bdMarketplace: executing task '99' (transaction ID: 1595)
[DW] bdMarketplace: executing task '99' (transaction ID: 1596)
[DW] bdMarketplace: executing task '99' (transaction ID: 1597)
[DW] bdMarketplace: executing task '99' (transaction ID: 1598)
[DW] bdMarketplace: executing task '99' (transaction ID: 1599)
[DW] bdMarketplace: executing task '99' (transaction ID: 1600)
[DW] bdMarketplace: executing task '99' (transaction ID: 1601)
[DW] bdMarketplace: executing task '99' (transaction ID: 1602)
[DW] bdMarketplace: executing task '99' (transaction ID: 1603)
[DW] bdMarketplace: executing task '99' (transaction ID: 1604)
[DW] bdMarketplace: executing task '99' (transaction ID: 1605)
[DW] bdMarketplace: executing task '99' (transaction ID: 1606)
[DW] bdMarketplace: executing task '99' (transaction ID: 1607)
[DW] bdMarketplace: executing task '99' (transaction ID: 1608)
[DW] bdMarketplace: executing task '99' (transaction ID: 1609)
[DW] bdMarketplace: executing task '99' (transaction ID: 1610)
[DW] bdMarketplace: executing task '99' (transaction ID: 1611)
[DW] bdMarketplace: executing task '99' (transaction ID: 1612)
[DW] bdMarketplace: executing task '99' (transaction ID: 1613)
[DW] bdMarketplace: executing task '99' (transaction ID: 1614)
[DW] bdMarketplace: executing task '99' (transaction ID: 1615)
[DW] bdMarketplace: executing task '99' (transaction ID: 1616)
[DW] bdMarketplace: executing task '99' (transaction ID: 1617)
[DW] bdMarketplace: executing task '99' (transaction ID: 1618)
[DW] bdMarketplace: executing task '99' (transaction ID: 1619)
[DW] bdMarketplace: executing task '99' (transaction ID: 1620)
[DW] bdMarketplace: executing task '99' (transaction ID: 1621)
[DW] bdMarketplace: executing task '99' (transaction ID: 1622)
[DW] bdMarketplace: executing task '99' (transaction ID: 1623)
[DW] bdMarketplace: executing task '99' (transaction ID: 1624)
[DW] bdMarketplace: executing task '99' (transaction ID: 1625)
[DW] bdMarketplace: executing task '99' (transaction ID: 1626)
[DW] bdMarketplace: executing task '99' (transaction ID: 1627)
[DW] bdMarketplace: executing task '99' (transaction ID: 1628)
[DW] bdMarketplace: executing task '99' (transaction ID: 1629)
[DW] bdMarketplace: executing task '99' (transaction ID: 1630)
[DW] bdMarketplace: executing task '99' (transaction ID: 1631)
[DW] bdMarketplace: executing task '99' (transaction ID: 1632)
[DW] bdMarketplace: executing task '99' (transaction ID: 1633)
[DW] bdMarketplace: executing task '99' (transaction ID: 1634)
[DW] bdMarketplace: executing task '99' (transaction ID: 1635)
[DW] bdMarketplace: executing task '99' (transaction ID: 1636)
[DW] bdMarketplace: executing task '99' (transaction ID: 1637)
[DW] bdMarketplace: executing task '99' (transaction ID: 1638)
[DW] bdMarketplace: executing task '99' (transaction ID: 1639)
[DW] bdMarketplace: executing task '99' (transaction ID: 1640)
[DW] bdMarketplace: executing task '99' (transaction ID: 1641)
[DW] bdMarketplace: executing task '99' (transaction ID: 1642)
[DW] bdMarketplace: executing task '99' (transaction ID: 1643)
[HQ AE] scheduled cache controller 0: ready=1, 9 record(s)
  [0] id 33 kind 4 target 1 status 1 requiresClaim 1 usageTimeTarget 3600 expires 1789344000 reward 00007FF6E8145F20
  [1] id 34 kind 4 target 1 status 1 requiresClaim 1 usageTimeTarget 3600 expires 1789344000 reward 00007FF6E8145F30
  [2] id 35 kind 4 target 1 status 1 requiresClaim 1 usageTimeTarget 3600 expires 1789344000 reward 00007FF6E8145F40
  [3] id 5 kind 1 target 3 status 2 requiresClaim 1 usageTimeTarget 0 expires 1789344000 reward 00007FF6E8145F50
  [4] id 6 kind 1 target 5 status 2 requiresClaim 1 usageTimeTarget 0 expires 1789344000 reward 00007FF6E8145F60
  [5] id 11 kind 1 target 3 status 1 requiresClaim 1 usageTimeTarget 0 expires 1789344000 reward 00007FF6E8145F70
  [6] id 29 kind 2 target 100 status 2 requiresClaim 1 usageTimeTarget 0 expires 1789603200 reward 00007FF6E8145F80
  [7] id 25 kind 2 target 25 status 2 requiresClaim 1 usageTimeTarget 0 expires 1789603200 reward 00007FF6E8145F90
  [8] id 30 kind 2 target 10 status 2 requiresClaim 1 usageTimeTarget 0 expires 1789603200 reward 00007FF6E8145FA0
[DW] bdMarketplace: executing task '99' (transaction ID: 1644)
[DW] bdMarketplace: executing task '99' (transaction ID: 1645)
[DW] bdMarketplace: executing task '99' (transaction ID: 1646)
[DW] bdMarketplace: executing task '99' (transaction ID: 1647)
[DW] bdMarketplace: executing task '99' (transaction ID: 1648)
[DW] bdMarketplace: executing task '99' (transaction ID: 1649)
[DW] bdMarketplace: executing task '99' (transaction ID: 1650)
[DW] bdMarketplace: executing task '99' (transaction ID: 1651)
[DW] bdMarketplace: executing task '99' (transaction ID: 1652)
[DW] bdMarketplace: executing task '99' (transaction ID: 1653)
[DW] bdMarketplace: executing task '99' (transaction ID: 1654)
[DW] bdMarketplace: executing task '99' (transaction ID: 1655)
[DW] bdMarketplace: executing task '99' (transaction ID: 1656)
[DW] bdMarketplace: executing task '99' (transaction ID: 1657)
[DW] bdMarketplace: executing task '99' (transaction ID: 1658)
[DW] bdMarketplace: executing task '99' (transaction ID: 1659)
[DW] bdMarketplace: executing task '99' (transaction ID: 1660)
[DW] bdMarketplace: executing task '99' (transaction ID: 1661)
[DW] bdMarketplace: executing task '99' (transaction ID: 1662)
[DW] bdMarketplace: executing task '99' (transaction ID: 1663)
[DW] bdMarketplace: executing task '99' (transaction ID: 1664)
[DW] bdMarketplace: executing task '99' (transaction ID: 1665)
[DW] bdMarketplace: executing task '99' (transaction ID: 1666)
[DW] bdMarketplace: executing task '99' (transaction ID: 1667)
[DW] bdMarketplace: executing task '99' (transaction ID: 1668)
[DW] bdMarketplace: executing task '99' (transaction ID: 1669)
[DW] bdMarketplace: executing task '99' (transaction ID: 1670)
[DW] bdMarketplace: executing task '99' (transaction ID: 1671)
[DW] bdMarketplace: executing task '99' (transaction ID: 1672)
[DW] bdMarketplace: executing task '99' (transaction ID: 1673)
[DW] bdMarketplace: executing task '99' (transaction ID: 1674)
[DW] bdMarketplace: executing task '99' (transaction ID: 1675)
[DW] bdMarketplace: executing task '99' (transaction ID: 1676)
[DW] bdMarketplace: executing task '99' (transaction ID: 1677)
[DW] bdMarketplace: executing task '99' (transaction ID: 1678)
[DW] bdMarketplace: executing task '99' (transaction ID: 1679)
[DW] bdMarketplace: executing task '99' (transaction ID: 1680)
[DW] bdMarketplace: executing task '99' (transaction ID: 1681)
[DW] bdMarketplace: executing task '99' (transaction ID: 1682)
[DW] bdMarketplace: executing task '99' (transaction ID: 1683)
[DW] bdMarketplace: executing task '99' (transaction ID: 1684)
[DW] bdMarketplace: executing task '99' (transaction ID: 1685)
[DW] bdMarketplace: executing task '99' (transaction ID: 1686)
[DW] bdMarketplace: executing task '99' (transaction ID: 1687)
[DW] bdMarketplace: executing task '99' (transaction ID: 1688)
[DW] bdMarketplace: executing task '99' (transaction ID: 1689)
[DW] bdMarketplace: executing task '99' (transaction ID: 1690)
[DW] bdMarketplace: executing task '99' (transaction ID: 1691)
[DW] bdMarketplace: executing task '99' (transaction ID: 1692)
[DW] bdMarketplace: executing task '99' (transaction ID: 1693)
[DW] bdMarketplace: executing task '99' (transaction ID: 1694)
[DW] bdMarketplace: executing task '99' (transaction ID: 1695)
[DW] bdMarketplace: executing task '99' (transaction ID: 1696)
[DW] bdMarketplace: executing task '99' (transaction ID: 1697)
[DW] bdMarketplace: executing task '99' (transaction ID: 1698)
[DW] bdMarketplace: executing task '99' (transaction ID: 1699)
[DW] bdMarketplace: executing task '99' (transaction ID: 1700)
[DW] bdMarketplace: executing task '99' (transaction ID: 1701)
[DW] bdMarketplace: executing task '99' (transaction ID: 1702)
[DW] bdMarketplace: executing task '99' (transaction ID: 1703)
[DW] bdMarketplace: executing task '99' (transaction ID: 1704)
[DW] bdMarketplace: executing task '99' (transaction ID: 1705)
[DW] bdMarketplace: executing task '99' (transaction ID: 1706)
[DW] bdMarketplace: executing task '99' (transaction ID: 1707)
[DW] bdMarketplace: executing task '99' (transaction ID: 1708)
[DW] bdMarketplace: executing task '99' (transaction ID: 1709)
[DW] bdMarketplace: executing task '99' (transaction ID: 1710)
[DW] bdMarketplace: executing task '99' (transaction ID: 1711)
[DW] bdMarketplace: executing task '99' (transaction ID: 1712)
[DW] bdMarketplace: executing task '99' (transaction ID: 1713)
[DW] bdMarketplace: executing task '99' (transaction ID: 1714)
[DW] bdMarketplace: executing task '99' (transaction ID: 1715)
[DW] bdMarketplace: executing task '99' (transaction ID: 1716)
[DW] bdMarketplace: executing task '99' (transaction ID: 1717)
[DW] bdMarketplace: executing task '99' (transaction ID: 1718)
[DW] bdMarketplace: executing task '99' (transaction ID: 1719)
[DW] bdMarketplace: executing task '99' (transaction ID: 1720)
[DW] bdMarketplace: executing task '99' (transaction ID: 1721)
[DW] bdMarketplace: executing task '99' (transaction ID: 1722)
[HQ economy] revision 75: 3 currencies, 10 items, 8 achievements
  currency 2 = 0
  currency 6 = 200
  currency 7 = 0
  item 0x1 collision 0 = 0 (expires 0)
  item 0x40003E collision 0 = 1 (expires 0)
  item 0x40004F collision 0 = 1 (expires 0)
  item 0x400060 collision 0 = 1 (expires 0)
  item 0x4000EC collision 0 = 1 (expires 0)
  item 0x24001DE collision 0 = 1 (expires 0)
  item 0x2400460 collision 0 = 1 (expires 0)
  item 0x6010015 collision 0 = 1 (expires 0)
  item 0x7000039 collision 0 = 1 (expires 0)
  item 0x701E015 collision 0 = 1 (expires 0)
  daily_ch_1v1_wins kind 1: inProgress 0/3 activated 1789201248 claimed ''
  daily_ch_commend kind 1: inProgress 0/5 activated 1789260024 claimed ''
  daily_ch_headshots kind 1: available 0/3 activated 0 claimed ''
  daily_ch_kills kind 1: expired 0/10 activated 0 claimed ''
  payroll_officer kind 5: finished 1/1 activated 1789259964 claimed 'payroll:124254'
  weekly_ch_kills kind 2: inProgress 0/100 activated 1789251936 claimed ''
  weekly_ch_scorestreak_calls kind 2: inProgress 0/25 activated 1789252056 claimed ''
  weekly_ch_wins kind 2: inProgress 0/10 activated 1789256027 claimed ''
[DW] bdMarketplace: executing task '99' (transaction ID: 1723)
[DW] bdMarketplace: executing task '99' (transaction ID: 1724)
[DW] bdMarketplace: executing task '99' (transaction ID: 1725)
[DW] bdMarketplace: executing task '99' (transaction ID: 1726)
[DW] bdMarketplace: executing task '99' (transaction ID: 1727)
[DW] bdMarketplace: executing task '99' (transaction ID: 1728)
[DW] bdMarketplace: executing task '99' (transaction ID: 1729)
[DW] bdMarketplace: executing task '99' (transaction ID: 1730)
[DW] bdMarketplace: executing task '99' (transaction ID: 1731)
[DW] bdMarketplace: executing task '99' (transaction ID: 1732)
[DW] bdMarketplace: executing task '99' (transaction ID: 1733)
[DW] bdMarketplace: executing task '99' (transaction ID: 1734)
[DW] bdMarketplace: executing task '99' (transaction ID: 1735)
[DW] bdMarketplace: executing task '99' (transaction ID: 1736)
[DW] bdMarketplace: executing task '99' (transaction ID: 1737)
[DW] bdMarketplace: executing task '99' (transaction ID: 1738)
[DW] bdMarketplace: executing task '99' (transaction ID: 1739)
[DW] bdMarketplace: executing task '99' (transaction ID: 1740)
[DW] bdMarketplace: executing task '99' (transaction ID: 1741)
[DW] bdMarketplace: executing task '99' (transaction ID: 1742)
[DW] bdMarketplace: executing task '99' (transaction ID: 1743)
[DW] bdMarketplace: executing task '99' (transaction ID: 1744)
[DW] bdMarketplace: executing task '99' (transaction ID: 1745)
[DW] bdMarketplace: executing task '99' (transaction ID: 1746)
[DW] bdMarketplace: executing task '99' (transaction ID: 1747)
[DW] bdMarketplace: executing task '99' (transaction ID: 1748)
[DW] bdMarketplace: executing task '99' (transaction ID: 1749)
[DW] bdMarketplace: executing task '99' (transaction ID: 1750)
[DW] bdMarketplace: executing task '99' (transaction ID: 1751)
[DW] bdMarketplace: executing task '99' (transaction ID: 1752)
[DW] bdMarketplace: executing task '99' (transaction ID: 1753)
[DW] bdMarketplace: executing task '99' (transaction ID: 1754)
[DW] bdMarketplace: executing task '99' (transaction ID: 1755)
[DW] bdMarketplace: executing task '99' (transaction ID: 1756)
[DW] bdMarketplace: executing task '99' (transaction ID: 1757)
[DW] bdMarketplace: executing task '99' (transaction ID: 1758)
[DW] bdMarketplace: executing task '99' (transaction ID: 1759)
[DW] bdMarketplace: executing task '99' (transaction ID: 1760)
[DW] bdMarketplace: executing task '99' (transaction ID: 1761)
[DW] bdMarketplace: executing task '99' (transaction ID: 1762)
[DW] bdMarketplace: executing task '99' (transaction ID: 1763)
[DW] bdMarketplace: executing task '99' (transaction ID: 1764)
[DW] bdMarketplace: executing task '99' (transaction ID: 1765)
[DW] bdMarketplace: executing task '99' (transaction ID: 1766)
[DW] bdMarketplace: executing task '99' (transaction ID: 1767)
[DW] bdMarketplace: executing task '99' (transaction ID: 1768)
[DW] bdMarketplace: executing task '99' (transaction ID: 1769)
[DW] bdMarketplace: executing task '99' (transaction ID: 1770)
[DW] bdMarketplace: executing task '99' (transaction ID: 1771)
[DW] bdMarketplace: executing task '99' (transaction ID: 1772)
[DW] bdMarketplace: executing task '99' (transaction ID: 1773)
[DW] bdMarketplace: executing task '99' (transaction ID: 1774)
[DW] bdMarketplace: executing task '99' (transaction ID: 1775)
[DW] bdMarketplace: executing task '99' (transaction ID: 1776)
[DW] bdMarketplace: executing task '99' (transaction ID: 1777)
[DW] bdMarketplace: executing task '99' (transaction ID: 1778)
[DW] bdMarketplace: executing task '99' (transaction ID: 1779)
[DW] bdMarketplace: executing task '99' (transaction ID: 1780)
[DW] bdMarketplace: executing task '99' (transaction ID: 1781)
[DW] bdMarketplace: executing task '99' (transaction ID: 1782)
[DW] bdMarketplace: executing task '99' (transaction ID: 1783)
[DW] bdMarketplace: executing task '99' (transaction ID: 1784)
[DW] bdMarketplace: executing task '99' (transaction ID: 1785)
[DW] bdMarketplace: executing task '99' (transaction ID: 1786)
[DW] bdMarketplace: executing task '99' (transaction ID: 1787)
[DW] bdMarketplace: executing task '99' (transaction ID: 1788)
[DW] bdMarketplace: executing task '99' (transaction ID: 1789)
[DW] bdMarketplace: executing task '99' (transaction ID: 1790)
[DW] bdMarketplace: executing task '99' (transaction ID: 1791)
[DW] bdMarketplace: executing task '99' (transaction ID: 1792)
[DW] bdMarketplace: executing task '99' (transaction ID: 1793)
[DW] bdMarketplace: executing task '99' (transaction ID: 1794)
[DW] bdMarketplace: executing task '99' (transaction ID: 1795)
[DW] bdMarketplace: executing task '99' (transaction ID: 1796)
[DW] bdMarketplace: executing task '99' (transaction ID: 1797)
[DW] bdMarketplace: executing task '99' (transaction ID: 1798)
[DW] bdMarketplace: executing task '99' (transaction ID: 1799)
[DW] bdMarketplace: executing task '99' (transaction ID: 1800)
[DW] bdMarketplace: executing task '99' (transaction ID: 1801)
[DW] bdMarketplace: executing task '99' (transaction ID: 1802)
Unloading zone mp_hub_allies_slim_path
Unloading zone mp_hub_allies_slim
Unloading zone eng_mp_hub_allies_slim
Unloading zone common_hub_mp
Unloading zone eng_common_hub_mp
Unloading zone ui_mp
Unloading zone eng_ui_mp
Unloading zone common_shared_core_mp
Unloading zone eng_common_shared_core_mp
Unloading zone common_mp
Unloading zone eng_common_mp
Unloading zone code_post_gfx_mp
Unloading zone eng_code_post_gfx_mp
Unloading zone code_pre_gfx_mp
Unloading zone eng_code_pre_gfx_mp
[DW]: [auth]: user requested authentication.
[DW]: [auth]: authenticating user Chrono
[DW]: [auth]: user successfully authenticated.
[DW]: [lobby]: received client_header_ack.
[DW]: [lobby]: sending server_header_ack.
[DW]: [lobby]: received client_auth.
[DW] Response id: A9 F7 90 5A AF 43 1A D0
[DW] Hash verify: 7A C7 72 50 48 50 2B 89 6E 55 BF 44 D3 C1 7C 83 72 28 92 BA
[DW] AES dec key: D2 6F BD 50 00 86 BF 0F 13 FB DC 90 6A 7F 90 12
[DW] AES enc key: FB AB 7B 33 28 5F 5D 8F 5F 63 97 C5 70 F4 BA C1
[DW] Bravo 6, going dark.
[DW]: [lobby]: sending server_auth_done.
[DW] bdAnticheat: executing task '6' (transaction ID: 1)
[DW] bdStorage: executing task '25' (transaction ID: 2)
[DW]: [bdStorage]: get publisher file: dwtaskconfig
[DW] bdPublisherVariables: executing task '1' (transaction ID: 3)
[DW]: [bdPublisherVariables]: retrieving s2/mp_tu26
[DW] bdPublisherVariables: executing task '1' (transaction ID: 4)
[DW]: [bdPublisherVariables]: retrieving s2/qos_tu26
[DW] bdDML: executing task '2' (transaction ID: 5)
[DW] bdPublisherVariables: executing task '1' (transaction ID: 6)
[DW]: [bdPublisherVariables]: retrieving s2/mm_game_tu26
[DW] bdPublisherVariables: executing task '1' (transaction ID: 7)
[DW]: [bdPublisherVariables]: retrieving s2/mm_hub_tu26
[DW] bdPublisherVariables: executing task '1' (transaction ID: 8)
[DW]: [bdPublisherVariables]: retrieving s2/mm_party_tu26
[HQ protocol] injected_ae_request: 214 raw bytes at s2x/dump/dw/hq_injected_ae_request_25248_0.bin
[HQ protocol] injected_ae_response: 2449 raw bytes at s2x/dump/dw/hq_injected_ae_response_25248_1.bin
[DW] bdReward: executing task '4' (transaction ID: 9)
[HQ protocol] reward_request: 248 raw bytes at s2x/dump/dw/hq_reward_request_25248_2.bin
[DW] bdMarketplace: executing task '132' (transaction ID: 10)
[HQ protocol] marketplace_132: 24 raw bytes at s2x/dump/dw/hq_marketplace_132_25248_3.bin
[HQ protocol] marketplace_132_currency: 7 raw bytes at s2x/dump/dw/hq_marketplace_132_currency_25248_4.bin
[HQ protocol] marketplace_132_currency: 7 raw bytes at s2x/dump/dw/hq_marketplace_132_currency_25248_5.bin
[HQ protocol] injected_ae_request: 125 raw bytes at s2x/dump/dw/hq_injected_ae_request_25248_6.bin
[HQ protocol] marketplace_132_currency: 7 raw bytes at s2x/dump/dw/hq_marketplace_132_currency_25248_7.bin
[HQ protocol] injected_ae_response: 1636 raw bytes at s2x/dump/dw/hq_injected_ae_response_25248_8.bin
[DW] bdMarketplace: executing task '165' (transaction ID: 11)
[HQ protocol] marketplace_165: 24 raw bytes at s2x/dump/dw/hq_marketplace_165_25248_9.bin
[DW] bdMarketplace: executing task '111' (transaction ID: 12)
[HQ protocol] marketplace_111: 40 raw bytes at s2x/dump/dw/hq_marketplace_111_25248_10.bin
[HQ protocol] marketplace_111_sku: 88 raw bytes at s2x/dump/dw/hq_marketplace_111_sku_25248_11.bin
[HQ protocol] marketplace_111_sku: 88 raw bytes at s2x/dump/dw/hq_marketplace_111_sku_25248_12.bin
[HQ protocol] marketplace_111_sku: 88 raw bytes at s2x/dump/dw/hq_marketplace_111_sku_25248_13.bin
[HQ protocol] marketplace_111_sku: 88 raw bytes at s2x/dump/dw/hq_marketplace_111_sku_25248_14.bin
[HQ protocol] marketplace_111_sku: dumping only the first 4 rows
[HQ marketplace] SKU page 1 limit 100 count 100 (collection catalog)
[DW] bdReward: executing task '4' (transaction ID: 13)
[HQ protocol] reward_request: 152 raw bytes at s2x/dump/dw/hq_reward_request_25248_15.bin
[DW]: [uno]: issued an identity token.
[DW] bdMarketplace: executing task '49' (transaction ID: 14)
[HQ protocol] expired_request: 24 raw bytes at s2x/dump/dw/hq_expired_request_25248_16.bin
[DW] bdMarketplace: executing task '111' (transaction ID: 15)
[HQ protocol] marketplace_111: 40 raw bytes at s2x/dump/dw/hq_marketplace_111_25248_17.bin
[HQ marketplace] SKU page 2 limit 100 count 100 (collection catalog)
[DW] bdMarketplace: executing task '42' (transaction ID: 16)
[HQ protocol] marketplace_42: 24 raw bytes at s2x/dump/dw/hq_marketplace_42_25248_18.bin
[DW] bdMarketplace: executing task '60' (transaction ID: 17)
[HQ protocol] marketplace_60: 40 raw bytes at s2x/dump/dw/hq_marketplace_60_25248_19.bin
[DW] bdMarketplace: executing task '111' (transaction ID: 18)
[HQ protocol] marketplace_111: 40 raw bytes at s2x/dump/dw/hq_marketplace_111_25248_20.bin
[HQ marketplace] SKU page 3 limit 100 count 100 (collection catalog)
[DW] bdMarketplace: executing task '111' (transaction ID: 19)
[HQ protocol] marketplace_111: 40 raw bytes at s2x/dump/dw/hq_marketplace_111_25248_21.bin
[HQ marketplace] SKU page 4 limit 100 count 100 (collection catalog)
[DW] bdMarketplace: executing task '42' (transaction ID: 20)
[HQ protocol] marketplace_42: 24 raw bytes at s2x/dump/dw/hq_marketplace_42_25248_22.bin
[DW] bdMarketplace: executing task '60' (transaction ID: 21)
[HQ protocol] marketplace_60: 40 raw bytes at s2x/dump/dw/hq_marketplace_60_25248_23.bin
[DW] bdMarketplace: executing task '111' (transaction ID: 22)
[HQ protocol] marketplace_111: 40 raw bytes at s2x/dump/dw/hq_marketplace_111_25248_24.bin
[HQ marketplace] SKU page 5 limit 100 count 100 (collection catalog)
[DW] bdMarketplace: executing task '42' (transaction ID: 23)
[HQ protocol] marketplace_42: 24 raw bytes at s2x/dump/dw/hq_marketplace_42_25248_25.bin
[DW] bdMarketplace: executing task '111' (transaction ID: 24)
[HQ protocol] marketplace_111: 40 raw bytes at s2x/dump/dw/hq_marketplace_111_25248_26.bin
[HQ protocol] marketplace_111_sku: 512 rows served
[HQ marketplace] SKU page 6 limit 100 count 100 (collection catalog)
[DW] bdMarketplace: executing task '60' (transaction ID: 25)
[HQ protocol] marketplace_60: 40 raw bytes at s2x/dump/dw/hq_marketplace_60_25248_27.bin
[DW] bdMarketplace: executing task '111' (transaction ID: 26)
[HQ protocol] marketplace_111: 40 raw bytes at s2x/dump/dw/hq_marketplace_111_25248_28.bin
[HQ marketplace] SKU page 7 limit 100 count 100 (collection catalog)
[DW] bdMarketplace: executing task '111' (transaction ID: 27)
[HQ protocol] marketplace_111: 40 raw bytes at s2x/dump/dw/hq_marketplace_111_25248_29.bin
[HQ marketplace] SKU page 8 limit 100 count 74 (collection catalog)
[DW] bdMarketplace: executing task '42' (transaction ID: 28)
[HQ protocol] marketplace_42: 24 raw bytes at s2x/dump/dw/hq_marketplace_42_25248_30.bin
[DW] bdMarketplace: executing task '60' (transaction ID: 29)
[HQ protocol] marketplace_60: 40 raw bytes at s2x/dump/dw/hq_marketplace_60_25248_31.bin
[DW] bdTeams: executing task '56' (transaction ID: 30)
[DW] bdMarketplace: executing task '42' (transaction ID: 31)
[HQ protocol] marketplace_42: 24 raw bytes at s2x/dump/dw/hq_marketplace_42_25248_32.bin
[DW] bdTeams: executing task '53' (transaction ID: 32)
[DW] bdMarketplace: executing task '60' (transaction ID: 33)
[HQ protocol] marketplace_60: 40 raw bytes at s2x/dump/dw/hq_marketplace_60_25248_33.bin
[DW] bdMarketplace: executing task '42' (transaction ID: 34)
[HQ protocol] marketplace_42: 24 raw bytes at s2x/dump/dw/hq_marketplace_42_25248_34.bin
[DW] bdMarketplace: executing task '60' (transaction ID: 35)
[HQ protocol] marketplace_60: 40 raw bytes at s2x/dump/dw/hq_marketplace_60_25248_35.bin
[DW] bdStorage: executing task '16' (transaction ID: 36)
[DW]: [bdStorage]: get user file: commondata
[DW]: [bdStorage]: get user file: mpdata
[DW]: [bdStorage]: get user file: zmdata
[DW]: [bdStorage]: get user file: rankedloadouts
[DW]: [bdStorage]: get user file: privateloadouts
[DW]: [bdStorage]: get user file: raiddata
[DW]: [bdStorage]: get user file: hubdata
[DW]: [bdStorage]: get user file: costumes
[DW]: [bdStorage]: get user file: leaderboarddata
[DW]: [bdStorage]: get user file: competitiveloadouts
[DW] bdStorage: executing task '25' (transaction ID: 37)
[DW]: [bdStorage]: get publisher file: playlists_tu26.aggr
[DW] bdStorage: executing task '25' (transaction ID: 38)
[DW]: [bdStorage]: missing publisher file: ffotd-2.20.1.ff
[DW]: [bdStorage]: missing publisher file: ffotd-2.20.1.ff
[DW] bdStorage: executing task '20' (transaction ID: 39)
[DW]: [bdStorage]: list publisher files: publisher_storage_surveys.csv
[DW] bdStorage: executing task '16' (transaction ID: 40)
[DW]: [bdStorage]: get user file: metplayerdata
[DW] bdTitleUtilities: executing task '6' (transaction ID: 41)
[DW] bdStorage: executing task '25' (transaction ID: 42)
[DW]: [bdStorage]: get publisher file: motd-english.txt
[DW] bdUnk: executing task '3' (transaction ID: 43)
[DW] bdProfiles: executing task '1' (transaction ID: 44)
[DW] bdGroup: executing task '1' (transaction ID: 45)
[DW] bdStorage: executing task '20' (transaction ID: 46)
[DW]: [bdStorage]: list publisher files: playlists_tu26.aggr
[DW] bdMatchMaking: missing task '25'
[DW-trace] bdMatchMaking::25 request: 24 bytes | 10 43 6F 6D 70 00 08 06 00 00 00 00 00 00 00 00 00 00 00 00 00 00 00 00
[DW-trace] wrote s2x/dump/dw/bdMatchMaking_25_000.bin
[DW] bdMarketingComms: executing task '6' (transaction ID: 48)
[HQ protocol] marketing_6: 56 raw bytes at s2x/dump/dw/hq_marketing_6_25248_36.bin
[HQ protocol] marketing_6_response: 258 raw bytes at s2x/dump/dw/hq_marketing_6_response_25248_37.bin
[HQ mail] getMessages: 14 non-claimable slot(s) for 14 advertised slot(s)
[DW] bdContentStreaming: executing task '2' (transaction ID: 49)
Loading LUI script 'D:/Program Files/Steam/steamapps/common/Call of Duty WWII/s2x/ui_scripts/mp/find_match'
Loading LUI script 'D:/Program Files/Steam/steamapps/common/Call of Duty WWII/s2x/ui_scripts/mp/patches'
[server_list] installed Lobby server browser functions
[DW] bdMatchMaking: executing task '19' (transaction ID: 50)
Loading zone mp_hub_allies_slim_load
Loading zone eng_cache_mp_hub_allies_slim_load
Loading zone cache_mp_hub_allies_slim_load
[HQ mail] native fetch success controller=0 ready=1 count=14 capacity=16 slots=00007FF6F01C1030; empty-inbox policy active
Loading zone cache_common_hub_mp
Loading zone eng_cache_common_hub_mp
Loading zone eng_common_hub_mp
Loading zone common_hub_mp
Loading zone cache_mp_hub_allies_slim
Loading zone eng_cache_mp_hub_allies_slim
Loading zone eng_mp_hub_allies_slim
[DW]: [uno]: issued an identity token.
Loading zone mp_hub_allies_slim
[DW] bdStorage: executing task '20' (transaction ID: 51)
[DW]: [bdStorage]: list publisher files: ffotd-2.20.1.ff
[DW]: [bdStorage]: missing publisher file: ffotd-2.20.1.ff
[DW] bdContentStreaming: executing task '2' (transaction ID: 52)
Loading zone cache_mp_hub_allies_slim_path
Loading zone eng_cache_mp_hub_allies_slim_path
Loading zone eng_mp_hub_allies_slim_path
Loading zone mp_hub_allies_slim_path
[HQ AE injection] task type 0xA0 rejected: not an entry of the group 0 task table
[DW] bdReward: executing task '5' (transaction ID: 53)
[HQ protocol] reward_request: 280 raw bytes at s2x/dump/dw/hq_reward_request_25248_38.bin
[DW] bdStorage: executing task '24' (transaction ID: 54)
[DW]: [bdStorage]: set user file: commondata
[HQ protocol] injected_ae_request: 214 raw bytes at s2x/dump/dw/hq_injected_ae_request_25248_39.bin
[HQ protocol] injected_ae_response: 2449 raw bytes at s2x/dump/dw/hq_injected_ae_response_25248_40.bin
[HQ protocol] injected_ae_request: 99 raw bytes at s2x/dump/dw/hq_injected_ae_request_25248_41.bin
[HQ protocol] injected_ae_response: 4246 raw bytes at s2x/dump/dw/hq_injected_ae_response_25248_42.bin
[DW] bdReward: executing task '4' (transaction ID: 55)
[HQ protocol] reward_request: 248 raw bytes at s2x/dump/dw/hq_reward_request_25248_43.bin
[DW] bdReward: executing task '4' (transaction ID: 56)
[HQ protocol] reward_request: 120 raw bytes at s2x/dump/dw/hq_reward_request_25248_44.bin
[DW] bdMarketplace: executing task '111' (transaction ID: 57)
[HQ protocol] marketplace_111: 40 raw bytes at s2x/dump/dw/hq_marketplace_111_25248_45.bin
[HQ marketplace] SKU page 1 limit 100 count 100 (collection catalog)
[DW] bdMarketplace: executing task '242' (transaction ID: 58)
[HQ protocol] marketplace_242: 88 raw bytes at s2x/dump/dw/hq_marketplace_242_25248_46.bin
[HQ protocol] marketplace_242_response: 88 raw bytes at s2x/dump/dw/hq_marketplace_242_response_25248_47.bin
[HQ mail] read controller=0 category=1 index=0 mapped=0 count=14 inRange=1; local inbox has no claimable messages
Unloading zone mp_hub_allies_slim_load
[HQ mail] read controller=0 category=1 index=0 mapped=0 count=14 inRange=1; local inbox has no claimable messages
[HQ mail] read controller=0 category=1 index=0 mapped=0 count=14 inRange=1; local inbox has no claimable messages
[HQ protocol] injected_ae_request: 125 raw bytes at s2x/dump/dw/hq_injected_ae_request_25248_48.bin
[HQ protocol] injected_ae_response: 1636 raw bytes at s2x/dump/dw/hq_injected_ae_response_25248_49.bin
[HQ AE injection] native scheduled task SUCCEEDED: 9 cached record(s), ready=1
[HQ native] SKU page success callback
[HQ native] SKUs fetched=0 (raw flag); use aecache for Orders
[DW] bdReward: executing task '4' (transaction ID: 59)
[HQ vendor] conversion-rule native success callback 452 ms after the 242 reply was queued (successes=1 failures=0); `hqvendor` for state
[HQ protocol] reward_request: 152 raw bytes at s2x/dump/dw/hq_reward_request_25248_50.bin
[DW] bdMarketplace: executing task '111' (transaction ID: 60)
[HQ protocol] marketplace_111: 40 raw bytes at s2x/dump/dw/hq_marketplace_111_25248_51.bin
[HQ marketplace] SKU page 2 limit 100 count 100 (collection catalog)
[DW] bdRichPresence: executing task '2' (transaction ID: 61)
[DW] bdReward: executing task '11' (transaction ID: 62)
[HQ event] enter_hub (enter_hub), timestamp 1789271995000000, 1 parameters
  1=1
[HQ native] SKU page success callback
[HQ native] SKUs fetched=0 (raw flag); use aecache for Orders
[HQ protocol] injected_ae_request: 100 raw bytes at s2x/dump/dw/hq_injected_ae_request_25248_52.bin
[HQ protocol] injected_ae_response: 128 raw bytes at s2x/dump/dw/hq_injected_ae_response_25248_53.bin
[DW] bdMarketplace: executing task '111' (transaction ID: 63)
[HQ protocol] marketplace_111: 40 raw bytes at s2x/dump/dw/hq_marketplace_111_25248_54.bin
[HQ protocol] marketplace_111_sku: 1024 rows served
[HQ marketplace] SKU page 3 limit 100 count 100 (collection catalog)
[DW] bdProfiles: executing task '3' (transaction ID: 64)
[DW] bdReward: executing task '4' (transaction ID: 65)
[HQ protocol] reward_request: 136 raw bytes at s2x/dump/dw/hq_reward_request_25248_55.bin
[HQ native] SKU page success callback
[HQ native] SKUs fetched=0 (raw flag); use aecache for Orders
[DW] bdMarketplace: executing task '111' (transaction ID: 66)
[HQ protocol] marketplace_111: 40 raw bytes at s2x/dump/dw/hq_marketplace_111_25248_56.bin
[HQ marketplace] SKU page 4 limit 100 count 100 (collection catalog)
[HQ native] SKU page success callback
[HQ native] SKUs fetched=0 (raw flag); use aecache for Orders
[DW] bdMarketplace: executing task '111' (transaction ID: 67)
[HQ protocol] marketplace_111: 40 raw bytes at s2x/dump/dw/hq_marketplace_111_25248_57.bin
[HQ marketplace] SKU page 5 limit 100 count 100 (collection catalog)
[HQ native] SKU page success callback
[HQ native] SKUs fetched=0 (raw flag); use aecache for Orders
[DW] bdMarketplace: executing task '111' (transaction ID: 68)
[HQ protocol] marketplace_111: 40 raw bytes at s2x/dump/dw/hq_marketplace_111_25248_58.bin
[HQ marketplace] SKU page 6 limit 100 count 100 (collection catalog)
[HQ native] SKU page success callback
[HQ native] SKUs fetched=0 (raw flag); use aecache for Orders
[DW] bdMarketplace: executing task '111' (transaction ID: 69)
[HQ protocol] marketplace_111: 40 raw bytes at s2x/dump/dw/hq_marketplace_111_25248_59.bin
[HQ marketplace] SKU page 7 limit 100 count 100 (collection catalog)
[HQ native] SKU page success callback
[HQ native] SKUs fetched=0 (raw flag); use aecache for Orders
[DW] bdMarketplace: executing task '111' (transaction ID: 70)
[HQ protocol] marketplace_111: 40 raw bytes at s2x/dump/dw/hq_marketplace_111_25248_60.bin
[HQ protocol] marketplace_111_sku: 1536 rows served
[HQ marketplace] SKU page 8 limit 100 count 74 (collection catalog)
[HQ native] SKU page success callback
[HQ native] SKUs fetched=1 (raw flag); use aecache for Orders
[DW] bdMarketplace: executing task '99' (transaction ID: 71)
[HQ protocol] marketplace_99: 538 raw bytes at s2x/dump/dw/hq_marketplace_99_25248_61.bin
[HQ marketplace] task 99 (provisional reward commit): fields [1,100,100,2097165,2097183,2097186,2097187,2097188,2097189,2097190,2097191,2097192,2097193,2097194,2097195,2097196,2097197,2097198,2097199,2097200,2097201,2097202,2097203,2097204,2097205,2097206,2097207,2097208,2097209,2097210,2097211,2097212,2097213,2097214,2097215,2097216,2097217,2097218,2097219,2097220,2097221,2097222,2097223,2097224,2097225,2097226,2097227,2097228,2097229,2097230,2097231,2097232,2097233,2097234,2097255,2097256,2097257,2097258,2097259,2097260,2097261,2097262,2097263,2097265,2097266,2097267,2097268,2097269,2097275,2097276,2097277,2097278,2097279,2097291,2097295,2097299,2097301,2097310,2097314,2097315,2097329,2097331,2097332,2097333,2097335,2097337,2097339,2097357,2097361,2097366,2097369,2097381,2097387,2097393,2097395,2097396,2097399,2097402,4194314,4194315,4194316,4194317,4194318]
[DW] bdMarketplace: executing task '99' (transaction ID: 72)
[DW] bdMarketplace: executing task '99' (transaction ID: 73)
[DW] bdMarketplace: executing task '99' (transaction ID: 74)
[DW] bdMarketplace: executing task '99' (transaction ID: 75)
[DW] bdMarketplace: executing task '99' (transaction ID: 76)
[DW] bdMarketplace: executing task '99' (transaction ID: 77)
[DW] bdMarketplace: executing task '99' (transaction ID: 78)
[DW] bdMarketplace: executing task '99' (transaction ID: 79)
[DW] bdMarketplace: executing task '99' (transaction ID: 80)
[DW] bdMarketplace: executing task '99' (transaction ID: 81)
[DW] bdMarketplace: executing task '99' (transaction ID: 82)
[DW] bdMarketplace: executing task '99' (transaction ID: 83)
[DW] bdMarketplace: executing task '99' (transaction ID: 84)
[DW] bdMarketplace: executing task '99' (transaction ID: 85)
[DW] bdMarketplace: executing task '99' (transaction ID: 86)
[DW] bdMarketplace: executing task '99' (transaction ID: 87)
[DW] bdMarketplace: executing task '99' (transaction ID: 88)
[DW] bdMarketplace: executing task '99' (transaction ID: 89)
[DW] bdMarketplace: executing task '99' (transaction ID: 90)
[DW] bdMarketplace: executing task '99' (transaction ID: 91)
[DW] bdMarketplace: executing task '99' (transaction ID: 92)
[DW] bdMarketplace: executing task '99' (transaction ID: 93)
[DW] bdMarketplace: executing task '99' (transaction ID: 94)
[DW] bdMarketplace: executing task '99' (transaction ID: 95)
[DW] bdMarketplace: executing task '99' (transaction ID: 96)
[DW] bdMarketplace: executing task '99' (transaction ID: 97)
[DW] bdMarketplace: executing task '99' (transaction ID: 98)
[DW] bdMarketplace: executing task '99' (transaction ID: 99)
[DW] bdMarketplace: executing task '99' (transaction ID: 100)
[DW] bdMarketplace: executing task '99' (transaction ID: 101)
[DW] bdMarketplace: executing task '99' (transaction ID: 102)
[DW] bdMarketplace: executing task '99' (transaction ID: 103)
[DW] bdMarketplace: executing task '99' (transaction ID: 104)
[DW] bdReward: executing task '11' (transaction ID: 105)
[HQ event] enter_hub (enter_hub), timestamp 1789271995000000, 1 parameters
  1=1
[DW] bdMarketplace: executing task '99' (transaction ID: 106)
[DW] bdMarketplace: executing task '99' (transaction ID: 107)
[DW] bdMarketplace: executing task '99' (transaction ID: 108)
[DW] bdMarketplace: executing task '99' (transaction ID: 109)
[DW] bdMarketplace: executing task '99' (transaction ID: 110)
[DW] bdMarketplace: executing task '99' (transaction ID: 111)
[DW] bdMarketplace: executing task '99' (transaction ID: 112)
[DW] bdMarketplace: executing task '99' (transaction ID: 113)
[DW] bdMarketplace: executing task '99' (transaction ID: 114)
[DW] bdMarketplace: executing task '99' (transaction ID: 115)
[DW] bdMarketplace: executing task '99' (transaction ID: 116)
[DW] bdMarketplace: executing task '99' (transaction ID: 117)
[DW] bdMarketplace: executing task '99' (transaction ID: 118)
[DW] bdMarketplace: executing task '99' (transaction ID: 119)
[DW] bdMarketplace: executing task '99' (transaction ID: 120)
[DW] bdMarketplace: executing task '99' (transaction ID: 121)
[DW] bdMarketplace: executing task '99' (transaction ID: 122)
[DW] bdMarketplace: executing task '99' (transaction ID: 123)
[DW] bdMarketplace: executing task '99' (transaction ID: 124)
[DW] bdMarketplace: executing task '99' (transaction ID: 125)
[DW] bdMarketplace: executing task '99' (transaction ID: 126)
[DW] bdMarketplace: executing task '99' (transaction ID: 127)
[DW] bdMarketplace: executing task '99' (transaction ID: 128)
[DW] bdMarketplace: executing task '99' (transaction ID: 129)
[DW] bdMarketplace: executing task '99' (transaction ID: 130)
[DW] bdMarketplace: executing task '99' (transaction ID: 131)
[DW] bdMarketplace: executing task '99' (transaction ID: 132)
[DW] bdMarketplace: executing task '99' (transaction ID: 133)
[DW] bdMarketplace: executing task '99' (transaction ID: 134)
[DW] bdMarketplace: executing task '99' (transaction ID: 135)
[DW] bdMarketplace: executing task '99' (transaction ID: 136)
[DW] bdMarketplace: executing task '99' (transaction ID: 137)
[DW] bdMarketplace: executing task '99' (transaction ID: 138)
[DW] bdMarketplace: executing task '99' (transaction ID: 139)
[DW] bdMarketplace: executing task '99' (transaction ID: 140)
[DW] bdMarketplace: executing task '99' (transaction ID: 141)
[DW] bdStorage: executing task '24' (transaction ID: 142)
[DW]: [bdStorage]: set user file: leaderboarddata
Loading LUI script 'D:/Program Files/Steam/steamapps/common/Call of Duty WWII/s2x/ui_scripts/mp/find_match'
Loading LUI script 'D:/Program Files/Steam/steamapps/common/Call of Duty WWII/s2x/ui_scripts/mp/patches'
[server_list] installed Lobby server browser functions
Unloading zone mp_hub_allies_slim_path
Unloading zone mp_hub_allies_slim
Unloading zone eng_mp_hub_allies_slim
Unloading zone common_hub_mp
Unloading zone eng_common_hub_mp
Loading LUI script 'D:/Program Files/Steam/steamapps/common/Call of Duty WWII/s2x/ui_scripts/mp/find_match'
Loading LUI script 'D:/Program Files/Steam/steamapps/common/Call of Duty WWII/s2x/ui_scripts/mp/patches'
[server_list] installed Lobby server browser functions
Loading zone mp_hub_allies_load
[DW] bdMatchMaking: executing task '1' (transaction ID: 143)
Loading zone eng_cache_mp_hub_allies_load
Loading zone cache_mp_hub_allies_load
Loading zone cache_common_hub_mp
Loading zone eng_cache_common_hub_mp
Loading zone eng_common_hub_mp
[DW] bdMarketplace: executing task '99' (transaction ID: 144)
[DW] bdStorage: executing task '28' (transaction ID: 145)
[DW] bdGroup: executing task '4' (transaction ID: 146)
Loading zone common_hub_mp
Loading zone cache_mp_hub_allies
Loading zone eng_cache_mp_hub_allies
Loading zone eng_mp_hub_allies
[DW] bdMarketplace: executing task '99' (transaction ID: 147)
[DW] bdMarketplace: executing task '99' (transaction ID: 148)
Loading zone mp_hub_allies
[DW] bdMarketplace: executing task '99' (transaction ID: 149)
[DW] bdMarketplace: executing task '99' (transaction ID: 150)
[DW] bdReward: executing task '11' (transaction ID: 151)
[HQ event] enter_hub (enter_hub), timestamp 1789271995000000, 1 parameters
  1=1
[DW] bdMarketplace: executing task '99' (transaction ID: 152)
[DW] bdMarketplace: executing task '99' (transaction ID: 153)
[DW] bdMarketplace: executing task '99' (transaction ID: 154)
[DW] bdMarketplace: executing task '99' (transaction ID: 155)
[DW] bdMarketplace: executing task '99' (transaction ID: 156)
[DW] bdMarketplace: executing task '99' (transaction ID: 157)
[DW] bdMarketplace: executing task '99' (transaction ID: 158)
[DW] bdMarketplace: executing task '99' (transaction ID: 159)
[DW] bdMarketplace: executing task '99' (transaction ID: 160)
[DW] bdMarketplace: executing task '99' (transaction ID: 161)
[DW] bdMarketplace: executing task '99' (transaction ID: 162)
[DW] bdMarketplace: executing task '99' (transaction ID: 163)
[DW] bdMarketplace: executing task '99' (transaction ID: 164)
[DW] bdMarketplace: executing task '99' (transaction ID: 165)
[DW] bdMarketplace: executing task '99' (transaction ID: 166)
[DW] bdMarketplace: executing task '99' (transaction ID: 167)
[DW] bdMatchMaking: executing task '2' (transaction ID: 168)
[DW] bdMarketplace: executing task '99' (transaction ID: 169)
[DW] bdMarketplace: executing task '99' (transaction ID: 170)
[DW] bdMarketplace: executing task '99' (transaction ID: 171)
[DW] bdMarketplace: executing task '99' (transaction ID: 172)
[DW] bdMarketplace: executing task '99' (transaction ID: 173)
[DW] bdMarketplace: executing task '99' (transaction ID: 174)
[DW] bdMarketplace: executing task '99' (transaction ID: 175)
[DW] bdMarketplace: executing task '99' (transaction ID: 176)
[DW] bdMarketplace: executing task '99' (transaction ID: 177)
[DW] bdMarketplace: executing task '99' (transaction ID: 178)
[DW] bdMarketplace: executing task '99' (transaction ID: 179)
[DW] bdMarketplace: executing task '99' (transaction ID: 180)
[DW] bdMarketplace: executing task '99' (transaction ID: 181)
[DW] bdMarketplace: executing task '99' (transaction ID: 182)
[DW] bdMarketplace: executing task '99' (transaction ID: 183)
[DW] bdMarketplace: executing task '99' (transaction ID: 184)
[DW] bdMarketplace: executing task '99' (transaction ID: 185)
[DW] bdMarketplace: executing task '99' (transaction ID: 186)
[DW] bdMarketplace: executing task '99' (transaction ID: 187)
[DW] bdMarketplace: executing task '99' (transaction ID: 188)
[DW] bdMarketplace: executing task '99' (transaction ID: 189)
[DW] bdMarketplace: executing task '99' (transaction ID: 190)
[DW] bdMarketplace: executing task '99' (transaction ID: 191)
[DW] bdMarketplace: executing task '99' (transaction ID: 192)
[DW] bdMarketplace: executing task '99' (transaction ID: 193)
[DW] bdMarketplace: executing task '99' (transaction ID: 194)
[DW] bdMarketplace: executing task '99' (transaction ID: 195)
[DW] bdMarketplace: executing task '99' (transaction ID: 196)
[DW] bdMarketplace: executing task '99' (transaction ID: 197)
[DW] bdMarketplace: executing task '99' (transaction ID: 198)
[DW] bdMarketplace: executing task '99' (transaction ID: 199)
[DW] bdMarketplace: executing task '99' (transaction ID: 200)
[DW] bdMarketplace: executing task '99' (transaction ID: 201)
[DW] bdMarketplace: executing task '99' (transaction ID: 202)
[DW] bdMarketplace: executing task '99' (transaction ID: 203)
[DW] bdMarketplace: executing task '99' (transaction ID: 204)
[DW] bdMarketplace: executing task '99' (transaction ID: 205)
[DW] bdMarketplace: executing task '99' (transaction ID: 206)
[DW] bdMarketplace: executing task '99' (transaction ID: 207)
[DW] bdMarketplace: executing task '99' (transaction ID: 208)
[DW] bdMarketplace: executing task '99' (transaction ID: 209)
[DW] bdMarketplace: executing task '99' (transaction ID: 210)
[DW] bdMarketplace: executing task '99' (transaction ID: 211)
[DW] bdMarketplace: executing task '99' (transaction ID: 212)
[DW] bdMarketplace: executing task '99' (transaction ID: 213)
[DW] bdMarketplace: executing task '99' (transaction ID: 214)
[DW] bdMarketplace: executing task '99' (transaction ID: 215)
[DW] bdMarketplace: executing task '99' (transaction ID: 216)
[DW] bdMarketplace: executing task '99' (transaction ID: 217)
[DW] bdMarketplace: executing task '99' (transaction ID: 218)
[DW] bdMarketplace: executing task '99' (transaction ID: 219)
[DW] bdMarketplace: executing task '99' (transaction ID: 220)
[DW] bdMarketplace: executing task '99' (transaction ID: 221)
Loading zone cache_mp_hub_allies_path
Loading zone eng_cache_mp_hub_allies_path
Loading zone eng_mp_hub_allies_path
Loading zone mp_hub_allies_path
[DW] bdMarketplace: executing task '99' (transaction ID: 222)
[DW] bdMarketplace: executing task '99' (transaction ID: 223)
[DW] bdMarketplace: executing task '99' (transaction ID: 224)
[DW] bdMarketplace: executing task '99' (transaction ID: 225)
[DW] bdMarketplace: executing task '99' (transaction ID: 226)
[DW] bdMarketplace: executing task '99' (transaction ID: 227)
[DW] bdMarketplace: executing task '99' (transaction ID: 228)
[DW] bdMarketplace: executing task '99' (transaction ID: 229)
[DW] bdMarketplace: executing task '99' (transaction ID: 230)
[DW] bdMarketplace: executing task '99' (transaction ID: 231)
Loading zone mp_hub_range_1_tr
[DW] bdMarketplace: executing task '99' (transaction ID: 232)
[DW] bdMarketplace: executing task '99' (transaction ID: 233)
[DW] bdMarketplace: executing task '99' (transaction ID: 234)
[DW] bdMarketplace: executing task '99' (transaction ID: 235)
[DW] bdMarketplace: executing task '99' (transaction ID: 236)
[DW] bdMarketplace: executing task '99' (transaction ID: 237)
[DW] bdMarketplace: executing task '99' (transaction ID: 238)
[DW] bdMarketplace: executing task '99' (transaction ID: 239)
[DW] bdMarketplace: executing task '99' (transaction ID: 240)
[DW] bdMarketplace: executing task '99' (transaction ID: 241)
[DW] bdMarketplace: executing task '99' (transaction ID: 242)
[DW] bdMarketplace: executing task '99' (transaction ID: 243)
[DW] bdMarketplace: executing task '99' (transaction ID: 244)
[DW] bdMarketplace: executing task '99' (transaction ID: 245)
[DW] bdMarketplace: executing task '99' (transaction ID: 246)
[DW] bdMarketplace: executing task '99' (transaction ID: 247)
Loading zone mp_hub_range_2_tr
[DW] bdMarketplace: executing task '99' (transaction ID: 248)
[DW] bdMarketplace: executing task '99' (transaction ID: 249)
[DW] bdMarketplace: executing task '99' (transaction ID: 250)
[DW] bdMarketplace: executing task '99' (transaction ID: 251)
[DW] bdMarketplace: executing task '99' (transaction ID: 252)
[DW] bdMarketplace: executing task '99' (transaction ID: 253)
[DW] bdMarketplace: executing task '99' (transaction ID: 254)
[DW] bdMarketplace: executing task '99' (transaction ID: 255)
Loading zone mp_hub_spawn_1_tr
[DW] bdMarketplace: executing task '99' (transaction ID: 256)
[DW] bdMarketplace: executing task '99' (transaction ID: 257)
[DW] bdMarketplace: executing task '99' (transaction ID: 258)
[DW] bdMarketplace: executing task '99' (transaction ID: 259)
[DW] bdMarketplace: executing task '99' (transaction ID: 260)
[DW] bdMarketplace: executing task '99' (transaction ID: 261)
[DW] bdMarketplace: executing task '99' (transaction ID: 262)
[DW] bdMarketplace: executing task '99' (transaction ID: 263)
[DW] bdMarketplace: executing task '99' (transaction ID: 264)
Loading zone mp_hub_spawn_2_tr
[DW] bdMarketplace: executing task '99' (transaction ID: 265)
[DW] bdMarketplace: executing task '99' (transaction ID: 266)
[DW] bdMarketplace: executing task '99' (transaction ID: 267)
Loading zone mp_hub_spawn_3_tr
[DW] bdMarketplace: executing task '99' (transaction ID: 268)
Loading zone mp_hub_spawn_4_tr
Loading zone mp_hub_spawn_5_tr
[DW] bdMarketplace: executing task '99' (transaction ID: 269)
Loading zone mp_hub_main_1_tr
[DW] bdMarketplace: executing task '99' (transaction ID: 270)
[DW] bdMarketplace: executing task '99' (transaction ID: 271)
[DW] bdMarketplace: executing task '99' (transaction ID: 272)
[DW] bdMarketplace: executing task '99' (transaction ID: 273)
[DW] bdMarketplace: executing task '99' (transaction ID: 274)
[DW] bdMarketplace: executing task '99' (transaction ID: 275)
[DW] bdMarketplace: executing task '99' (transaction ID: 276)
[DW] bdMarketplace: executing task '99' (transaction ID: 277)
[DW] bdReward: executing task '11' (transaction ID: 278)
[HQ event] enter_hub (enter_hub), timestamp 1789271995000000, 1 parameters
  1=1
Loading zone mp_hub_main_2_tr
[DW] bdMarketplace: executing task '99' (transaction ID: 279)
[DW] bdMarketplace: executing task '99' (transaction ID: 280)
[DW] bdMarketplace: executing task '99' (transaction ID: 281)
[DW] bdMarketplace: executing task '99' (transaction ID: 282)
[DW] bdMarketplace: executing task '99' (transaction ID: 283)
[DW] bdMarketplace: executing task '99' (transaction ID: 284)
[DW] bdMarketplace: executing task '99' (transaction ID: 285)
[DW] bdMarketplace: executing task '99' (transaction ID: 286)
[DW] bdMarketplace: executing task '99' (transaction ID: 287)
[DW] bdMarketplace: executing task '99' (transaction ID: 288)
[DW] bdMarketplace: executing task '99' (transaction ID: 289)
[DW] bdMarketplace: executing task '99' (transaction ID: 290)
[DW] bdMarketplace: executing task '99' (transaction ID: 291)
[DW] bdMarketplace: executing task '99' (transaction ID: 292)
[DW] bdMarketplace: executing task '99' (transaction ID: 293)
[DW] bdMarketplace: executing task '99' (transaction ID: 294)
[DW] bdMarketplace: executing task '99' (transaction ID: 295)
[DW] bdMarketplace: executing task '99' (transaction ID: 296)
[DW] bdMarketplace: executing task '99' (transaction ID: 297)
[DW] bdMarketplace: executing task '99' (transaction ID: 298)
[DW] bdMarketplace: executing task '99' (transaction ID: 299)
[DW] bdMarketplace: executing task '99' (transaction ID: 300)
[DW] bdMarketplace: executing task '99' (transaction ID: 301)
[DW] bdMarketplace: executing task '99' (transaction ID: 302)
[DW] bdMarketplace: executing task '99' (transaction ID: 303)
[DW] bdMarketplace: executing task '99' (transaction ID: 304)
[DW] bdMarketplace: executing task '99' (transaction ID: 305)
[DW] bdMarketplace: executing task '99' (transaction ID: 306)
[DW] bdMarketplace: executing task '99' (transaction ID: 307)
[DW] bdMarketplace: executing task '99' (transaction ID: 308)
[DW] bdMarketplace: executing task '99' (transaction ID: 309)
[DW] bdMarketplace: executing task '99' (transaction ID: 310)
[DW] bdMarketplace: executing task '99' (transaction ID: 311)
[DW] bdMarketplace: executing task '99' (transaction ID: 312)
[DW] bdMarketplace: executing task '99' (transaction ID: 313)
[DW] bdMarketplace: executing task '99' (transaction ID: 314)
[DW] bdMarketplace: executing task '99' (transaction ID: 315)
[DW] bdMarketplace: executing task '99' (transaction ID: 316)
[DW] bdMarketplace: executing task '99' (transaction ID: 317)
[DW] bdMarketplace: executing task '99' (transaction ID: 318)
[DW] bdMarketplace: executing task '99' (transaction ID: 319)
[DW] bdMarketplace: executing task '99' (transaction ID: 320)
[DW] bdMarketplace: executing task '99' (transaction ID: 321)
[DW] bdMarketplace: executing task '99' (transaction ID: 322)
[DW] bdMarketplace: executing task '99' (transaction ID: 323)
[DW] bdMarketplace: executing task '99' (transaction ID: 324)
[DW] bdMarketplace: executing task '99' (transaction ID: 325)
[DW] bdMarketplace: executing task '99' (transaction ID: 326)
[DW] bdMarketplace: executing task '99' (transaction ID: 327)
[DW] bdMarketplace: executing task '99' (transaction ID: 328)
[DW] bdMarketplace: executing task '99' (transaction ID: 329)
[DW] bdMarketplace: executing task '99' (transaction ID: 330)
[DW] bdMarketplace: executing task '99' (transaction ID: 331)
[DW] bdMarketplace: executing task '99' (transaction ID: 332)
[DW] bdMarketplace: executing task '99' (transaction ID: 333)
[DW] bdMarketplace: executing task '99' (transaction ID: 334)
[DW] bdMarketplace: executing task '99' (transaction ID: 335)
[DW] bdMarketplace: executing task '99' (transaction ID: 336)
[DW] bdMarketplace: executing task '99' (transaction ID: 337)
[DW] bdMarketplace: executing task '99' (transaction ID: 338)
[DW] bdMarketplace: executing task '99' (transaction ID: 339)
[DW] bdMarketplace: executing task '99' (transaction ID: 340)
[DW] bdMarketplace: executing task '99' (transaction ID: 341)
[DW] bdMarketplace: executing task '99' (transaction ID: 342)
[DW] bdMarketplace: executing task '99' (transaction ID: 343)
[DW] bdMarketplace: executing task '99' (transaction ID: 344)
[DW] bdMarketplace: executing task '99' (transaction ID: 345)
[DW] bdMarketplace: executing task '99' (transaction ID: 346)
[DW] bdMarketplace: executing task '99' (transaction ID: 347)
[DW] bdReward: executing task '5' (transaction ID: 348)
[HQ protocol] reward_request: 280 raw bytes at s2x/dump/dw/hq_reward_request_25248_62.bin
[DW] bdStorage: executing task '24' (transaction ID: 349)
[DW]: [bdStorage]: set user file: commondata
[DW] bdMarketplace: executing task '99' (transaction ID: 350)
[HQ protocol] injected_ae_request: 214 raw bytes at s2x/dump/dw/hq_injected_ae_request_25248_63.bin
[HQ protocol] injected_ae_response: 2449 raw bytes at s2x/dump/dw/hq_injected_ae_response_25248_64.bin
[HQ protocol] injected_ae_request: 99 raw bytes at s2x/dump/dw/hq_injected_ae_request_25248_65.bin
[HQ protocol] injected_ae_response: 4246 raw bytes at s2x/dump/dw/hq_injected_ae_response_25248_66.bin
[DW] bdMarketplace: executing task '99' (transaction ID: 351)
[DW] bdReward: executing task '4' (transaction ID: 352)
[HQ protocol] reward_request: 248 raw bytes at s2x/dump/dw/hq_reward_request_25248_67.bin
[DW] bdReward: executing task '4' (transaction ID: 353)
[HQ protocol] reward_request: 120 raw bytes at s2x/dump/dw/hq_reward_request_25248_68.bin
[DW] bdMarketplace: executing task '242' (transaction ID: 354)
[HQ protocol] marketplace_242: 88 raw bytes at s2x/dump/dw/hq_marketplace_242_25248_69.bin
[HQ protocol] marketplace_242_response: 88 raw bytes at s2x/dump/dw/hq_marketplace_242_response_25248_70.bin
Unloading zone mp_hub_allies_load
[HQ protocol] injected_ae_request: 125 raw bytes at s2x/dump/dw/hq_injected_ae_request_25248_71.bin
[HQ protocol] injected_ae_response: 1636 raw bytes at s2x/dump/dw/hq_injected_ae_response_25248_72.bin
[HQ AE injection] native scheduled task SUCCEEDED: 9 cached record(s), ready=1
[HQ vendor] conversion-rule native success callback 420 ms after the 242 reply was queued (successes=2 failures=0); `hqvendor` for state
[HQ mail] read controller=0 category=2 index=0 mapped=4 count=14 inRange=1; local inbox has no claimable messages
[DW] bdReward: executing task '4' (transaction ID: 355)
[HQ protocol] reward_request: 152 raw bytes at s2x/dump/dw/hq_reward_request_25248_73.bin
[DW] bdMarketplace: executing task '99' (transaction ID: 356)
[HQ protocol] injected_ae_request: 100 raw bytes at s2x/dump/dw/hq_injected_ae_request_25248_74.bin
[HQ protocol] injected_ae_response: 128 raw bytes at s2x/dump/dw/hq_injected_ae_response_25248_75.bin
[DW] bdReward: executing task '4' (transaction ID: 357)
[HQ protocol] reward_request: 136 raw bytes at s2x/dump/dw/hq_reward_request_25248_76.bin
[DW] bdMarketplace: executing task '99' (transaction ID: 358)
[DW] bdMarketplace: executing task '99' (transaction ID: 359)
[DW] bdMarketplace: executing task '99' (transaction ID: 360)
[DW] bdMarketplace: executing task '99' (transaction ID: 361)
[DW] bdMarketplace: executing task '99' (transaction ID: 362)
[DW] bdMarketplace: executing task '99' (transaction ID: 363)
[DW] bdMarketplace: executing task '99' (transaction ID: 364)
[DW] bdMarketplace: executing task '99' (transaction ID: 365)
[DW] bdMarketplace: executing task '99' (transaction ID: 366)
[DW] bdMarketplace: executing task '99' (transaction ID: 367)
[DW] bdMarketplace: executing task '99' (transaction ID: 368)
[DW] bdMarketplace: executing task '99' (transaction ID: 369)
[DW] bdMarketplace: executing task '99' (transaction ID: 370)
[DW] bdMarketplace: executing task '99' (transaction ID: 371)
[DW] bdMarketplace: executing task '99' (transaction ID: 372)
[DW] bdMarketplace: executing task '99' (transaction ID: 373)
[DW] bdMarketplace: executing task '99' (transaction ID: 374)
[DW] bdMarketplace: executing task '99' (transaction ID: 375)
[DW] bdMarketplace: executing task '99' (transaction ID: 376)
[DW] bdMarketplace: executing task '99' (transaction ID: 377)
[DW] bdMarketplace: executing task '99' (transaction ID: 378)
[DW] bdMarketplace: executing task '99' (transaction ID: 379)
[DW] bdMarketplace: executing task '99' (transaction ID: 380)
[DW] bdMarketplace: executing task '99' (transaction ID: 381)
[DW] bdMarketplace: executing task '99' (transaction ID: 382)
[DW] bdMarketplace: executing task '99' (transaction ID: 383)
[DW] bdMarketplace: executing task '99' (transaction ID: 384)
[DW] bdMarketplace: executing task '99' (transaction ID: 385)
[DW] bdMarketplace: executing task '99' (transaction ID: 386)
[DW] bdMarketplace: executing task '99' (transaction ID: 387)
[DW] bdMarketplace: executing task '99' (transaction ID: 388)
[DW] bdMarketplace: executing task '99' (transaction ID: 389)
[DW] bdMarketplace: executing task '99' (transaction ID: 390)
[DW] bdMarketplace: executing task '99' (transaction ID: 391)
[DW] bdMarketplace: executing task '99' (transaction ID: 392)
[DW] bdMarketplace: executing task '99' (transaction ID: 393)
[DW] bdMarketplace: executing task '99' (transaction ID: 394)
[DW] bdMarketplace: executing task '99' (transaction ID: 395)
[DW] bdMarketplace: executing task '99' (transaction ID: 396)
[DW] bdMarketplace: executing task '99' (transaction ID: 397)
[DW] bdMarketplace: executing task '99' (transaction ID: 398)
[DW] bdMarketplace: executing task '99' (transaction ID: 399)
[DW] bdMarketplace: executing task '99' (transaction ID: 400)
[DW] bdMarketplace: executing task '99' (transaction ID: 401)
[DW] bdMarketplace: executing task '99' (transaction ID: 402)
[DW] bdMarketplace: executing task '99' (transaction ID: 403)
[DW] bdMarketplace: executing task '99' (transaction ID: 404)
[DW] bdMarketplace: executing task '99' (transaction ID: 405)
[DW] bdMarketplace: executing task '99' (transaction ID: 406)
[DW] bdMarketplace: executing task '99' (transaction ID: 407)
[DW] bdMarketplace: executing task '99' (transaction ID: 408)
[DW] bdMarketplace: executing task '99' (transaction ID: 409)
[DW] bdMarketplace: executing task '99' (transaction ID: 410)
[DW] bdMarketplace: executing task '99' (transaction ID: 411)
[DW] bdMarketplace: executing task '99' (transaction ID: 412)
[DW] bdMarketplace: executing task '99' (transaction ID: 413)
[DW] bdMarketplace: executing task '99' (transaction ID: 414)
[DW] bdMarketplace: executing task '99' (transaction ID: 415)
[DW] bdMarketplace: executing task '99' (transaction ID: 416)
[DW] bdMarketplace: executing task '99' (transaction ID: 417)
[DW] bdMarketplace: executing task '99' (transaction ID: 418)
[DW] bdMarketplace: executing task '99' (transaction ID: 419)
[DW] bdMarketplace: executing task '99' (transaction ID: 420)
[DW] bdMarketplace: executing task '99' (transaction ID: 421)
[DW] bdMarketplace: executing task '99' (transaction ID: 422)
[DW] bdMarketplace: executing task '99' (transaction ID: 423)
[DW] bdMarketplace: executing task '99' (transaction ID: 424)
[DW] bdMarketplace: executing task '99' (transaction ID: 425)
[DW] bdMarketplace: executing task '99' (transaction ID: 426)
[DW] bdMarketplace: executing task '99' (transaction ID: 427)
[DW] bdMarketplace: executing task '99' (transaction ID: 428)
[DW] bdMarketplace: executing task '99' (transaction ID: 429)
[DW] bdMarketplace: executing task '99' (transaction ID: 430)
[DW] bdMarketplace: executing task '99' (transaction ID: 431)
[DW] bdMarketplace: executing task '99' (transaction ID: 432)
[DW] bdMarketplace: executing task '99' (transaction ID: 433)
[DW] bdMarketplace: executing task '99' (transaction ID: 434)
[DW] bdMarketplace: executing task '99' (transaction ID: 435)
[DW] bdMarketplace: executing task '99' (transaction ID: 436)
[DW] bdMarketplace: executing task '99' (transaction ID: 437)
[DW] bdMarketplace: executing task '99' (transaction ID: 438)
[DW] bdMarketplace: executing task '99' (transaction ID: 439)
[DW] bdMarketplace: executing task '99' (transaction ID: 440)
[DW] bdMarketplace: executing task '99' (transaction ID: 441)
[DW] bdMarketplace: executing task '99' (transaction ID: 442)
[DW] bdMarketplace: executing task '99' (transaction ID: 443)
[DW] bdMarketplace: executing task '99' (transaction ID: 444)
[DW] bdMarketplace: executing task '99' (transaction ID: 445)
[DW] bdMarketplace: executing task '99' (transaction ID: 446)
[DW] bdMarketplace: executing task '99' (transaction ID: 447)
[DW] bdMarketplace: executing task '99' (transaction ID: 448)
[DW] bdMarketplace: executing task '99' (transaction ID: 449)
[DW] bdMarketplace: executing task '99' (transaction ID: 450)
[DW] bdMarketplace: executing task '99' (transaction ID: 451)
[DW] bdMarketplace: executing task '99' (transaction ID: 452)
[DW] bdMarketplace: executing task '99' (transaction ID: 453)
[DW] bdMarketplace: executing task '99' (transaction ID: 454)
[DW] bdMarketplace: executing task '99' (transaction ID: 455)
[DW] bdMarketplace: executing task '99' (transaction ID: 456)
[DW] bdMarketplace: executing task '99' (transaction ID: 457)
[DW] bdMarketplace: executing task '99' (transaction ID: 458)
[DW] bdMarketplace: executing task '99' (transaction ID: 459)
[DW] bdMarketplace: executing task '99' (transaction ID: 460)
[DW] bdMarketplace: executing task '99' (transaction ID: 461)
[DW] bdMarketplace: executing task '99' (transaction ID: 462)
[DW] bdMarketplace: executing task '99' (transaction ID: 463)
[DW] bdMarketplace: executing task '99' (transaction ID: 464)
[DW] bdMarketplace: executing task '99' (transaction ID: 465)
[DW] bdMarketplace: executing task '99' (transaction ID: 466)
[DW] bdMarketplace: executing task '99' (transaction ID: 467)
[DW] bdMarketplace: executing task '99' (transaction ID: 468)
[DW] bdMarketplace: executing task '99' (transaction ID: 469)
[DW] bdMarketplace: executing task '99' (transaction ID: 470)
[DW] bdMarketplace: executing task '99' (transaction ID: 471)
[DW] bdMarketplace: executing task '99' (transaction ID: 472)
[DW] bdMarketplace: executing task '99' (transaction ID: 473)
[DW] bdMarketplace: executing task '99' (transaction ID: 474)
[DW] bdMarketplace: executing task '99' (transaction ID: 475)
[DW] bdMarketplace: executing task '99' (transaction ID: 476)
[DW] bdMarketplace: executing task '99' (transaction ID: 477)
[DW] bdMarketplace: executing task '99' (transaction ID: 478)
[DW] bdMarketplace: executing task '99' (transaction ID: 479)
[DW] bdMarketplace: executing task '99' (transaction ID: 480)
[DW] bdMarketplace: executing task '99' (transaction ID: 481)
[DW] bdMarketplace: executing task '99' (transaction ID: 482)
[DW] bdMarketplace: executing task '99' (transaction ID: 483)
[DW] bdMarketplace: executing task '99' (transaction ID: 484)
[DW] bdMarketplace: executing task '99' (transaction ID: 485)
[DW] bdMarketplace: executing task '99' (transaction ID: 486)
[DW] bdMarketplace: executing task '99' (transaction ID: 487)
[DW] bdMarketplace: executing task '99' (transaction ID: 488)
[DW] bdMarketplace: executing task '99' (transaction ID: 489)
[DW] bdMarketplace: executing task '99' (transaction ID: 490)
[DW] bdMarketplace: executing task '99' (transaction ID: 491)
[DW] bdMarketplace: executing task '99' (transaction ID: 492)
[DW] bdMarketplace: executing task '99' (transaction ID: 493)
[DW] bdMarketplace: executing task '99' (transaction ID: 494)
[DW] bdMarketplace: executing task '99' (transaction ID: 495)
[DW] bdMarketplace: executing task '99' (transaction ID: 496)
[DW] bdMarketplace: executing task '99' (transaction ID: 497)
[DW] bdMarketplace: executing task '99' (transaction ID: 498)
[DW] bdMarketplace: executing task '99' (transaction ID: 499)
[DW] bdMarketplace: executing task '99' (transaction ID: 500)
[DW] bdMarketplace: executing task '99' (transaction ID: 501)
[DW] bdMarketplace: executing task '99' (transaction ID: 502)
[DW] bdMarketplace: executing task '99' (transaction ID: 503)
[DW] bdMarketplace: executing task '99' (transaction ID: 504)
[DW] bdMarketplace: executing task '99' (transaction ID: 505)
[DW] bdMarketplace: executing task '99' (transaction ID: 506)
[DW] bdMarketplace: executing task '99' (transaction ID: 507)
[DW] bdMarketplace: executing task '99' (transaction ID: 508)
[DW] bdMarketplace: executing task '99' (transaction ID: 509)
[DW] bdMarketplace: executing task '99' (transaction ID: 510)
[DW] bdMarketplace: executing task '99' (transaction ID: 511)
[DW] bdMarketplace: executing task '99' (transaction ID: 512)
[DW] bdMarketplace: executing task '99' (transaction ID: 513)
[DW] bdMarketplace: executing task '99' (transaction ID: 514)
[DW] bdMarketplace: executing task '99' (transaction ID: 515)
[DW] bdMarketplace: executing task '99' (transaction ID: 516)
[DW] bdMarketplace: executing task '99' (transaction ID: 517)
[DW] bdMarketplace: executing task '99' (transaction ID: 518)
[DW] bdMarketplace: executing task '99' (transaction ID: 519)
[DW] bdMarketplace: executing task '99' (transaction ID: 520)
[DW] bdMarketplace: executing task '99' (transaction ID: 521)
[DW] bdMarketplace: executing task '99' (transaction ID: 522)
[DW] bdMarketplace: executing task '99' (transaction ID: 523)
[DW] bdMarketplace: executing task '99' (transaction ID: 524)
[DW] bdMarketplace: executing task '99' (transaction ID: 525)
[DW] bdMarketplace: executing task '99' (transaction ID: 526)
[DW] bdMarketplace: executing task '99' (transaction ID: 527)
[DW] bdMarketplace: executing task '99' (transaction ID: 528)
[DW] bdMarketplace: executing task '99' (transaction ID: 529)
[DW] bdMarketplace: executing task '99' (transaction ID: 530)
[DW] bdMarketplace: executing task '99' (transaction ID: 531)
[DW] bdMarketplace: executing task '99' (transaction ID: 532)
[DW] bdMarketplace: executing task '99' (transaction ID: 533)
[DW] bdMarketplace: executing task '99' (transaction ID: 534)
[DW] bdMarketplace: executing task '99' (transaction ID: 535)
[DW] bdMarketplace: executing task '99' (transaction ID: 536)
[DW] bdMarketplace: executing task '99' (transaction ID: 537)
[DW] bdMarketplace: executing task '99' (transaction ID: 538)
[DW] bdMarketplace: executing task '99' (transaction ID: 539)
[DW] bdMarketplace: executing task '99' (transaction ID: 540)
[DW] bdMarketplace: executing task '99' (transaction ID: 541)
[DW] bdMarketplace: executing task '99' (transaction ID: 542)
[DW] bdMarketplace: executing task '99' (transaction ID: 543)
[DW] bdMarketplace: executing task '99' (transaction ID: 544)
[DW] bdMarketplace: executing task '99' (transaction ID: 545)
[DW] bdMarketplace: executing task '99' (transaction ID: 546)
[DW] bdMarketplace: executing task '99' (transaction ID: 547)
[DW] bdMarketplace: executing task '99' (transaction ID: 548)
[DW] bdMarketplace: executing task '99' (transaction ID: 549)
[DW] bdMarketplace: executing task '99' (transaction ID: 550)
[DW] bdMarketplace: executing task '99' (transaction ID: 551)
[DW] bdMarketplace: executing task '99' (transaction ID: 552)
[DW] bdMarketplace: executing task '99' (transaction ID: 553)
[DW] bdMarketplace: executing task '99' (transaction ID: 554)
[DW] bdMarketplace: executing task '99' (transaction ID: 555)
[DW] bdMarketplace: executing task '99' (transaction ID: 556)
[DW] bdMarketplace: executing task '99' (transaction ID: 557)
[DW] bdMarketplace: executing task '99' (transaction ID: 558)
[DW] bdMarketplace: executing task '99' (transaction ID: 559)
[DW] bdMarketplace: executing task '99' (transaction ID: 560)
[DW] bdMarketplace: executing task '99' (transaction ID: 561)
[DW] bdMarketplace: executing task '99' (transaction ID: 562)
[DW] bdMarketplace: executing task '99' (transaction ID: 563)
[DW] bdMarketplace: executing task '99' (transaction ID: 564)
[DW] bdMarketplace: executing task '99' (transaction ID: 565)
[DW] bdMarketplace: executing task '99' (transaction ID: 566)
[DW] bdReward: executing task '11' (transaction ID: 567)
[HQ event] enter_hub (enter_hub), timestamp 1789272014000000, 1 parameters
  1=1
[DW] bdMarketplace: executing task '99' (transaction ID: 568)
[DW] bdMarketplace: executing task '99' (transaction ID: 569)
[DW] bdMarketplace: executing task '99' (transaction ID: 570)
[DW] bdMarketplace: executing task '99' (transaction ID: 571)
[DW] bdMarketplace: executing task '99' (transaction ID: 572)
[DW] bdMarketplace: executing task '99' (transaction ID: 573)
[DW] bdMarketplace: executing task '99' (transaction ID: 574)
[DW] bdMarketplace: executing task '99' (transaction ID: 575)
[DW] bdMarketplace: executing task '99' (transaction ID: 576)
[DW] bdMarketplace: executing task '99' (transaction ID: 577)
[DW] bdMarketplace: executing task '99' (transaction ID: 578)
[DW] bdMarketplace: executing task '99' (transaction ID: 579)
[DW] bdMarketplace: executing task '99' (transaction ID: 580)
[DW] bdMarketplace: executing task '99' (transaction ID: 581)
[DW] bdMarketplace: executing task '99' (transaction ID: 582)
[DW] bdMarketplace: executing task '99' (transaction ID: 583)
[DW] bdMarketplace: executing task '99' (transaction ID: 584)
[DW] bdMarketplace: executing task '99' (transaction ID: 585)
[DW] bdMarketplace: executing task '99' (transaction ID: 586)
[DW] bdMarketplace: executing task '99' (transaction ID: 587)
[DW] bdMarketplace: executing task '99' (transaction ID: 588)
[DW] bdMarketplace: executing task '99' (transaction ID: 589)
[DW] bdMarketplace: executing task '99' (transaction ID: 590)
[DW] bdMarketplace: executing task '99' (transaction ID: 591)
[DW] bdMarketplace: executing task '99' (transaction ID: 592)
[DW] bdMarketplace: executing task '99' (transaction ID: 593)
[DW] bdMarketplace: executing task '99' (transaction ID: 594)
[DW] bdMarketplace: executing task '99' (transaction ID: 595)
[DW] bdMarketplace: executing task '99' (transaction ID: 596)
[DW] bdMarketplace: executing task '99' (transaction ID: 597)
[DW] bdMarketplace: executing task '99' (transaction ID: 598)
[DW] bdMarketplace: executing task '99' (transaction ID: 599)
[DW] bdMarketplace: executing task '99' (transaction ID: 600)
[DW] bdMarketplace: executing task '99' (transaction ID: 601)
[DW] bdMarketplace: executing task '99' (transaction ID: 602)
[DW] bdMarketplace: executing task '99' (transaction ID: 603)
[DW] bdMarketplace: executing task '99' (transaction ID: 604)
[DW] bdMarketplace: executing task '99' (transaction ID: 605)
[DW] bdMarketplace: executing task '99' (transaction ID: 606)
[DW] bdMarketplace: executing task '99' (transaction ID: 607)
[DW] bdMarketplace: executing task '99' (transaction ID: 608)
[DW] bdMarketplace: executing task '99' (transaction ID: 609)
[DW] bdMarketplace: executing task '99' (transaction ID: 610)
[DW] bdMarketplace: executing task '99' (transaction ID: 611)
[DW] bdMarketplace: executing task '99' (transaction ID: 612)
[DW] bdMarketplace: executing task '99' (transaction ID: 613)
[DW] bdMarketplace: executing task '99' (transaction ID: 614)
[DW] bdMarketplace: executing task '99' (transaction ID: 615)
[DW] bdMarketplace: executing task '99' (transaction ID: 616)
[DW] bdMarketplace: executing task '99' (transaction ID: 617)
[DW] bdMarketplace: executing task '99' (transaction ID: 618)
[DW] bdMarketplace: executing task '99' (transaction ID: 619)
[DW] bdMarketplace: executing task '99' (transaction ID: 620)
[DW] bdMarketplace: executing task '99' (transaction ID: 621)
[DW] bdMarketplace: executing task '99' (transaction ID: 622)
[DW] bdMarketplace: executing task '99' (transaction ID: 623)
[DW] bdMarketplace: executing task '99' (transaction ID: 624)
[DW] bdMarketplace: executing task '99' (transaction ID: 625)
[DW] bdMarketplace: executing task '99' (transaction ID: 626)
[DW] bdMarketplace: executing task '99' (transaction ID: 627)
[DW] bdRichPresence: executing task '1' (transaction ID: 628)
[DW] bdMarketplace: executing task '99' (transaction ID: 629)
[DW] bdMarketplace: executing task '99' (transaction ID: 630)
[DW] bdMarketplace: executing task '99' (transaction ID: 631)
[DW] bdMarketplace: executing task '99' (transaction ID: 632)
[DW] bdMarketplace: executing task '99' (transaction ID: 633)
[DW] bdMarketplace: executing task '99' (transaction ID: 634)
[DW] bdMarketplace: executing task '99' (transaction ID: 635)
[DW] bdMarketplace: executing task '99' (transaction ID: 636)
[DW] bdMarketplace: executing task '99' (transaction ID: 637)
[DW] bdMarketplace: executing task '99' (transaction ID: 638)
[DW] bdMarketplace: executing task '99' (transaction ID: 639)
[DW] bdMarketplace: executing task '99' (transaction ID: 640)
[DW] bdMarketplace: executing task '99' (transaction ID: 641)
[DW] bdMarketplace: executing task '99' (transaction ID: 642)
[DW] bdMarketplace: executing task '99' (transaction ID: 643)
[DW] bdMarketplace: executing task '99' (transaction ID: 644)
[DW] bdMarketplace: executing task '99' (transaction ID: 645)
[DW] bdMarketplace: executing task '99' (transaction ID: 646)
[DW] bdMarketplace: executing task '99' (transaction ID: 647)
[DW] bdMarketplace: executing task '99' (transaction ID: 648)
[DW] bdMarketplace: executing task '99' (transaction ID: 649)
[DW] bdMarketplace: executing task '99' (transaction ID: 650)
[DW] bdMarketplace: executing task '99' (transaction ID: 651)
[DW] bdMarketplace: executing task '99' (transaction ID: 652)
[DW] bdMarketplace: executing task '99' (transaction ID: 653)
[DW] bdMarketplace: executing task '99' (transaction ID: 654)
[DW] bdMarketplace: executing task '99' (transaction ID: 655)
[DW] bdMarketplace: executing task '99' (transaction ID: 656)
[DW] bdMarketplace: executing task '99' (transaction ID: 657)
[DW] bdMarketplace: executing task '99' (transaction ID: 658)
[DW] bdMarketplace: executing task '99' (transaction ID: 659)
[DW] bdMarketplace: executing task '99' (transaction ID: 660)
[DW] bdMarketplace: executing task '99' (transaction ID: 661)
[DW] bdMarketplace: executing task '99' (transaction ID: 662)
[DW] bdMarketplace: executing task '99' (transaction ID: 663)
[DW] bdMarketplace: executing task '99' (transaction ID: 664)
[DW] bdMarketplace: executing task '99' (transaction ID: 665)
[DW] bdMarketplace: executing task '99' (transaction ID: 666)
[DW] bdMarketplace: executing task '99' (transaction ID: 667)
[DW] bdMarketplace: executing task '99' (transaction ID: 668)
[DW] bdMarketplace: executing task '99' (transaction ID: 669)
[DW] bdMarketplace: executing task '99' (transaction ID: 670)
[DW] bdMarketplace: executing task '99' (transaction ID: 671)
[DW] bdMarketplace: executing task '99' (transaction ID: 672)
[DW] bdMarketplace: executing task '99' (transaction ID: 673)
[DW] bdMarketplace: executing task '99' (transaction ID: 674)
[DW] bdMarketplace: executing task '99' (transaction ID: 675)
[DW] bdMarketplace: executing task '99' (transaction ID: 676)
[DW] bdMarketplace: executing task '99' (transaction ID: 677)
[DW] bdMarketplace: executing task '99' (transaction ID: 678)
[DW] bdMarketplace: executing task '99' (transaction ID: 679)
[DW] bdMarketplace: executing task '99' (transaction ID: 680)
[DW] bdMarketplace: executing task '99' (transaction ID: 681)
[DW] bdMarketplace: executing task '99' (transaction ID: 682)
[DW] bdMarketplace: executing task '99' (transaction ID: 683)
[DW] bdMarketplace: executing task '99' (transaction ID: 684)
[DW] bdMarketplace: executing task '99' (transaction ID: 685)
[DW] bdMarketplace: executing task '99' (transaction ID: 686)
[DW] bdMarketplace: executing task '99' (transaction ID: 687)
[DW] bdMarketplace: executing task '99' (transaction ID: 688)
[DW] bdMarketplace: executing task '99' (transaction ID: 689)
[DW] bdMarketplace: executing task '99' (transaction ID: 690)
[DW] bdMarketplace: executing task '99' (transaction ID: 691)
[DW] bdMarketplace: executing task '99' (transaction ID: 692)
[DW] bdMarketplace: executing task '99' (transaction ID: 693)
[DW] bdMarketplace: executing task '99' (transaction ID: 694)
[DW] bdMarketplace: executing task '99' (transaction ID: 695)
[DW] bdMarketplace: executing task '99' (transaction ID: 696)
[DW] bdMarketplace: executing task '99' (transaction ID: 697)
[DW] bdMarketplace: executing task '99' (transaction ID: 698)
[DW] bdMarketplace: executing task '99' (transaction ID: 699)
[DW] bdMarketplace: executing task '99' (transaction ID: 700)
[DW] bdMarketplace: executing task '99' (transaction ID: 701)
[DW] bdMarketplace: executing task '99' (transaction ID: 702)
[DW] bdMarketplace: executing task '99' (transaction ID: 703)
[DW] bdMarketplace: executing task '99' (transaction ID: 704)
[DW] bdMarketplace: executing task '99' (transaction ID: 705)
[DW] bdMarketplace: executing task '99' (transaction ID: 706)
[DW] bdMarketplace: executing task '99' (transaction ID: 707)
[DW] bdMarketplace: executing task '99' (transaction ID: 708)
[DW] bdMarketplace: executing task '99' (transaction ID: 709)
[DW] bdMarketplace: executing task '99' (transaction ID: 710)
[DW] bdMarketplace: executing task '99' (transaction ID: 711)
[DW] bdMarketplace: executing task '99' (transaction ID: 712)
[DW] bdMarketplace: executing task '99' (transaction ID: 713)
[DW] bdMarketplace: executing task '99' (transaction ID: 714)
[DW] bdMarketplace: executing task '99' (transaction ID: 715)
[DW] bdMarketplace: executing task '99' (transaction ID: 716)
[DW] bdMarketplace: executing task '99' (transaction ID: 717)
[DW] bdMarketplace: executing task '99' (transaction ID: 718)
[DW] bdMarketplace: executing task '99' (transaction ID: 719)
[DW] bdMarketplace: executing task '99' (transaction ID: 720)
[DW] bdMarketplace: executing task '99' (transaction ID: 721)
[DW] bdMarketplace: executing task '99' (transaction ID: 722)
[DW] bdMarketplace: executing task '99' (transaction ID: 723)
[DW] bdMarketplace: executing task '99' (transaction ID: 724)
[DW] bdMarketplace: executing task '99' (transaction ID: 725)
[DW] bdMarketplace: executing task '99' (transaction ID: 726)
[DW] bdMarketplace: executing task '99' (transaction ID: 727)
[DW] bdMarketplace: executing task '99' (transaction ID: 728)
[DW] bdMarketplace: executing task '99' (transaction ID: 729)
[DW] bdMarketplace: executing task '99' (transaction ID: 730)
[DW] bdMarketplace: executing task '99' (transaction ID: 731)
[DW] bdMarketplace: executing task '99' (transaction ID: 732)
[DW] bdMarketplace: executing task '99' (transaction ID: 733)
[DW] bdMarketplace: executing task '99' (transaction ID: 734)
[DW] bdMarketplace: executing task '99' (transaction ID: 735)
[DW] bdMarketplace: executing task '99' (transaction ID: 736)
[DW] bdMarketplace: executing task '99' (transaction ID: 737)
[DW] bdMarketplace: executing task '99' (transaction ID: 738)
[DW] bdMarketplace: executing task '99' (transaction ID: 739)
[DW] bdMarketplace: executing task '99' (transaction ID: 740)
[DW] bdMarketplace: executing task '99' (transaction ID: 741)
[DW] bdMarketplace: executing task '99' (transaction ID: 742)
[DW] bdMarketplace: executing task '99' (transaction ID: 743)
[DW] bdMarketplace: executing task '99' (transaction ID: 744)
[DW] bdMarketplace: executing task '99' (transaction ID: 745)
[DW] bdMarketplace: executing task '99' (transaction ID: 746)
[DW] bdMarketplace: executing task '99' (transaction ID: 747)
[DW] bdMarketplace: executing task '99' (transaction ID: 748)
[DW] bdMarketplace: executing task '99' (transaction ID: 749)
[DW] bdMarketplace: executing task '99' (transaction ID: 750)
[DW] bdMarketplace: executing task '99' (transaction ID: 751)
[DW] bdMarketplace: executing task '99' (transaction ID: 752)
[DW] bdMarketplace: executing task '99' (transaction ID: 753)
[DW] bdMarketplace: executing task '99' (transaction ID: 754)
[DW] bdMarketplace: executing task '99' (transaction ID: 755)
[DW] bdMarketplace: executing task '99' (transaction ID: 756)
[DW] bdMarketplace: executing task '99' (transaction ID: 757)
[DW] bdMarketplace: executing task '99' (transaction ID: 758)
[DW] bdMarketplace: executing task '99' (transaction ID: 759)
[DW] bdMarketplace: executing task '99' (transaction ID: 760)
[DW] bdMarketplace: executing task '99' (transaction ID: 761)
[DW] bdMarketplace: executing task '99' (transaction ID: 762)
[DW] bdMarketplace: executing task '99' (transaction ID: 763)
[DW] bdMarketplace: executing task '99' (transaction ID: 764)
[DW] bdMarketplace: executing task '99' (transaction ID: 765)
[DW] bdMarketplace: executing task '99' (transaction ID: 766)
[DW] bdMarketplace: executing task '99' (transaction ID: 767)
[DW] bdMarketplace: executing task '99' (transaction ID: 768)
[DW] bdMarketplace: executing task '99' (transaction ID: 769)
[DW] bdMarketplace: executing task '99' (transaction ID: 770)
[DW] bdMarketplace: executing task '99' (transaction ID: 771)
[DW] bdMarketplace: executing task '99' (transaction ID: 772)
[DW] bdMarketplace: executing task '99' (transaction ID: 773)
[DW] bdMarketplace: executing task '99' (transaction ID: 774)
[DW] bdMarketplace: executing task '99' (transaction ID: 775)
[DW] bdMarketplace: executing task '99' (transaction ID: 776)
[DW] bdMarketplace: executing task '99' (transaction ID: 777)
[DW] bdMarketplace: executing task '99' (transaction ID: 778)
[DW] bdMarketplace: executing task '99' (transaction ID: 779)
[DW] bdMarketplace: executing task '99' (transaction ID: 780)
[DW] bdMarketplace: executing task '99' (transaction ID: 781)
[DW] bdMarketplace: executing task '99' (transaction ID: 782)
[DW] bdMarketplace: executing task '99' (transaction ID: 783)
[DW] bdMarketplace: executing task '99' (transaction ID: 784)
[DW] bdMarketplace: executing task '99' (transaction ID: 785)
[DW] bdMarketplace: executing task '99' (transaction ID: 786)
[DW] bdMarketplace: executing task '99' (transaction ID: 787)
[DW] bdMarketplace: executing task '99' (transaction ID: 788)
[DW] bdMarketplace: executing task '99' (transaction ID: 789)
[DW] bdMarketplace: executing task '99' (transaction ID: 790)
[DW] bdMarketplace: executing task '99' (transaction ID: 791)
[DW] bdMarketplace: executing task '99' (transaction ID: 792)
[DW] bdMarketplace: executing task '99' (transaction ID: 793)
[DW] bdMarketplace: executing task '99' (transaction ID: 794)
[DW] bdMarketplace: executing task '99' (transaction ID: 795)
[DW] bdMarketplace: executing task '99' (transaction ID: 796)
[DW] bdMarketplace: executing task '99' (transaction ID: 797)
[DW] bdMarketplace: executing task '99' (transaction ID: 798)
[DW] bdMarketplace: executing task '99' (transaction ID: 799)
[DW] bdMarketplace: executing task '99' (transaction ID: 800)
[DW] bdMarketplace: executing task '99' (transaction ID: 801)
[DW] bdMarketplace: executing task '99' (transaction ID: 802)
[DW] bdMarketplace: executing task '99' (transaction ID: 803)
[DW] bdMarketplace: executing task '99' (transaction ID: 804)
[DW] bdMarketplace: executing task '99' (transaction ID: 805)
[DW] bdMarketplace: executing task '99' (transaction ID: 806)
[DW] bdMarketplace: executing task '99' (transaction ID: 807)
[DW] bdMarketplace: executing task '99' (transaction ID: 808)
[DW] bdMarketplace: executing task '99' (transaction ID: 809)
[DW] bdMarketplace: executing task '99' (transaction ID: 810)
[DW] bdMarketplace: executing task '99' (transaction ID: 811)
[DW] bdMarketplace: executing task '99' (transaction ID: 812)
[DW] bdMarketplace: executing task '99' (transaction ID: 813)
[DW] bdMarketplace: executing task '99' (transaction ID: 814)
[DW] bdMarketplace: executing task '99' (transaction ID: 815)
[DW] bdMarketplace: executing task '99' (transaction ID: 816)
[DW] bdMarketplace: executing task '99' (transaction ID: 817)
[DW] bdMarketplace: executing task '99' (transaction ID: 818)
[DW] bdMarketplace: executing task '99' (transaction ID: 819)
[DW] bdMarketplace: executing task '99' (transaction ID: 820)
[DW] bdMarketplace: executing task '99' (transaction ID: 821)
[DW] bdMarketplace: executing task '99' (transaction ID: 822)
[DW] bdMarketplace: executing task '99' (transaction ID: 823)
[DW] bdMarketplace: executing task '99' (transaction ID: 824)
[DW] bdMarketplace: executing task '99' (transaction ID: 825)
[DW] bdMarketplace: executing task '99' (transaction ID: 826)
[DW] bdMarketplace: executing task '99' (transaction ID: 827)
[DW] bdMarketplace: executing task '99' (transaction ID: 828)
[DW] bdMarketplace: executing task '99' (transaction ID: 829)
[DW] bdMarketplace: executing task '99' (transaction ID: 830)
[DW] bdMarketplace: executing task '99' (transaction ID: 831)
[DW] bdMarketplace: executing task '99' (transaction ID: 832)
[DW] bdMarketplace: executing task '99' (transaction ID: 833)
[DW] bdMarketplace: executing task '99' (transaction ID: 834)
[DW] bdMarketplace: executing task '99' (transaction ID: 835)
[DW] bdMarketplace: executing task '99' (transaction ID: 836)
[DW] bdMarketplace: executing task '99' (transaction ID: 837)
[DW] bdMarketplace: executing task '99' (transaction ID: 838)
[DW] bdMarketplace: executing task '99' (transaction ID: 839)
[DW] bdMarketplace: executing task '99' (transaction ID: 840)
[DW] bdMarketplace: executing task '99' (transaction ID: 841)
[DW] bdMarketplace: executing task '99' (transaction ID: 842)
[DW] bdMarketplace: executing task '99' (transaction ID: 843)
[DW] bdMarketplace: executing task '99' (transaction ID: 844)
[DW] bdMarketplace: executing task '99' (transaction ID: 845)
[DW] bdMarketplace: executing task '99' (transaction ID: 846)
[DW] bdMarketplace: executing task '99' (transaction ID: 847)
[DW] bdMarketplace: executing task '99' (transaction ID: 848)
[DW] bdMarketplace: executing task '99' (transaction ID: 849)
[DW] bdMarketplace: executing task '99' (transaction ID: 850)
[DW] bdMarketplace: executing task '99' (transaction ID: 851)
[DW] bdMarketplace: executing task '99' (transaction ID: 852)
[DW] bdMarketplace: executing task '99' (transaction ID: 853)
[DW] bdMarketplace: executing task '99' (transaction ID: 854)
[DW] bdMarketplace: executing task '99' (transaction ID: 855)
[DW] bdMarketplace: executing task '99' (transaction ID: 856)
[DW] bdMarketplace: executing task '99' (transaction ID: 857)
[DW] bdMarketplace: executing task '99' (transaction ID: 858)
[DW] bdMarketplace: executing task '99' (transaction ID: 859)
[DW] bdMarketplace: executing task '99' (transaction ID: 860)
[DW] bdMarketplace: executing task '99' (transaction ID: 861)
[DW] bdMarketplace: executing task '99' (transaction ID: 862)
[DW] bdMarketplace: executing task '99' (transaction ID: 863)
[DW] bdMarketplace: executing task '99' (transaction ID: 864)
[DW] bdMarketplace: executing task '99' (transaction ID: 865)
[DW] bdMarketplace: executing task '99' (transaction ID: 866)
[DW] bdMarketplace: executing task '99' (transaction ID: 867)
[DW] bdMarketplace: executing task '99' (transaction ID: 868)
[DW] bdMarketplace: executing task '99' (transaction ID: 869)
[DW] bdMarketplace: executing task '99' (transaction ID: 870)
[DW] bdMarketplace: executing task '99' (transaction ID: 871)
[DW] bdMarketplace: executing task '99' (transaction ID: 872)
[DW] bdMarketplace: executing task '99' (transaction ID: 873)
[DW] bdMarketplace: executing task '99' (transaction ID: 874)
[DW] bdMarketplace: executing task '99' (transaction ID: 875)
[DW] bdMarketplace: executing task '99' (transaction ID: 876)
[DW] bdMarketplace: executing task '99' (transaction ID: 877)
[DW] bdMarketplace: executing task '99' (transaction ID: 878)
[DW] bdMarketplace: executing task '99' (transaction ID: 879)
[DW] bdMarketplace: executing task '99' (transaction ID: 880)
[DW] bdMarketplace: executing task '99' (transaction ID: 881)
[DW] bdMarketplace: executing task '99' (transaction ID: 882)
[DW] bdMarketplace: executing task '99' (transaction ID: 883)
[DW] bdMarketplace: executing task '99' (transaction ID: 884)
[DW] bdMarketplace: executing task '99' (transaction ID: 885)
[DW] bdMarketplace: executing task '99' (transaction ID: 886)
[DW] bdMarketplace: executing task '99' (transaction ID: 887)
[DW] bdMarketplace: executing task '99' (transaction ID: 888)
[DW] bdMarketplace: executing task '99' (transaction ID: 889)
[DW] bdMarketplace: executing task '99' (transaction ID: 890)
[DW] bdMarketplace: executing task '99' (transaction ID: 891)
[DW] bdMarketplace: executing task '99' (transaction ID: 892)
[DW] bdMarketplace: executing task '99' (transaction ID: 893)
[DW] bdMarketplace: executing task '99' (transaction ID: 894)
[DW] bdMarketplace: executing task '99' (transaction ID: 895)
[DW] bdMarketplace: executing task '99' (transaction ID: 896)
[DW] bdMarketplace: executing task '99' (transaction ID: 897)
[DW] bdMarketplace: executing task '99' (transaction ID: 898)
[DW] bdMarketplace: executing task '99' (transaction ID: 899)
[DW] bdMarketplace: executing task '99' (transaction ID: 900)
[DW] bdMarketplace: executing task '99' (transaction ID: 901)
[DW] bdMarketplace: executing task '99' (transaction ID: 902)
[DW] bdMarketplace: executing task '99' (transaction ID: 903)
[DW] bdMarketplace: executing task '99' (transaction ID: 904)
[DW] bdMarketplace: executing task '99' (transaction ID: 905)
[DW] bdMarketplace: executing task '99' (transaction ID: 906)
[DW] bdMarketplace: executing task '99' (transaction ID: 907)
[DW] bdMarketplace: executing task '99' (transaction ID: 908)
[DW] bdMarketplace: executing task '99' (transaction ID: 909)
[DW] bdMarketplace: executing task '99' (transaction ID: 910)
[DW] bdMarketplace: executing task '99' (transaction ID: 911)
[DW] bdMarketplace: executing task '99' (transaction ID: 912)
[DW] bdMarketplace: executing task '99' (transaction ID: 913)
[DW] bdMarketplace: executing task '99' (transaction ID: 914)
[DW] bdMarketplace: executing task '99' (transaction ID: 915)
[DW] bdMarketplace: executing task '99' (transaction ID: 916)
[DW] bdMarketplace: executing task '99' (transaction ID: 917)
[DW] bdMarketplace: executing task '99' (transaction ID: 918)
[DW] bdMarketplace: executing task '99' (transaction ID: 919)
[DW] bdMarketplace: executing task '99' (transaction ID: 920)
[DW] bdMarketplace: executing task '99' (transaction ID: 921)
[DW] bdMarketplace: executing task '99' (transaction ID: 922)
[DW] bdMarketplace: executing task '99' (transaction ID: 923)
[DW] bdMarketplace: executing task '99' (transaction ID: 924)
[DW] bdMarketplace: executing task '99' (transaction ID: 925)
[DW] bdMarketplace: executing task '99' (transaction ID: 926)
[DW] bdMarketplace: executing task '99' (transaction ID: 927)
[DW] bdMarketplace: executing task '99' (transaction ID: 928)
[DW] bdMarketplace: executing task '99' (transaction ID: 929)
[DW] bdMarketplace: executing task '99' (transaction ID: 930)
[DW] bdMarketplace: executing task '99' (transaction ID: 931)
[DW] bdMarketplace: executing task '99' (transaction ID: 932)
[DW] bdMarketplace: executing task '99' (transaction ID: 933)
[DW] bdMarketplace: executing task '99' (transaction ID: 934)
[DW] bdMarketplace: executing task '99' (transaction ID: 935)
[DW] bdMarketplace: executing task '99' (transaction ID: 936)
[DW] bdMarketplace: executing task '99' (transaction ID: 937)
[DW] bdMarketplace: executing task '99' (transaction ID: 938)
[DW] bdMarketplace: executing task '99' (transaction ID: 939)
[DW] bdMarketplace: executing task '99' (transaction ID: 940)
[DW] bdMarketplace: executing task '99' (transaction ID: 941)
[DW] bdMarketplace: executing task '99' (transaction ID: 942)
[DW] bdMarketplace: executing task '99' (transaction ID: 943)
[DW] bdMarketplace: executing task '99' (transaction ID: 944)
[DW] bdMarketplace: executing task '99' (transaction ID: 945)
[DW] bdMarketplace: executing task '99' (transaction ID: 946)
[DW] bdMarketplace: executing task '99' (transaction ID: 947)
[DW] bdMarketplace: executing task '99' (transaction ID: 948)
[DW] bdMarketplace: executing task '99' (transaction ID: 949)
[DW] bdMarketplace: executing task '99' (transaction ID: 950)
[DW] bdMarketplace: executing task '99' (transaction ID: 951)
[DW] bdMarketplace: executing task '99' (transaction ID: 952)
[DW] bdMarketplace: executing task '99' (transaction ID: 953)
[DW] bdMarketplace: executing task '99' (transaction ID: 954)
[DW] bdMarketplace: executing task '99' (transaction ID: 955)
[DW] bdMarketplace: executing task '99' (transaction ID: 956)
[DW] bdMarketplace: executing task '99' (transaction ID: 957)
[DW] bdMarketplace: executing task '99' (transaction ID: 958)
[DW] bdMarketplace: executing task '99' (transaction ID: 959)
[DW] bdMarketplace: executing task '99' (transaction ID: 960)
[DW] bdMarketplace: executing task '99' (transaction ID: 961)
[DW] bdMarketplace: executing task '99' (transaction ID: 962)
[DW] bdMarketplace: executing task '99' (transaction ID: 963)
[DW] bdMarketplace: executing task '99' (transaction ID: 964)
[DW] bdMarketplace: executing task '99' (transaction ID: 965)
[DW] bdMarketplace: executing task '99' (transaction ID: 966)
[DW] bdMarketplace: executing task '99' (transaction ID: 967)
[DW] bdMarketplace: executing task '99' (transaction ID: 968)
[DW] bdMarketplace: executing task '99' (transaction ID: 969)
[DW] bdMarketplace: executing task '99' (transaction ID: 970)
[DW] bdMarketplace: executing task '99' (transaction ID: 971)
[DW] bdMarketplace: executing task '99' (transaction ID: 972)
[DW] bdMarketplace: executing task '99' (transaction ID: 973)
[DW] bdMarketplace: executing task '99' (transaction ID: 974)
[DW] bdMarketplace: executing task '99' (transaction ID: 975)
[DW] bdMarketplace: executing task '99' (transaction ID: 976)
[DW] bdMarketplace: executing task '99' (transaction ID: 977)
[DW] bdMarketplace: executing task '99' (transaction ID: 978)
[DW] bdMarketplace: executing task '99' (transaction ID: 979)
[DW] bdMarketplace: executing task '99' (transaction ID: 980)
[DW] bdMarketplace: executing task '99' (transaction ID: 981)
[DW] bdMarketplace: executing task '99' (transaction ID: 982)
[DW] bdMarketplace: executing task '99' (transaction ID: 983)
[DW] bdMarketplace: executing task '99' (transaction ID: 984)
[DW] bdMarketplace: executing task '99' (transaction ID: 985)
[DW] bdMarketplace: executing task '99' (transaction ID: 986)
[DW] bdMarketplace: executing task '99' (transaction ID: 987)
[DW] bdMarketplace: executing task '99' (transaction ID: 988)
[DW] bdMarketplace: executing task '99' (transaction ID: 989)
[DW] bdMarketplace: executing task '99' (transaction ID: 990)
[DW] bdMarketplace: executing task '99' (transaction ID: 991)
[DW] bdMarketplace: executing task '99' (transaction ID: 992)
[DW] bdMarketplace: executing task '99' (transaction ID: 993)
[DW] bdMarketplace: executing task '99' (transaction ID: 994)
[DW] bdMarketplace: executing task '99' (transaction ID: 995)
[DW] bdMarketplace: executing task '99' (transaction ID: 996)
[DW] bdMarketplace: executing task '99' (transaction ID: 997)
[DW] bdMarketplace: executing task '99' (transaction ID: 998)
[DW] bdMarketplace: executing task '99' (transaction ID: 999)
[DW] bdMarketplace: executing task '99' (transaction ID: 1000)
[DW] bdMarketplace: executing task '99' (transaction ID: 1001)
[DW] bdMarketplace: executing task '99' (transaction ID: 1002)
[DW] bdMarketplace: executing task '99' (transaction ID: 1003)
[DW] bdMarketplace: executing task '99' (transaction ID: 1004)
[DW] bdMarketplace: executing task '99' (transaction ID: 1005)
[DW] bdMarketplace: executing task '99' (transaction ID: 1006)
[DW] bdMarketplace: executing task '99' (transaction ID: 1007)
[DW] bdMarketplace: executing task '99' (transaction ID: 1008)
[DW] bdMarketplace: executing task '99' (transaction ID: 1009)
[DW] bdMarketplace: executing task '99' (transaction ID: 1010)
[DW] bdMarketplace: executing task '99' (transaction ID: 1011)
[DW] bdMarketplace: executing task '99' (transaction ID: 1012)
[DW] bdMarketplace: executing task '99' (transaction ID: 1013)
[DW] bdMarketplace: executing task '99' (transaction ID: 1014)
[DW] bdMarketplace: executing task '99' (transaction ID: 1015)
[DW] bdMarketplace: executing task '99' (transaction ID: 1016)
[DW] bdMarketplace: executing task '99' (transaction ID: 1017)
[DW] bdMarketplace: executing task '99' (transaction ID: 1018)
[DW] bdMarketplace: executing task '99' (transaction ID: 1019)
[DW] bdMarketplace: executing task '99' (transaction ID: 1020)
[DW] bdMarketplace: executing task '99' (transaction ID: 1021)
[DW] bdMarketplace: executing task '99' (transaction ID: 1022)
[DW] bdMarketplace: executing task '99' (transaction ID: 1023)
[DW] bdMarketplace: executing task '99' (transaction ID: 1024)
[DW] bdMarketplace: executing task '99' (transaction ID: 1025)
[DW] bdMarketplace: executing task '99' (transaction ID: 1026)
[DW] bdMarketplace: executing task '99' (transaction ID: 1027)
[DW] bdMarketplace: executing task '99' (transaction ID: 1028)
[DW] bdMarketplace: executing task '99' (transaction ID: 1029)
[DW] bdMarketplace: executing task '99' (transaction ID: 1030)
[DW] bdMarketplace: executing task '99' (transaction ID: 1031)
[DW] bdMarketplace: executing task '99' (transaction ID: 1032)
[DW] bdMarketplace: executing task '99' (transaction ID: 1033)
[DW] bdMarketplace: executing task '99' (transaction ID: 1034)
[DW] bdMarketplace: executing task '99' (transaction ID: 1035)
[DW] bdMarketplace: executing task '99' (transaction ID: 1036)
[DW] bdMarketplace: executing task '99' (transaction ID: 1037)
[DW] bdMarketplace: executing task '99' (transaction ID: 1038)
[DW] bdReward: executing task '12' (transaction ID: 1039)
[HQ protocol] reward_12: 88 raw bytes at s2x/dump/dw/hq_reward_12_25248_77.bin
[HQ event] picked_up_payroll (picked_up_payroll), timestamp 1789272049000000, 2 parameters
  1=1
  2=0
[DW] bdMarketplace: executing task '99' (transaction ID: 1040)
[DW] bdMarketplace: executing task '99' (transaction ID: 1041)
[HQ protocol] payroll_native_push: 650 raw bytes at s2x/dump/dw/hq_payroll_native_push_25248_78.bin
[HQ payroll] delivered persisted completion push
[DW] bdMarketplace: executing task '99' (transaction ID: 1042)
[DW] bdMarketplace: executing task '99' (transaction ID: 1043)
[DW] bdMarketplace: executing task '99' (transaction ID: 1044)
[DW] bdMarketplace: executing task '99' (transaction ID: 1045)
[DW] bdMarketplace: executing task '99' (transaction ID: 1046)
[DW] bdMarketplace: executing task '99' (transaction ID: 1047)
[DW] bdMarketplace: executing task '99' (transaction ID: 1048)
[DW] bdMarketplace: executing task '99' (transaction ID: 1049)
[DW] bdMarketplace: executing task '99' (transaction ID: 1050)
[DW] bdMarketplace: executing task '99' (transaction ID: 1051)
[DW] bdMarketplace: executing task '99' (transaction ID: 1052)
[DW] bdMarketplace: executing task '99' (transaction ID: 1053)
[DW] bdMarketplace: executing task '99' (transaction ID: 1054)
[DW] bdMarketplace: executing task '99' (transaction ID: 1055)
[DW] bdMarketplace: executing task '99' (transaction ID: 1056)
[DW] bdMarketplace: executing task '99' (transaction ID: 1057)
[DW] bdMarketplace: executing task '99' (transaction ID: 1058)
[DW] bdMarketplace: executing task '99' (transaction ID: 1059)
[DW] bdMarketplace: executing task '99' (transaction ID: 1060)
[DW] bdMarketplace: executing task '99' (transaction ID: 1061)
[DW] bdMarketplace: executing task '99' (transaction ID: 1062)
[DW] bdMarketplace: executing task '99' (transaction ID: 1063)
[DW] bdMarketplace: executing task '99' (transaction ID: 1064)
[DW] bdMarketplace: executing task '99' (transaction ID: 1065)
[DW] bdMarketplace: executing task '99' (transaction ID: 1066)
[DW] bdMarketplace: executing task '99' (transaction ID: 1067)
[DW] bdMarketplace: executing task '99' (transaction ID: 1068)
[DW] bdMarketplace: executing task '99' (transaction ID: 1069)
[DW] bdMarketplace: executing task '99' (transaction ID: 1070)
[DW] bdMarketplace: executing task '99' (transaction ID: 1071)
[DW] bdMarketplace: executing task '99' (transaction ID: 1072)
[DW] bdMarketplace: executing task '99' (transaction ID: 1073)
[DW] bdMarketplace: executing task '99' (transaction ID: 1074)
[DW] bdMarketplace: executing task '99' (transaction ID: 1075)
[DW] bdMarketplace: executing task '99' (transaction ID: 1076)
[DW] bdMarketplace: executing task '99' (transaction ID: 1077)
[DW] bdMarketplace: executing task '99' (transaction ID: 1078)
[DW] bdMarketplace: executing task '99' (transaction ID: 1079)
[DW] bdReward: executing task '12' (transaction ID: 1080)
[HQ protocol] reward_12: 88 raw bytes at s2x/dump/dw/hq_reward_12_25248_79.bin
[HQ event] picked_up_payroll (picked_up_payroll), timestamp 1789272049000000, 2 parameters
  1=1
  2=0
[DW] bdMarketplace: executing task '99' (transaction ID: 1081)
[DW] bdMarketplace: executing task '99' (transaction ID: 1082)
[DW] bdMarketplace: executing task '99' (transaction ID: 1083)
[DW] bdMarketplace: executing task '99' (transaction ID: 1084)
[DW] bdMarketplace: executing task '99' (transaction ID: 1085)
[DW] bdMarketplace: executing task '99' (transaction ID: 1086)
[DW] bdMarketplace: executing task '99' (transaction ID: 1087)
[DW] bdMarketplace: executing task '99' (transaction ID: 1088)
[DW] bdMarketplace: executing task '99' (transaction ID: 1089)
[DW] bdMarketplace: executing task '99' (transaction ID: 1090)
[DW] bdMarketplace: executing task '99' (transaction ID: 1091)
[DW] bdMarketplace: executing task '99' (transaction ID: 1092)
[DW] bdMarketplace: executing task '99' (transaction ID: 1093)
[DW] bdMarketplace: executing task '99' (transaction ID: 1094)
[DW] bdMarketplace: executing task '99' (transaction ID: 1095)
[DW] bdMarketplace: executing task '99' (transaction ID: 1096)
[DW] bdMarketplace: executing task '99' (transaction ID: 1097)
[DW] bdMarketplace: executing task '99' (transaction ID: 1098)
[DW] bdMarketplace: executing task '99' (transaction ID: 1099)
[DW] bdMarketplace: executing task '99' (transaction ID: 1100)
[DW] bdMarketplace: executing task '99' (transaction ID: 1101)
[DW] bdMarketplace: executing task '99' (transaction ID: 1102)
[DW] bdMarketplace: executing task '99' (transaction ID: 1103)
[DW] bdMarketplace: executing task '99' (transaction ID: 1104)
[DW] bdMarketplace: executing task '99' (transaction ID: 1105)
[DW] bdMarketplace: executing task '99' (transaction ID: 1106)
[DW] bdMarketplace: executing task '99' (transaction ID: 1107)
[DW] bdMarketplace: executing task '99' (transaction ID: 1108)
[DW] bdMarketplace: executing task '99' (transaction ID: 1109)
[DW] bdMarketplace: executing task '99' (transaction ID: 1110)
[DW] bdMarketplace: executing task '99' (transaction ID: 1111)
[DW] bdMarketplace: executing task '99' (transaction ID: 1112)
[DW] bdMarketplace: executing task '99' (transaction ID: 1113)
[DW] bdMarketplace: executing task '99' (transaction ID: 1114)
[DW] bdMarketplace: executing task '99' (transaction ID: 1115)
[DW] bdMarketplace: executing task '99' (transaction ID: 1116)
[DW] bdMarketplace: executing task '99' (transaction ID: 1117)
[DW] bdMarketplace: executing task '99' (transaction ID: 1118)
[DW] bdMarketplace: executing task '99' (transaction ID: 1119)
[DW] bdMarketplace: executing task '99' (transaction ID: 1120)
[DW] bdMarketplace: executing task '99' (transaction ID: 1121)
[DW] bdMarketplace: executing task '99' (transaction ID: 1122)
[DW] bdMarketplace: executing task '99' (transaction ID: 1123)
[DW] bdMarketplace: executing task '99' (transaction ID: 1124)
[DW] bdMarketplace: executing task '99' (transaction ID: 1125)
[DW] bdMarketplace: executing task '99' (transaction ID: 1126)
[DW] bdMarketplace: executing task '99' (transaction ID: 1127)
[DW] bdMarketplace: executing task '99' (transaction ID: 1128)
[DW] bdMarketplace: executing task '99' (transaction ID: 1129)
[DW] bdMarketplace: executing task '99' (transaction ID: 1130)
[DW] bdMarketplace: executing task '99' (transaction ID: 1131)
[DW] bdMarketplace: executing task '99' (transaction ID: 1132)
[DW] bdMarketplace: executing task '99' (transaction ID: 1133)
[DW] bdMarketplace: executing task '99' (transaction ID: 1134)
[DW] bdMarketplace: executing task '99' (transaction ID: 1135)
[DW] bdMarketplace: executing task '99' (transaction ID: 1136)
[DW] bdMarketplace: executing task '99' (transaction ID: 1137)
[DW] bdMarketplace: executing task '99' (transaction ID: 1138)
[DW] bdMarketplace: executing task '99' (transaction ID: 1139)
[DW] bdMarketplace: executing task '99' (transaction ID: 1140)
[DW] bdMarketplace: executing task '99' (transaction ID: 1141)
[DW] bdMarketplace: executing task '99' (transaction ID: 1142)
[DW] bdMarketplace: executing task '99' (transaction ID: 1143)
[DW] bdMarketplace: executing task '99' (transaction ID: 1144)
[DW] bdMarketplace: executing task '99' (transaction ID: 1145)
[DW] bdMarketplace: executing task '99' (transaction ID: 1146)
[DW] bdMarketplace: executing task '99' (transaction ID: 1147)
[DW] bdMarketplace: executing task '99' (transaction ID: 1148)
[DW] bdMarketplace: executing task '99' (transaction ID: 1149)
[DW] bdMarketplace: executing task '99' (transaction ID: 1150)
[DW] bdMarketplace: executing task '99' (transaction ID: 1151)
[DW] bdMarketplace: executing task '99' (transaction ID: 1152)
[DW] bdMarketplace: executing task '99' (transaction ID: 1153)
[DW] bdMarketplace: executing task '99' (transaction ID: 1154)
[DW] bdMarketplace: executing task '99' (transaction ID: 1155)
[DW] bdMarketplace: executing task '99' (transaction ID: 1156)
[DW] bdReward: executing task '12' (transaction ID: 1157)
[HQ protocol] reward_12: 88 raw bytes at s2x/dump/dw/hq_reward_12_25248_80.bin
[HQ event] picked_up_payroll (picked_up_payroll), timestamp 1789272049000000, 2 parameters
  1=1
  2=0
[DW] bdMarketplace: executing task '99' (transaction ID: 1158)
[DW] bdMarketplace: executing task '99' (transaction ID: 1159)
[DW] bdMarketplace: executing task '99' (transaction ID: 1160)
[DW] bdMarketplace: executing task '99' (transaction ID: 1161)
[DW] bdMarketplace: executing task '99' (transaction ID: 1162)
[DW] bdMarketplace: executing task '99' (transaction ID: 1163)
[DW] bdMarketplace: executing task '99' (transaction ID: 1164)
[DW] bdMarketplace: executing task '99' (transaction ID: 1165)
[DW] bdMarketplace: executing task '99' (transaction ID: 1166)
[DW] bdMarketplace: executing task '99' (transaction ID: 1167)
[DW] bdMarketplace: executing task '99' (transaction ID: 1168)
[DW] bdMarketplace: executing task '99' (transaction ID: 1169)
[DW] bdMarketplace: executing task '99' (transaction ID: 1170)
[DW] bdMarketplace: executing task '99' (transaction ID: 1171)
[DW] bdMarketplace: executing task '99' (transaction ID: 1172)
[DW] bdMarketplace: executing task '99' (transaction ID: 1173)
[DW] bdMarketplace: executing task '99' (transaction ID: 1174)
[DW] bdMarketplace: executing task '99' (transaction ID: 1175)
[DW] bdMarketplace: executing task '99' (transaction ID: 1176)
[DW] bdMarketplace: executing task '99' (transaction ID: 1177)
[DW] bdMarketplace: executing task '99' (transaction ID: 1178)
[DW] bdMarketplace: executing task '99' (transaction ID: 1179)
[DW] bdMarketplace: executing task '99' (transaction ID: 1180)
[DW] bdMarketplace: executing task '99' (transaction ID: 1181)
[DW] bdMarketplace: executing task '99' (transaction ID: 1182)
[DW] bdMarketplace: executing task '99' (transaction ID: 1183)
[DW] bdMarketplace: executing task '99' (transaction ID: 1184)
[DW] bdMarketplace: executing task '99' (transaction ID: 1185)
[DW] bdMarketplace: executing task '99' (transaction ID: 1186)
[DW] bdMarketplace: executing task '99' (transaction ID: 1187)
[DW] bdMarketplace: executing task '99' (transaction ID: 1188)
[DW] bdMarketplace: executing task '99' (transaction ID: 1189)
[DW] bdMarketplace: executing task '99' (transaction ID: 1190)
[DW] bdMarketplace: executing task '99' (transaction ID: 1191)
[DW] bdMarketplace: executing task '99' (transaction ID: 1192)
[DW] bdMarketplace: executing task '99' (transaction ID: 1193)
[DW] bdMarketplace: executing task '99' (transaction ID: 1194)
[DW] bdMarketplace: executing task '99' (transaction ID: 1195)
[DW] bdMarketplace: executing task '99' (transaction ID: 1196)
[DW] bdMarketplace: executing task '99' (transaction ID: 1197)
[DW] bdReward: executing task '11' (transaction ID: 1198)
[HQ event] enter_hub (enter_hub), timestamp 1789272014000000, 1 parameters
  1=1
[DW] bdMarketplace: executing task '99' (transaction ID: 1199)
[DW] bdMarketplace: executing task '99' (transaction ID: 1200)
[DW] bdMarketplace: executing task '99' (transaction ID: 1201)
[DW] bdMarketplace: executing task '99' (transaction ID: 1202)
[DW] bdMarketplace: executing task '99' (transaction ID: 1203)
[DW] bdMarketplace: executing task '99' (transaction ID: 1204)
[DW] bdMarketplace: executing task '99' (transaction ID: 1205)
[DW] bdMarketplace: executing task '99' (transaction ID: 1206)
[DW] bdMarketplace: executing task '99' (transaction ID: 1207)
[DW] bdMarketplace: executing task '99' (transaction ID: 1208)
[DW] bdMarketplace: executing task '99' (transaction ID: 1209)
[DW] bdMarketplace: executing task '99' (transaction ID: 1210)
[DW] bdMarketplace: executing task '99' (transaction ID: 1211)
[DW] bdMarketplace: executing task '99' (transaction ID: 1212)
[DW] bdMarketplace: executing task '99' (transaction ID: 1213)
[DW] bdMarketplace: executing task '99' (transaction ID: 1214)
[DW] bdMarketplace: executing task '99' (transaction ID: 1215)
[DW] bdMarketplace: executing task '99' (transaction ID: 1216)
[DW] bdMarketplace: executing task '99' (transaction ID: 1217)
[DW] bdMarketplace: executing task '99' (transaction ID: 1218)
[DW] bdMarketplace: executing task '99' (transaction ID: 1219)
[DW] bdMarketplace: executing task '99' (transaction ID: 1220)
[DW] bdMarketplace: executing task '99' (transaction ID: 1221)
[DW] bdMarketplace: executing task '99' (transaction ID: 1222)
[DW] bdMarketplace: executing task '99' (transaction ID: 1223)
[DW] bdMarketplace: executing task '99' (transaction ID: 1224)
[DW] bdMarketplace: executing task '99' (transaction ID: 1225)
[DW] bdMarketplace: executing task '99' (transaction ID: 1226)
[DW] bdMarketplace: executing task '99' (transaction ID: 1227)
[DW] bdMarketplace: executing task '99' (transaction ID: 1228)
[DW] bdMarketplace: executing task '99' (transaction ID: 1229)
[DW] bdMarketplace: executing task '99' (transaction ID: 1230)
[DW] bdMarketplace: executing task '99' (transaction ID: 1231)
[DW] bdMarketplace: executing task '99' (transaction ID: 1232)
[DW] bdMarketplace: executing task '99' (transaction ID: 1233)
[DW] bdMarketplace: executing task '99' (transaction ID: 1234)
[DW] bdMarketplace: executing task '99' (transaction ID: 1235)
[DW] bdMarketplace: executing task '99' (transaction ID: 1236)
[DW] bdMarketplace: executing task '99' (transaction ID: 1237)
[DW] bdMarketplace: executing task '99' (transaction ID: 1238)
[DW] bdMarketplace: executing task '99' (transaction ID: 1239)
[DW] bdMarketplace: executing task '99' (transaction ID: 1240)
[DW] bdMarketplace: executing task '99' (transaction ID: 1241)
[DW] bdMarketplace: executing task '99' (transaction ID: 1242)
[DW] bdMarketplace: executing task '99' (transaction ID: 1243)
[DW] bdMarketplace: executing task '99' (transaction ID: 1244)
[DW] bdMarketplace: executing task '99' (transaction ID: 1245)
[DW] bdMarketplace: executing task '99' (transaction ID: 1246)
[DW] bdMarketplace: executing task '99' (transaction ID: 1247)
[DW] bdMarketplace: executing task '99' (transaction ID: 1248)
[DW] bdMarketplace: executing task '99' (transaction ID: 1249)
[DW] bdMarketplace: executing task '99' (transaction ID: 1250)
[DW] bdMarketplace: executing task '99' (transaction ID: 1251)
[DW] bdMarketplace: executing task '99' (transaction ID: 1252)
[DW] bdMarketplace: executing task '99' (transaction ID: 1253)
[DW] bdMarketplace: executing task '99' (transaction ID: 1254)
[DW] bdMarketplace: executing task '99' (transaction ID: 1255)
[DW] bdMarketplace: executing task '99' (transaction ID: 1256)
[DW] bdMarketplace: executing task '99' (transaction ID: 1257)
[DW] bdMarketplace: executing task '99' (transaction ID: 1258)
[DW] bdMarketplace: executing task '99' (transaction ID: 1259)
[DW] bdMarketplace: executing task '99' (transaction ID: 1260)
[DW] bdMarketplace: executing task '99' (transaction ID: 1261)
[DW] bdMarketplace: executing task '99' (transaction ID: 1262)
[DW] bdMarketplace: executing task '99' (transaction ID: 1263)
[DW] bdMarketplace: executing task '99' (transaction ID: 1264)
[DW] bdMarketplace: executing task '99' (transaction ID: 1265)
[DW] bdMarketplace: executing task '99' (transaction ID: 1266)
[DW] bdMarketplace: executing task '99' (transaction ID: 1267)
[DW] bdMarketplace: executing task '99' (transaction ID: 1268)
[DW] bdMarketplace: executing task '99' (transaction ID: 1269)
[DW] bdMarketplace: executing task '99' (transaction ID: 1270)
[DW] bdMarketplace: executing task '99' (transaction ID: 1271)
[DW] bdMarketplace: executing task '99' (transaction ID: 1272)
[DW] bdMarketplace: executing task '99' (transaction ID: 1273)
[DW] bdMarketplace: executing task '99' (transaction ID: 1274)
[DW] bdMarketplace: executing task '99' (transaction ID: 1275)
[DW] bdMarketplace: executing task '99' (transaction ID: 1276)
[DW] bdMarketplace: executing task '99' (transaction ID: 1277)
[DW] bdMarketplace: executing task '99' (transaction ID: 1278)
[DW] bdMarketplace: executing task '99' (transaction ID: 1279)
[DW] bdMarketplace: executing task '99' (transaction ID: 1280)
[DW] bdMarketplace: executing task '99' (transaction ID: 1281)
[DW] bdMarketplace: executing task '99' (transaction ID: 1282)
[DW] bdMarketplace: executing task '99' (transaction ID: 1283)
[DW] bdMarketplace: executing task '99' (transaction ID: 1284)
[DW] bdMarketplace: executing task '99' (transaction ID: 1285)
[DW] bdMarketplace: executing task '99' (transaction ID: 1286)
[DW] bdMarketplace: executing task '99' (transaction ID: 1287)
[DW] bdMarketplace: executing task '99' (transaction ID: 1288)
[DW] bdMarketplace: executing task '99' (transaction ID: 1289)
[DW] bdMarketplace: executing task '99' (transaction ID: 1290)
[DW] bdMarketplace: executing task '99' (transaction ID: 1291)
[DW] bdMarketplace: executing task '99' (transaction ID: 1292)
[DW] bdMarketplace: executing task '99' (transaction ID: 1293)
[DW] bdMarketplace: executing task '99' (transaction ID: 1294)
[DW] bdMarketplace: executing task '99' (transaction ID: 1295)
[DW] bdMarketplace: executing task '99' (transaction ID: 1296)
[DW] bdMarketplace: executing task '99' (transaction ID: 1297)
[DW] bdMarketplace: executing task '99' (transaction ID: 1298)
[DW] bdMarketplace: executing task '99' (transaction ID: 1299)
[DW] bdMarketplace: executing task '99' (transaction ID: 1300)
[DW] bdMarketplace: executing task '99' (transaction ID: 1301)
[DW] bdMarketplace: executing task '99' (transaction ID: 1302)
[DW] bdMarketplace: executing task '99' (transaction ID: 1303)
[DW] bdMarketplace: executing task '99' (transaction ID: 1304)
[DW] bdMarketplace: executing task '99' (transaction ID: 1305)
[DW] bdMarketplace: executing task '99' (transaction ID: 1306)
[DW] bdMarketplace: executing task '99' (transaction ID: 1307)
[DW] bdMarketplace: executing task '99' (transaction ID: 1308)
[DW] bdMarketplace: executing task '99' (transaction ID: 1309)
[DW] bdMarketplace: executing task '99' (transaction ID: 1310)
[DW] bdMarketplace: executing task '99' (transaction ID: 1311)
[DW] bdMarketplace: executing task '99' (transaction ID: 1312)
[DW] bdMarketplace: executing task '99' (transaction ID: 1313)
[DW] bdMarketplace: executing task '99' (transaction ID: 1314)
[DW] bdMarketplace: executing task '99' (transaction ID: 1315)
[DW] bdReward: executing task '12' (transaction ID: 1316)
[HQ protocol] reward_12: 88 raw bytes at s2x/dump/dw/hq_reward_12_25248_81.bin
[HQ event] picked_up_payroll (picked_up_payroll), timestamp 1789272049000000, 2 parameters
  1=1
  2=0
[DW] bdMarketplace: executing task '99' (transaction ID: 1317)
[DW] bdMarketplace: executing task '99' (transaction ID: 1318)
[DW] bdMarketplace: executing task '99' (transaction ID: 1319)
[DW] bdMarketplace: executing task '99' (transaction ID: 1320)
[DW] bdMarketplace: executing task '99' (transaction ID: 1321)
[DW] bdMarketplace: executing task '99' (transaction ID: 1322)
[DW] bdMarketplace: executing task '99' (transaction ID: 1323)
[DW] bdMarketplace: executing task '99' (transaction ID: 1324)
[DW] bdMarketplace: executing task '99' (transaction ID: 1325)
[DW] bdMarketplace: executing task '99' (transaction ID: 1326)
[DW] bdMarketplace: executing task '99' (transaction ID: 1327)
[DW] bdMarketplace: executing task '99' (transaction ID: 1328)
[DW] bdMarketplace: executing task '99' (transaction ID: 1329)
[DW] bdMarketplace: executing task '99' (transaction ID: 1330)
[DW] bdMarketplace: executing task '99' (transaction ID: 1331)
[DW] bdMarketplace: executing task '99' (transaction ID: 1332)
[DW] bdMarketplace: executing task '99' (transaction ID: 1333)
[DW] bdMarketplace: executing task '99' (transaction ID: 1334)
[DW] bdMarketplace: executing task '99' (transaction ID: 1335)
[DW] bdMarketplace: executing task '99' (transaction ID: 1336)
[DW] bdMarketplace: executing task '99' (transaction ID: 1337)
[DW] bdMarketplace: executing task '99' (transaction ID: 1338)
[DW] bdMarketplace: executing task '99' (transaction ID: 1339)
[DW] bdMarketplace: executing task '99' (transaction ID: 1340)
[DW] bdMarketplace: executing task '99' (transaction ID: 1341)
[DW] bdMarketplace: executing task '99' (transaction ID: 1342)
[DW] bdMarketplace: executing task '99' (transaction ID: 1343)
[DW] bdMarketplace: executing task '99' (transaction ID: 1344)
[DW] bdMarketplace: executing task '99' (transaction ID: 1345)
[DW] bdMarketplace: executing task '99' (transaction ID: 1346)
[DW] bdMarketplace: executing task '99' (transaction ID: 1347)
[DW] bdMarketplace: executing task '99' (transaction ID: 1348)
[DW] bdMarketplace: executing task '99' (transaction ID: 1349)
[DW] bdMarketplace: executing task '99' (transaction ID: 1350)
[DW] bdMarketplace: executing task '99' (transaction ID: 1351)
[DW] bdMarketplace: executing task '99' (transaction ID: 1352)
[DW] bdMarketplace: executing task '99' (transaction ID: 1353)
[DW] bdMarketplace: executing task '99' (transaction ID: 1354)
[DW] bdMarketplace: executing task '99' (transaction ID: 1355)
[DW] bdMarketplace: executing task '99' (transaction ID: 1356)
[DW] bdMarketplace: executing task '99' (transaction ID: 1357)
[DW] bdMarketplace: executing task '99' (transaction ID: 1358)
[DW] bdMarketplace: executing task '99' (transaction ID: 1359)
[DW] bdMarketplace: executing task '99' (transaction ID: 1360)
[DW] bdMarketplace: executing task '99' (transaction ID: 1361)
[DW] bdMarketplace: executing task '99' (transaction ID: 1362)
[DW] bdMarketplace: executing task '99' (transaction ID: 1363)
[DW] bdMarketplace: executing task '99' (transaction ID: 1364)
[DW] bdMarketplace: executing task '99' (transaction ID: 1365)
[DW] bdMarketplace: executing task '99' (transaction ID: 1366)
[DW] bdMarketplace: executing task '99' (transaction ID: 1367)
[DW] bdMarketplace: executing task '99' (transaction ID: 1368)
[DW] bdMarketplace: executing task '99' (transaction ID: 1369)
[DW] bdMarketplace: executing task '99' (transaction ID: 1370)
[DW] bdMarketplace: executing task '99' (transaction ID: 1371)
[DW] bdMarketplace: executing task '99' (transaction ID: 1372)
[DW] bdMarketplace: executing task '99' (transaction ID: 1373)
[DW] bdMarketplace: executing task '99' (transaction ID: 1374)
[DW] bdMarketplace: executing task '99' (transaction ID: 1375)
[DW] bdMarketplace: executing task '99' (transaction ID: 1376)
[DW] bdMarketplace: executing task '99' (transaction ID: 1377)
[DW] bdMarketplace: executing task '99' (transaction ID: 1378)
[DW] bdMarketplace: executing task '99' (transaction ID: 1379)
[DW] bdMarketplace: executing task '99' (transaction ID: 1380)
[DW] bdMarketplace: executing task '99' (transaction ID: 1381)
[DW] bdMarketplace: executing task '99' (transaction ID: 1382)
[DW] bdMarketplace: executing task '99' (transaction ID: 1383)
[DW] bdMarketplace: executing task '99' (transaction ID: 1384)
[DW] bdMarketplace: executing task '99' (transaction ID: 1385)
[DW] bdMarketplace: executing task '99' (transaction ID: 1386)
[DW] bdMarketplace: executing task '99' (transaction ID: 1387)
[DW] bdMarketplace: executing task '99' (transaction ID: 1388)
[DW] bdMarketplace: executing task '99' (transaction ID: 1389)
[DW] bdMarketplace: executing task '99' (transaction ID: 1390)
[DW] bdMarketplace: executing task '99' (transaction ID: 1391)
[DW] bdMarketplace: executing task '99' (transaction ID: 1392)
[DW] bdMarketplace: executing task '99' (transaction ID: 1393)
[DW] bdMarketplace: executing task '99' (transaction ID: 1394)
[DW] bdMarketplace: executing task '99' (transaction ID: 1395)
[DW] bdMarketplace: executing task '99' (transaction ID: 1396)
[DW] bdMarketplace: executing task '99' (transaction ID: 1397)
[DW] bdMarketplace: executing task '99' (transaction ID: 1398)
[DW] bdMarketplace: executing task '99' (transaction ID: 1399)
[DW] bdMarketplace: executing task '99' (transaction ID: 1400)
[DW] bdMarketplace: executing task '99' (transaction ID: 1401)
[DW] bdMarketplace: executing task '99' (transaction ID: 1402)
[DW] bdMarketplace: executing task '99' (transaction ID: 1403)
[DW] bdMarketplace: executing task '99' (transaction ID: 1404)
[DW] bdMarketplace: executing task '99' (transaction ID: 1405)
[DW] bdMarketplace: executing task '99' (transaction ID: 1406)
[DW] bdMarketplace: executing task '99' (transaction ID: 1407)
[DW] bdMarketplace: executing task '99' (transaction ID: 1408)
[DW] bdMarketplace: executing task '99' (transaction ID: 1409)
[DW] bdMarketplace: executing task '99' (transaction ID: 1410)
[DW] bdMarketplace: executing task '99' (transaction ID: 1411)
[DW] bdMarketplace: executing task '99' (transaction ID: 1412)
[DW] bdMarketplace: executing task '99' (transaction ID: 1413)
[DW] bdMarketplace: executing task '99' (transaction ID: 1414)
[DW] bdMarketplace: executing task '99' (transaction ID: 1415)
[DW] bdMarketplace: executing task '99' (transaction ID: 1416)
[DW] bdMarketplace: executing task '99' (transaction ID: 1417)
[DW] bdMarketplace: executing task '99' (transaction ID: 1418)
[DW] bdMarketplace: executing task '99' (transaction ID: 1419)
[DW] bdMarketplace: executing task '99' (transaction ID: 1420)
[DW] bdMarketplace: executing task '99' (transaction ID: 1421)
[DW] bdMarketplace: executing task '99' (transaction ID: 1422)
[DW] bdMarketplace: executing task '99' (transaction ID: 1423)
[DW] bdMarketplace: executing task '99' (transaction ID: 1424)
[DW] bdMarketplace: executing task '99' (transaction ID: 1425)
[DW] bdMarketplace: executing task '99' (transaction ID: 1426)
[DW] bdMarketplace: executing task '99' (transaction ID: 1427)
[DW] bdMarketplace: executing task '99' (transaction ID: 1428)
[DW] bdMarketplace: executing task '99' (transaction ID: 1429)
[DW] bdMarketplace: executing task '99' (transaction ID: 1430)
[DW] bdMarketplace: executing task '99' (transaction ID: 1431)
[DW] bdMarketplace: executing task '99' (transaction ID: 1432)
[DW] bdMarketplace: executing task '99' (transaction ID: 1433)
[DW] bdMarketplace: executing task '99' (transaction ID: 1434)
[DW] bdMarketplace: executing task '99' (transaction ID: 1435)
[DW] bdMarketplace: executing task '99' (transaction ID: 1436)
[DW] bdMarketplace: executing task '99' (transaction ID: 1437)
[DW] bdMarketplace: executing task '99' (transaction ID: 1438)
[DW] bdMarketplace: executing task '99' (transaction ID: 1439)
[DW] bdMarketplace: executing task '99' (transaction ID: 1440)
[DW] bdMarketplace: executing task '99' (transaction ID: 1441)
[DW] bdMarketplace: executing task '99' (transaction ID: 1442)
[DW] bdMarketplace: executing task '99' (transaction ID: 1443)
[DW] bdMarketplace: executing task '99' (transaction ID: 1444)
[DW] bdMarketplace: executing task '99' (transaction ID: 1445)
[DW] bdMarketplace: executing task '99' (transaction ID: 1446)
[DW] bdMarketplace: executing task '99' (transaction ID: 1447)
[DW] bdMarketplace: executing task '99' (transaction ID: 1448)
[DW] bdMarketplace: executing task '99' (transaction ID: 1449)
[DW] bdMarketplace: executing task '99' (transaction ID: 1450)
[DW] bdMarketplace: executing task '99' (transaction ID: 1451)
[DW] bdMarketplace: executing task '99' (transaction ID: 1452)
[DW] bdMarketplace: executing task '99' (transaction ID: 1453)
[DW] bdMarketplace: executing task '99' (transaction ID: 1454)
[DW] bdMarketplace: executing task '99' (transaction ID: 1455)
[DW] bdMarketplace: executing task '99' (transaction ID: 1456)
[DW] bdMarketplace: executing task '99' (transaction ID: 1457)
[DW] bdMarketplace: executing task '99' (transaction ID: 1458)
[DW] bdMarketplace: executing task '99' (transaction ID: 1459)
[DW] bdMarketplace: executing task '99' (transaction ID: 1460)
[DW] bdMarketplace: executing task '99' (transaction ID: 1461)
[DW] bdMarketplace: executing task '99' (transaction ID: 1462)
[DW] bdMarketplace: executing task '99' (transaction ID: 1463)
[DW] bdMarketplace: executing task '99' (transaction ID: 1464)
[DW] bdMarketplace: executing task '99' (transaction ID: 1465)
[DW] bdMarketplace: executing task '99' (transaction ID: 1466)
[DW] bdMarketplace: executing task '99' (transaction ID: 1467)
[DW] bdMarketplace: executing task '99' (transaction ID: 1468)
[DW] bdMarketplace: executing task '99' (transaction ID: 1469)
[DW] bdMarketplace: executing task '99' (transaction ID: 1470)
[DW] bdMarketplace: executing task '99' (transaction ID: 1471)
[DW] bdMarketplace: executing task '99' (transaction ID: 1472)
[DW] bdMarketplace: executing task '99' (transaction ID: 1473)
[DW] bdMarketplace: executing task '99' (transaction ID: 1474)
[DW] bdMarketplace: executing task '99' (transaction ID: 1475)
[DW] bdMarketplace: executing task '99' (transaction ID: 1476)
[DW] bdMarketplace: executing task '99' (transaction ID: 1477)
[DW] bdMarketplace: executing task '99' (transaction ID: 1478)
[DW] bdMarketplace: executing task '99' (transaction ID: 1479)
[DW] bdMarketplace: executing task '99' (transaction ID: 1480)
[DW] bdMarketplace: executing task '99' (transaction ID: 1481)
[DW] bdMarketplace: executing task '99' (transaction ID: 1482)
[DW] bdMarketplace: executing task '99' (transaction ID: 1483)
[DW] bdMarketplace: executing task '99' (transaction ID: 1484)
[DW] bdMarketplace: executing task '99' (transaction ID: 1485)
[DW] bdMarketplace: executing task '99' (transaction ID: 1486)
[DW] bdMarketplace: executing task '99' (transaction ID: 1487)
[DW] bdMarketplace: executing task '99' (transaction ID: 1488)
[DW] bdMarketplace: executing task '99' (transaction ID: 1489)
[DW] bdMarketplace: executing task '99' (transaction ID: 1490)
[DW] bdMarketplace: executing task '99' (transaction ID: 1491)
[DW] bdMarketplace: executing task '99' (transaction ID: 1492)
[DW] bdMarketplace: executing task '99' (transaction ID: 1493)
[DW] bdMarketplace: executing task '99' (transaction ID: 1494)
[DW] bdMarketplace: executing task '99' (transaction ID: 1495)
[DW] bdMarketplace: executing task '99' (transaction ID: 1496)
[DW] bdMarketplace: executing task '99' (transaction ID: 1497)
[DW] bdMarketplace: executing task '99' (transaction ID: 1498)
[DW] bdMarketplace: executing task '99' (transaction ID: 1499)
[DW] bdMarketplace: executing task '99' (transaction ID: 1500)
[DW] bdMarketplace: executing task '99' (transaction ID: 1501)
[DW] bdMarketplace: executing task '99' (transaction ID: 1502)
[DW] bdMarketplace: executing task '99' (transaction ID: 1503)
[DW] bdMarketplace: executing task '99' (transaction ID: 1504)
[DW] bdMarketplace: executing task '99' (transaction ID: 1505)
[DW] bdMarketplace: executing task '99' (transaction ID: 1506)
[DW] bdMarketplace: executing task '99' (transaction ID: 1507)
[DW] bdMarketplace: executing task '99' (transaction ID: 1508)
[DW] bdMarketplace: executing task '99' (transaction ID: 1509)
[DW] bdMarketplace: executing task '99' (transaction ID: 1510)
[DW] bdMarketplace: executing task '99' (transaction ID: 1511)
[DW] bdMarketplace: executing task '99' (transaction ID: 1512)
[DW] bdMarketplace: executing task '99' (transaction ID: 1513)
[DW] bdMarketplace: executing task '99' (transaction ID: 1514)
[DW] bdMarketplace: executing task '99' (transaction ID: 1515)
[DW] bdMarketplace: executing task '99' (transaction ID: 1516)
[DW] bdMarketplace: executing task '99' (transaction ID: 1517)
[DW] bdMarketplace: executing task '99' (transaction ID: 1518)
[DW] bdMarketplace: executing task '99' (transaction ID: 1519)
[DW] bdMarketplace: executing task '99' (transaction ID: 1520)
[DW] bdMarketplace: executing task '99' (transaction ID: 1521)
[DW] bdMarketplace: executing task '99' (transaction ID: 1522)
[DW] bdMarketplace: executing task '99' (transaction ID: 1523)
[DW] bdMarketplace: executing task '99' (transaction ID: 1524)
[DW] bdMarketplace: executing task '99' (transaction ID: 1525)
[DW] bdMarketplace: executing task '99' (transaction ID: 1526)
[DW] bdMarketplace: executing task '99' (transaction ID: 1527)
[DW] bdMarketplace: executing task '99' (transaction ID: 1528)
[DW] bdMarketplace: executing task '99' (transaction ID: 1529)
[DW] bdMarketplace: executing task '99' (transaction ID: 1530)
[DW] bdMarketplace: executing task '99' (transaction ID: 1531)
[DW] bdMarketplace: executing task '99' (transaction ID: 1532)
[DW] bdMarketplace: executing task '99' (transaction ID: 1533)
[DW] bdMarketplace: executing task '99' (transaction ID: 1534)
[DW] bdMarketplace: executing task '99' (transaction ID: 1535)
[DW] bdMarketplace: executing task '99' (transaction ID: 1536)
[DW] bdMarketplace: executing task '99' (transaction ID: 1537)
[DW] bdMarketplace: executing task '99' (transaction ID: 1538)
[DW] bdMarketplace: executing task '99' (transaction ID: 1539)
[DW] bdMarketplace: executing task '99' (transaction ID: 1540)
[DW] bdMarketplace: executing task '99' (transaction ID: 1541)
[DW] bdMarketplace: executing task '99' (transaction ID: 1542)
[DW] bdMarketplace: executing task '99' (transaction ID: 1543)
[DW] bdMarketplace: executing task '99' (transaction ID: 1544)
[DW] bdMarketplace: executing task '99' (transaction ID: 1545)
[DW] bdMarketplace: executing task '99' (transaction ID: 1546)
[DW] bdMarketplace: executing task '99' (transaction ID: 1547)
[DW] bdMarketplace: executing task '99' (transaction ID: 1548)
[DW] bdMarketplace: executing task '99' (transaction ID: 1549)
[DW] bdMarketplace: executing task '99' (transaction ID: 1550)
[DW] bdMarketplace: executing task '99' (transaction ID: 1551)
[DW] bdMarketplace: executing task '99' (transaction ID: 1552)
[DW] bdMarketplace: executing task '99' (transaction ID: 1553)
[DW] bdMarketplace: executing task '99' (transaction ID: 1554)
[DW] bdMarketplace: executing task '99' (transaction ID: 1555)
[DW] bdMarketplace: executing task '99' (transaction ID: 1556)
[DW] bdMarketplace: executing task '99' (transaction ID: 1557)
[DW] bdMarketplace: executing task '99' (transaction ID: 1558)
[DW] bdMarketplace: executing task '99' (transaction ID: 1559)
[DW] bdMarketplace: executing task '99' (transaction ID: 1560)
[DW] bdMarketplace: executing task '99' (transaction ID: 1561)
[DW] bdMarketplace: executing task '99' (transaction ID: 1562)
[DW] bdMarketplace: executing task '99' (transaction ID: 1563)
[DW] bdMarketplace: executing task '99' (transaction ID: 1564)
[DW] bdMarketplace: executing task '99' (transaction ID: 1565)
[DW] bdMarketplace: executing task '99' (transaction ID: 1566)
[DW] bdMarketplace: executing task '99' (transaction ID: 1567)
[DW] bdMarketplace: executing task '99' (transaction ID: 1568)
[DW] bdMarketplace: executing task '99' (transaction ID: 1569)
[DW] bdMarketplace: executing task '99' (transaction ID: 1570)
[DW] bdMarketplace: executing task '99' (transaction ID: 1571)
[DW] bdMarketplace: executing task '99' (transaction ID: 1572)
[DW] bdMarketplace: executing task '99' (transaction ID: 1573)
[DW] bdMarketplace: executing task '99' (transaction ID: 1574)
[DW] bdMarketplace: executing task '99' (transaction ID: 1575)
[DW] bdMarketplace: executing task '99' (transaction ID: 1576)
[DW] bdMarketplace: executing task '99' (transaction ID: 1577)
[DW] bdMarketplace: executing task '99' (transaction ID: 1578)
[DW] bdMarketplace: executing task '99' (transaction ID: 1579)
[DW] bdMarketplace: executing task '99' (transaction ID: 1580)
[DW] bdMarketplace: executing task '99' (transaction ID: 1581)
[DW] bdMarketplace: executing task '99' (transaction ID: 1582)
[DW] bdMarketplace: executing task '99' (transaction ID: 1583)
[DW] bdMarketplace: executing task '99' (transaction ID: 1584)
[DW] bdMarketplace: executing task '99' (transaction ID: 1585)
[DW] bdMarketplace: executing task '99' (transaction ID: 1586)
[DW] bdMarketplace: executing task '99' (transaction ID: 1587)
[DW] bdMarketplace: executing task '99' (transaction ID: 1588)
[DW] bdMarketplace: executing task '99' (transaction ID: 1589)
[DW] bdMarketplace: executing task '99' (transaction ID: 1590)
[DW] bdMarketplace: executing task '99' (transaction ID: 1591)
[DW] bdMarketplace: executing task '99' (transaction ID: 1592)
[DW] bdMarketplace: executing task '99' (transaction ID: 1593)
[DW] bdMarketplace: executing task '99' (transaction ID: 1594)
[DW] bdMarketplace: executing task '99' (transaction ID: 1595)
[DW] bdMarketplace: executing task '99' (transaction ID: 1596)
[DW] bdMarketplace: executing task '99' (transaction ID: 1597)
[DW] bdMarketplace: executing task '99' (transaction ID: 1598)
[DW] bdMarketplace: executing task '99' (transaction ID: 1599)
[DW] bdMarketplace: executing task '99' (transaction ID: 1600)
[DW] bdMarketplace: executing task '99' (transaction ID: 1601)
[DW] bdMarketplace: executing task '99' (transaction ID: 1602)
[DW] bdMarketplace: executing task '99' (transaction ID: 1603)
[DW] bdMarketplace: executing task '99' (transaction ID: 1604)
[DW] bdMarketplace: executing task '99' (transaction ID: 1605)
[DW] bdMarketplace: executing task '99' (transaction ID: 1606)
[DW] bdMarketplace: executing task '99' (transaction ID: 1607)
[DW] bdMarketplace: executing task '99' (transaction ID: 1608)
[DW] bdMarketplace: executing task '99' (transaction ID: 1609)
[DW] bdMarketplace: executing task '99' (transaction ID: 1610)
[DW] bdMarketplace: executing task '99' (transaction ID: 1611)
[DW] bdMarketplace: executing task '99' (transaction ID: 1612)
[DW] bdMarketplace: executing task '99' (transaction ID: 1613)
[DW] bdMarketplace: executing task '99' (transaction ID: 1614)
[DW] bdMarketplace: executing task '99' (transaction ID: 1615)
[DW] bdMarketplace: executing task '99' (transaction ID: 1616)
[DW] bdMarketplace: executing task '99' (transaction ID: 1617)
[DW] bdMarketplace: executing task '99' (transaction ID: 1618)
[DW] bdMarketplace: executing task '99' (transaction ID: 1619)
[DW] bdMarketplace: executing task '99' (transaction ID: 1620)
[DW] bdMarketplace: executing task '99' (transaction ID: 1621)
[DW] bdMarketplace: executing task '99' (transaction ID: 1622)
[DW] bdMarketplace: executing task '99' (transaction ID: 1623)
[DW] bdMarketplace: executing task '99' (transaction ID: 1624)
[DW] bdMarketplace: executing task '99' (transaction ID: 1625)
[DW] bdMarketplace: executing task '99' (transaction ID: 1626)
[DW] bdMarketplace: executing task '99' (transaction ID: 1627)
[DW] bdMarketplace: executing task '99' (transaction ID: 1628)
[DW] bdMarketplace: executing task '99' (transaction ID: 1629)
[DW] bdReward: executing task '12' (transaction ID: 1630)
[HQ protocol] reward_12: 136 raw bytes at s2x/dump/dw/hq_reward_12_25248_82.bin
[HQ event] picked_up_payroll (picked_up_payroll), timestamp 1789272049000000, 2 parameters
  1=1
  2=0
[HQ event] picked_up_payroll (picked_up_payroll), timestamp 1789272064000000, 2 parameters
  1=1
  2=0
[DW] bdMarketplace: executing task '99' (transaction ID: 1631)
[DW] bdMarketplace: executing task '99' (transaction ID: 1632)
[DW] bdMarketplace: executing task '99' (transaction ID: 1633)
[DW] bdMarketplace: executing task '99' (transaction ID: 1634)
[DW] bdMarketplace: executing task '99' (transaction ID: 1635)
[DW] bdMarketplace: executing task '99' (transaction ID: 1636)
[DW] bdMarketplace: executing task '99' (transaction ID: 1637)
[DW] bdMarketplace: executing task '99' (transaction ID: 1638)
[DW] bdMarketplace: executing task '99' (transaction ID: 1639)
[DW] bdMarketplace: executing task '99' (transaction ID: 1640)
[DW] bdMarketplace: executing task '99' (transaction ID: 1641)
[DW] bdMarketplace: executing task '99' (transaction ID: 1642)
[DW] bdMarketplace: executing task '99' (transaction ID: 1643)
[DW] bdMarketplace: executing task '99' (transaction ID: 1644)
[DW] bdMarketplace: executing task '99' (transaction ID: 1645)
[DW] bdMarketplace: executing task '99' (transaction ID: 1646)
[DW] bdMarketplace: executing task '99' (transaction ID: 1647)
[DW] bdMarketplace: executing task '99' (transaction ID: 1648)
[DW] bdMarketplace: executing task '99' (transaction ID: 1649)
[DW] bdMarketplace: executing task '99' (transaction ID: 1650)
[DW] bdMarketplace: executing task '99' (transaction ID: 1651)
[DW] bdMarketplace: executing task '99' (transaction ID: 1652)
[DW] bdMarketplace: executing task '99' (transaction ID: 1653)
[DW] bdMarketplace: executing task '99' (transaction ID: 1654)
[DW] bdMarketplace: executing task '99' (transaction ID: 1655)
[DW] bdMarketplace: executing task '99' (transaction ID: 1656)
[DW] bdMarketplace: executing task '99' (transaction ID: 1657)
[DW] bdMarketplace: executing task '99' (transaction ID: 1658)
[DW] bdMarketplace: executing task '99' (transaction ID: 1659)
[DW] bdMarketplace: executing task '99' (transaction ID: 1660)
[DW] bdMarketplace: executing task '99' (transaction ID: 1661)
[DW] bdMarketplace: executing task '99' (transaction ID: 1662)
[DW] bdMarketplace: executing task '99' (transaction ID: 1663)
[DW] bdMarketplace: executing task '99' (transaction ID: 1664)
[DW] bdMarketplace: executing task '99' (transaction ID: 1665)
[DW] bdMarketplace: executing task '99' (transaction ID: 1666)
[DW] bdMarketplace: executing task '99' (transaction ID: 1667)
[DW] bdMarketplace: executing task '99' (transaction ID: 1668)
[DW] bdMarketplace: executing task '99' (transaction ID: 1669)
[DW] bdMarketplace: executing task '99' (transaction ID: 1670)
[DW] bdMarketplace: executing task '99' (transaction ID: 1671)
[DW] bdMarketplace: executing task '99' (transaction ID: 1672)
[DW] bdMarketplace: executing task '99' (transaction ID: 1673)
[DW] bdMarketplace: executing task '99' (transaction ID: 1674)
[DW] bdMarketplace: executing task '99' (transaction ID: 1675)
[DW] bdMarketplace: executing task '99' (transaction ID: 1676)
[DW] bdMarketplace: executing task '99' (transaction ID: 1677)
[DW] bdMarketplace: executing task '99' (transaction ID: 1678)
[DW] bdMarketplace: executing task '99' (transaction ID: 1679)
[DW] bdMarketplace: executing task '99' (transaction ID: 1680)
[DW] bdMarketplace: executing task '99' (transaction ID: 1681)
[DW] bdMarketplace: executing task '99' (transaction ID: 1682)
[DW] bdMarketplace: executing task '99' (transaction ID: 1683)
[DW] bdMarketplace: executing task '99' (transaction ID: 1684)
[DW] bdMarketplace: executing task '99' (transaction ID: 1685)
[DW] bdMarketplace: executing task '99' (transaction ID: 1686)
[DW] bdMarketplace: executing task '99' (transaction ID: 1687)
[DW] bdMarketplace: executing task '99' (transaction ID: 1688)
[DW] bdMarketplace: executing task '99' (transaction ID: 1689)
[DW] bdMarketplace: executing task '99' (transaction ID: 1690)
[DW] bdMarketplace: executing task '99' (transaction ID: 1691)
[DW] bdMarketplace: executing task '99' (transaction ID: 1692)
[DW] bdMarketplace: executing task '99' (transaction ID: 1693)
[DW] bdMarketplace: executing task '99' (transaction ID: 1694)
[DW] bdMarketplace: executing task '99' (transaction ID: 1695)
[DW] bdMarketplace: executing task '99' (transaction ID: 1696)
[DW] bdMarketplace: executing task '99' (transaction ID: 1697)
[DW] bdMarketplace: executing task '99' (transaction ID: 1698)
[DW] bdMarketplace: executing task '99' (transaction ID: 1699)
[DW] bdMarketplace: executing task '99' (transaction ID: 1700)
[DW] bdMarketplace: executing task '99' (transaction ID: 1701)
[DW] bdMarketplace: executing task '99' (transaction ID: 1702)
[DW] bdMarketplace: executing task '99' (transaction ID: 1703)
[DW] bdMarketplace: executing task '99' (transaction ID: 1704)
[DW] bdMarketplace: executing task '99' (transaction ID: 1705)
[DW] bdMarketplace: executing task '99' (transaction ID: 1706)
[DW] bdMarketplace: executing task '99' (transaction ID: 1707)
[DW] bdMarketplace: executing task '99' (transaction ID: 1708)
[DW] bdMarketplace: executing task '99' (transaction ID: 1709)
[DW] bdMarketplace: executing task '99' (transaction ID: 1710)
[DW] bdMarketplace: executing task '99' (transaction ID: 1711)
[DW] bdMarketplace: executing task '99' (transaction ID: 1712)
[DW] bdMarketplace: executing task '99' (transaction ID: 1713)
[DW] bdMarketplace: executing task '99' (transaction ID: 1714)
[DW] bdMarketplace: executing task '99' (transaction ID: 1715)
[DW] bdMarketplace: executing task '99' (transaction ID: 1716)
[DW] bdMarketplace: executing task '99' (transaction ID: 1717)
[DW] bdMarketplace: executing task '99' (transaction ID: 1718)
[DW] bdMarketplace: executing task '99' (transaction ID: 1719)
[DW] bdMarketplace: executing task '99' (transaction ID: 1720)
[DW] bdMarketplace: executing task '99' (transaction ID: 1721)
[DW] bdMarketplace: executing task '99' (transaction ID: 1722)
[DW] bdMarketplace: executing task '99' (transaction ID: 1723)
[DW] bdMarketplace: executing task '99' (transaction ID: 1724)
[DW] bdMarketplace: executing task '99' (transaction ID: 1725)
[DW] bdMarketplace: executing task '99' (transaction ID: 1726)
[DW] bdMarketplace: executing task '99' (transaction ID: 1727)
[DW] bdMarketplace: executing task '99' (transaction ID: 1728)
[DW] bdMarketplace: executing task '99' (transaction ID: 1729)
[DW] bdMarketplace: executing task '99' (transaction ID: 1730)
[DW] bdMarketplace: executing task '99' (transaction ID: 1731)
[DW] bdMarketplace: executing task '99' (transaction ID: 1732)
[DW] bdMarketplace: executing task '99' (transaction ID: 1733)
[DW] bdMarketplace: executing task '99' (transaction ID: 1734)
[DW] bdMarketplace: executing task '99' (transaction ID: 1735)
[DW] bdMarketplace: executing task '99' (transaction ID: 1736)
[DW] bdMarketplace: executing task '99' (transaction ID: 1737)
[DW] bdMarketplace: executing task '99' (transaction ID: 1738)
[DW] bdMarketplace: executing task '99' (transaction ID: 1739)
[DW] bdMarketplace: executing task '99' (transaction ID: 1740)
[DW] bdMarketplace: executing task '99' (transaction ID: 1741)
[DW] bdMarketplace: executing task '99' (transaction ID: 1742)
[DW] bdMarketplace: executing task '99' (transaction ID: 1743)
[DW] bdMarketplace: executing task '99' (transaction ID: 1744)
[DW] bdMarketplace: executing task '99' (transaction ID: 1745)
[DW] bdMarketplace: executing task '99' (transaction ID: 1746)
[DW] bdMarketplace: executing task '99' (transaction ID: 1747)
[DW] bdMarketplace: executing task '99' (transaction ID: 1748)
[DW] bdMarketplace: executing task '99' (transaction ID: 1749)
[DW] bdMarketplace: executing task '99' (transaction ID: 1750)
[DW] bdMarketplace: executing task '99' (transaction ID: 1751)
[DW] bdMarketplace: executing task '99' (transaction ID: 1752)
[DW] bdMarketplace: executing task '99' (transaction ID: 1753)
[DW] bdMarketplace: executing task '99' (transaction ID: 1754)
[DW] bdMarketplace: executing task '99' (transaction ID: 1755)
[DW] bdMarketplace: executing task '99' (transaction ID: 1756)
[DW] bdMarketplace: executing task '99' (transaction ID: 1757)
[DW] bdMarketplace: executing task '99' (transaction ID: 1758)
[DW] bdMarketplace: executing task '99' (transaction ID: 1759)
[DW] bdMarketplace: executing task '99' (transaction ID: 1760)
[DW] bdMarketplace: executing task '99' (transaction ID: 1761)
[DW] bdMarketplace: executing task '99' (transaction ID: 1762)
[DW] bdMarketplace: executing task '99' (transaction ID: 1763)
[DW] bdMarketplace: executing task '99' (transaction ID: 1764)
[DW] bdMarketplace: executing task '99' (transaction ID: 1765)
[DW] bdMarketplace: executing task '99' (transaction ID: 1766)
[DW] bdMarketplace: executing task '99' (transaction ID: 1767)
[DW] bdMarketplace: executing task '99' (transaction ID: 1768)
[DW] bdMarketplace: executing task '99' (transaction ID: 1769)
[DW] bdMarketplace: executing task '99' (transaction ID: 1770)
[DW] bdMarketplace: executing task '99' (transaction ID: 1771)
[DW] bdMarketplace: executing task '99' (transaction ID: 1772)
[DW] bdMarketplace: executing task '99' (transaction ID: 1773)
[DW] bdMarketplace: executing task '99' (transaction ID: 1774)
[DW] bdMarketplace: executing task '99' (transaction ID: 1775)
[DW] bdMarketplace: executing task '99' (transaction ID: 1776)
[DW] bdMarketplace: executing task '99' (transaction ID: 1777)
[DW] bdMarketplace: executing task '99' (transaction ID: 1778)
[DW] bdMarketplace: executing task '99' (transaction ID: 1779)
[DW] bdMarketplace: executing task '99' (transaction ID: 1780)
[DW] bdMarketplace: executing task '99' (transaction ID: 1781)
[DW] bdMarketplace: executing task '99' (transaction ID: 1782)
[DW] bdMarketplace: executing task '99' (transaction ID: 1783)
[DW] bdMarketplace: executing task '99' (transaction ID: 1784)
[DW] bdMarketplace: executing task '99' (transaction ID: 1785)
[DW] bdMarketplace: executing task '99' (transaction ID: 1786)
[DW] bdMarketplace: executing task '99' (transaction ID: 1787)
[DW] bdMarketplace: executing task '99' (transaction ID: 1788)
[DW] bdMarketplace: executing task '99' (transaction ID: 1789)
[DW] bdMarketplace: executing task '99' (transaction ID: 1790)
[DW] bdMarketplace: executing task '99' (transaction ID: 1791)
[DW] bdMarketplace: executing task '99' (transaction ID: 1792)
[DW] bdMarketplace: executing task '99' (transaction ID: 1793)
[DW] bdMarketplace: executing task '99' (transaction ID: 1794)
[DW] bdMarketplace: executing task '99' (transaction ID: 1795)
[DW] bdMarketplace: executing task '99' (transaction ID: 1796)
[DW] bdMarketplace: executing task '99' (transaction ID: 1797)
[DW] bdMarketplace: executing task '99' (transaction ID: 1798)
[DW] bdMarketplace: executing task '99' (transaction ID: 1799)
[DW] bdMarketplace: executing task '99' (transaction ID: 1800)
[DW] bdMarketplace: executing task '99' (transaction ID: 1801)
[DW] bdMarketplace: executing task '99' (transaction ID: 1802)
[DW] bdMarketplace: executing task '99' (transaction ID: 1803)
[DW] bdMarketplace: executing task '99' (transaction ID: 1804)
[DW] bdMarketplace: executing task '99' (transaction ID: 1805)
[DW] bdMarketplace: executing task '99' (transaction ID: 1806)
[DW] bdMarketplace: executing task '99' (transaction ID: 1807)
[DW] bdMarketplace: executing task '99' (transaction ID: 1808)
[DW] bdMarketplace: executing task '99' (transaction ID: 1809)
[DW] bdMarketplace: executing task '99' (transaction ID: 1810)
[DW] bdMarketplace: executing task '99' (transaction ID: 1811)
[DW] bdMarketplace: executing task '99' (transaction ID: 1812)
[DW] bdMarketplace: executing task '99' (transaction ID: 1813)
[DW] bdMarketplace: executing task '99' (transaction ID: 1814)
[DW] bdMarketplace: executing task '99' (transaction ID: 1815)
[DW] bdMarketplace: executing task '99' (transaction ID: 1816)
[DW] bdMarketplace: executing task '99' (transaction ID: 1817)
[DW] bdMarketplace: executing task '99' (transaction ID: 1818)
[DW] bdMarketplace: executing task '99' (transaction ID: 1819)
[DW] bdMarketplace: executing task '99' (transaction ID: 1820)
[DW] bdMarketplace: executing task '99' (transaction ID: 1821)
[DW] bdMarketplace: executing task '99' (transaction ID: 1822)
[DW] bdMarketplace: executing task '99' (transaction ID: 1823)
[DW] bdMarketplace: executing task '99' (transaction ID: 1824)
[DW] bdMarketplace: executing task '99' (transaction ID: 1825)
[DW] bdMarketplace: executing task '99' (transaction ID: 1826)
[DW] bdMarketplace: executing task '99' (transaction ID: 1827)
[DW] bdMarketplace: executing task '99' (transaction ID: 1828)
[DW] bdMarketplace: executing task '99' (transaction ID: 1829)
[DW] bdMarketplace: executing task '99' (transaction ID: 1830)
[DW] bdMarketplace: executing task '99' (transaction ID: 1831)
[DW] bdMarketplace: executing task '99' (transaction ID: 1832)
[DW] bdMarketplace: executing task '99' (transaction ID: 1833)
[DW] bdMarketplace: executing task '99' (transaction ID: 1834)
[DW] bdMarketplace: executing task '99' (transaction ID: 1835)
[DW] bdMarketplace: executing task '99' (transaction ID: 1836)
[DW] bdMarketplace: executing task '99' (transaction ID: 1837)
[DW] bdMarketplace: executing task '99' (transaction ID: 1838)
[DW] bdMarketplace: executing task '99' (transaction ID: 1839)
[DW] bdMarketplace: executing task '99' (transaction ID: 1840)
[DW] bdMarketplace: executing task '99' (transaction ID: 1841)
[DW] bdMarketplace: executing task '99' (transaction ID: 1842)
[DW] bdMarketplace: executing task '99' (transaction ID: 1843)
[DW] bdMarketplace: executing task '99' (transaction ID: 1844)
[DW] bdMarketplace: executing task '99' (transaction ID: 1845)
[DW] bdMarketplace: executing task '99' (transaction ID: 1846)
[DW] bdMarketplace: executing task '99' (transaction ID: 1847)
[DW] bdMarketplace: executing task '99' (transaction ID: 1848)
[DW] bdMarketplace: executing task '99' (transaction ID: 1849)
[DW] bdMarketplace: executing task '99' (transaction ID: 1850)
[DW] bdMarketplace: executing task '99' (transaction ID: 1851)
[DW] bdMarketplace: executing task '99' (transaction ID: 1852)
[DW] bdMarketplace: executing task '99' (transaction ID: 1853)
[DW] bdMarketplace: executing task '99' (transaction ID: 1854)
[DW] bdMarketplace: executing task '99' (transaction ID: 1855)
[DW] bdMarketplace: executing task '99' (transaction ID: 1856)
[DW] bdMarketplace: executing task '99' (transaction ID: 1857)
[DW] bdMarketplace: executing task '99' (transaction ID: 1858)
[DW] bdMarketplace: executing task '99' (transaction ID: 1859)
[DW] bdMarketplace: executing task '99' (transaction ID: 1860)
[DW] bdMarketplace: executing task '99' (transaction ID: 1861)
[DW] bdMarketplace: executing task '99' (transaction ID: 1862)
[DW] bdMarketplace: executing task '99' (transaction ID: 1863)
[DW] bdMarketplace: executing task '99' (transaction ID: 1864)
[DW] bdMarketplace: executing task '99' (transaction ID: 1865)
[DW] bdMarketplace: executing task '99' (transaction ID: 1866)
[DW] bdMarketplace: executing task '99' (transaction ID: 1867)
[DW] bdMarketplace: executing task '99' (transaction ID: 1868)
[DW] bdMarketplace: executing task '99' (transaction ID: 1869)
[DW] bdMarketplace: executing task '99' (transaction ID: 1870)
[DW] bdMarketplace: executing task '99' (transaction ID: 1871)
[DW] bdMarketplace: executing task '99' (transaction ID: 1872)
[DW] bdMarketplace: executing task '99' (transaction ID: 1873)
[DW] bdMarketplace: executing task '99' (transaction ID: 1874)
[DW] bdMarketplace: executing task '99' (transaction ID: 1875)
[DW] bdMarketplace: executing task '99' (transaction ID: 1876)
[DW] bdMarketplace: executing task '99' (transaction ID: 1877)
[DW] bdMarketplace: executing task '99' (transaction ID: 1878)
[DW] bdMarketplace: executing task '99' (transaction ID: 1879)
[DW] bdMarketplace: executing task '99' (transaction ID: 1880)
[DW] bdMarketplace: executing task '99' (transaction ID: 1881)
[DW] bdMarketplace: executing task '99' (transaction ID: 1882)
[DW] bdMarketplace: executing task '99' (transaction ID: 1883)
[DW] bdMarketplace: executing task '99' (transaction ID: 1884)
[DW] bdMarketplace: executing task '99' (transaction ID: 1885)
[DW] bdMarketplace: executing task '99' (transaction ID: 1886)
[DW] bdMarketplace: executing task '99' (transaction ID: 1887)
[DW] bdMarketplace: executing task '99' (transaction ID: 1888)
[DW] bdMarketplace: executing task '99' (transaction ID: 1889)
[DW] bdMarketplace: executing task '99' (transaction ID: 1890)
[DW] bdMarketplace: executing task '99' (transaction ID: 1891)
[DW] bdMarketplace: executing task '99' (transaction ID: 1892)
[DW] bdMarketplace: executing task '99' (transaction ID: 1893)
[DW] bdMarketplace: executing task '99' (transaction ID: 1894)
[DW] bdMarketplace: executing task '99' (transaction ID: 1895)
[DW] bdMarketplace: executing task '99' (transaction ID: 1896)
[DW] bdMarketplace: executing task '99' (transaction ID: 1897)
[DW] bdMarketplace: executing task '99' (transaction ID: 1898)
[DW] bdMarketplace: executing task '99' (transaction ID: 1899)
[DW] bdMarketplace: executing task '99' (transaction ID: 1900)
[DW] bdMarketplace: executing task '99' (transaction ID: 1901)
[DW] bdMarketplace: executing task '99' (transaction ID: 1902)
[DW] bdMarketplace: executing task '99' (transaction ID: 1903)
[DW] bdMarketplace: executing task '99' (transaction ID: 1904)
[DW] bdMarketplace: executing task '99' (transaction ID: 1905)
[DW] bdMarketplace: executing task '99' (transaction ID: 1906)
[DW] bdMarketplace: executing task '99' (transaction ID: 1907)
[DW] bdMarketplace: executing task '99' (transaction ID: 1908)
[DW] bdMarketplace: executing task '99' (transaction ID: 1909)
[DW] bdMarketplace: executing task '99' (transaction ID: 1910)
[DW] bdMarketplace: executing task '99' (transaction ID: 1911)
[DW] bdMarketplace: executing task '99' (transaction ID: 1912)
[DW] bdMarketplace: executing task '99' (transaction ID: 1913)
[DW] bdMarketplace: executing task '99' (transaction ID: 1914)
[DW] bdMarketplace: executing task '99' (transaction ID: 1915)
[DW] bdMarketplace: executing task '99' (transaction ID: 1916)
[DW] bdMarketplace: executing task '99' (transaction ID: 1917)
[DW] bdMarketplace: executing task '99' (transaction ID: 1918)
[DW] bdMarketplace: executing task '99' (transaction ID: 1919)
[DW] bdMarketplace: executing task '99' (transaction ID: 1920)
[DW] bdMarketplace: executing task '99' (transaction ID: 1921)
[DW] bdMarketplace: executing task '99' (transaction ID: 1922)
[DW] bdMarketplace: executing task '99' (transaction ID: 1923)
[DW] bdMarketplace: executing task '99' (transaction ID: 1924)
[DW] bdMarketplace: executing task '99' (transaction ID: 1925)
[DW] bdMarketplace: executing task '99' (transaction ID: 1926)
[DW] bdMarketplace: executing task '99' (transaction ID: 1927)
[DW] bdMarketplace: executing task '99' (transaction ID: 1928)
[DW] bdMarketplace: executing task '99' (transaction ID: 1929)
[DW] bdMarketplace: executing task '99' (transaction ID: 1930)
[DW] bdMarketplace: executing task '99' (transaction ID: 1931)
[DW] bdMarketplace: executing task '99' (transaction ID: 1932)
[DW] bdMarketplace: executing task '99' (transaction ID: 1933)
[DW] bdMarketplace: executing task '99' (transaction ID: 1934)
[DW] bdMarketplace: executing task '99' (transaction ID: 1935)
[DW] bdMarketplace: executing task '99' (transaction ID: 1936)
[DW] bdMarketplace: executing task '99' (transaction ID: 1937)
[DW] bdMarketplace: executing task '99' (transaction ID: 1938)
[DW] bdMarketplace: executing task '99' (transaction ID: 1939)
[DW] bdMarketplace: executing task '99' (transaction ID: 1940)
[DW] bdMarketplace: executing task '99' (transaction ID: 1941)
[DW] bdMarketplace: executing task '99' (transaction ID: 1942)
[DW] bdMarketplace: executing task '99' (transaction ID: 1943)
[DW] bdMarketplace: executing task '99' (transaction ID: 1944)
[DW] bdMarketplace: executing task '99' (transaction ID: 1945)
[DW] bdMarketplace: executing task '99' (transaction ID: 1946)
[DW] bdMarketplace: executing task '99' (transaction ID: 1947)
[DW] bdMarketplace: executing task '99' (transaction ID: 1948)
[DW] bdMarketplace: executing task '99' (transaction ID: 1949)
[DW] bdMarketplace: executing task '99' (transaction ID: 1950)
[DW] bdMarketplace: executing task '99' (transaction ID: 1951)
[DW] bdMarketplace: executing task '99' (transaction ID: 1952)
[DW] bdMarketplace: executing task '99' (transaction ID: 1953)
[DW] bdMarketplace: executing task '99' (transaction ID: 1954)
[DW] bdMarketplace: executing task '99' (transaction ID: 1955)
[DW] bdMarketplace: executing task '99' (transaction ID: 1956)
[DW] bdMarketplace: executing task '99' (transaction ID: 1957)
[DW] bdMarketplace: executing task '99' (transaction ID: 1958)
[DW] bdMarketplace: executing task '99' (transaction ID: 1959)
[DW] bdMarketplace: executing task '99' (transaction ID: 1960)
[DW] bdMarketplace: executing task '99' (transaction ID: 1961)
[DW] bdMarketplace: executing task '99' (transaction ID: 1962)
[DW] bdMarketplace: executing task '99' (transaction ID: 1963)
[DW] bdMarketplace: executing task '99' (transaction ID: 1964)
[DW] bdMarketplace: executing task '99' (transaction ID: 1965)
[DW] bdMarketplace: executing task '99' (transaction ID: 1966)
[DW] bdMarketplace: executing task '99' (transaction ID: 1967)
[DW] bdMarketplace: executing task '99' (transaction ID: 1968)
[DW] bdMarketplace: executing task '99' (transaction ID: 1969)
[DW] bdMarketplace: executing task '99' (transaction ID: 1970)
[DW] bdMarketplace: executing task '99' (transaction ID: 1971)
[DW] bdMarketplace: executing task '99' (transaction ID: 1972)
[DW] bdMarketplace: executing task '99' (transaction ID: 1973)
[DW] bdMarketplace: executing task '99' (transaction ID: 1974)
[DW] bdMarketplace: executing task '99' (transaction ID: 1975)
[DW] bdMarketplace: executing task '99' (transaction ID: 1976)
[DW] bdMarketplace: executing task '99' (transaction ID: 1977)
[DW] bdMarketplace: executing task '99' (transaction ID: 1978)
[DW] bdMarketplace: executing task '99' (transaction ID: 1979)
[DW] bdMarketplace: executing task '99' (transaction ID: 1980)
[DW] bdMarketplace: executing task '99' (transaction ID: 1981)
[DW] bdMarketplace: executing task '99' (transaction ID: 1982)
[DW] bdMarketplace: executing task '99' (transaction ID: 1983)
[DW] bdMarketplace: executing task '99' (transaction ID: 1984)
[DW] bdMarketplace: executing task '99' (transaction ID: 1985)
[DW] bdMarketplace: executing task '99' (transaction ID: 1986)
[DW] bdMarketplace: executing task '99' (transaction ID: 1987)
[DW] bdMarketplace: executing task '99' (transaction ID: 1988)
[DW] bdMarketplace: executing task '99' (transaction ID: 1989)
[DW] bdMarketplace: executing task '99' (transaction ID: 1990)
[DW] bdMarketplace: executing task '99' (transaction ID: 1991)
[DW] bdMarketplace: executing task '99' (transaction ID: 1992)
[DW] bdMarketplace: executing task '99' (transaction ID: 1993)
[DW] bdMarketplace: executing task '99' (transaction ID: 1994)
[DW] bdMarketplace: executing task '99' (transaction ID: 1995)
[DW] bdMarketplace: executing task '99' (transaction ID: 1996)
[DW] bdMarketplace: executing task '99' (transaction ID: 1997)
[DW] bdMarketplace: executing task '99' (transaction ID: 1998)
[DW] bdMarketplace: executing task '99' (transaction ID: 1999)
[DW] bdMarketplace: executing task '99' (transaction ID: 2000)
[DW] bdMarketplace: executing task '99' (transaction ID: 2001)
[DW] bdMarketplace: executing task '99' (transaction ID: 2002)
[DW] bdMarketplace: executing task '99' (transaction ID: 2003)
[DW] bdMarketplace: executing task '99' (transaction ID: 2004)
[DW] bdMarketplace: executing task '99' (transaction ID: 2005)
[DW] bdMarketplace: executing task '99' (transaction ID: 2006)
[DW] bdMarketplace: executing task '99' (transaction ID: 2007)
[DW] bdMarketplace: executing task '99' (transaction ID: 2008)
[DW] bdMarketplace: executing task '99' (transaction ID: 2009)
[DW] bdMarketplace: executing task '99' (transaction ID: 2010)
[DW] bdMarketplace: executing task '99' (transaction ID: 2011)
[DW] bdMarketplace: executing task '99' (transaction ID: 2012)
[DW] bdMarketplace: executing task '99' (transaction ID: 2013)
[DW] bdMarketplace: executing task '99' (transaction ID: 2014)
[DW] bdMarketplace: executing task '99' (transaction ID: 2015)
[DW] bdMarketplace: executing task '99' (transaction ID: 2016)
[DW] bdMarketplace: executing task '99' (transaction ID: 2017)
[DW] bdMarketplace: executing task '99' (transaction ID: 2018)
[DW] bdMarketplace: executing task '99' (transaction ID: 2019)
[DW] bdMarketplace: executing task '99' (transaction ID: 2020)
[DW] bdMarketplace: executing task '99' (transaction ID: 2021)
[DW] bdMarketplace: executing task '99' (transaction ID: 2022)
[DW] bdMarketplace: executing task '99' (transaction ID: 2023)
[DW] bdMarketplace: executing task '99' (transaction ID: 2024)
[DW] bdMarketplace: executing task '99' (transaction ID: 2025)
[DW] bdMarketplace: executing task '99' (transaction ID: 2026)
[DW] bdMarketplace: executing task '99' (transaction ID: 2027)
[DW] bdMarketplace: executing task '99' (transaction ID: 2028)
[DW] bdMarketplace: executing task '99' (transaction ID: 2029)
[DW] bdMarketplace: executing task '99' (transaction ID: 2030)
[DW] bdMarketplace: executing task '99' (transaction ID: 2031)
[DW] bdMarketplace: executing task '99' (transaction ID: 2032)
[DW] bdMarketplace: executing task '99' (transaction ID: 2033)
[DW] bdMarketplace: executing task '99' (transaction ID: 2034)
[DW] bdMarketplace: executing task '99' (transaction ID: 2035)
[DW] bdMarketplace: executing task '99' (transaction ID: 2036)
[DW] bdMarketplace: executing task '99' (transaction ID: 2037)
[DW] bdMarketplace: executing task '99' (transaction ID: 2038)
[DW] bdMarketplace: executing task '99' (transaction ID: 2039)
[DW] bdMarketplace: executing task '99' (transaction ID: 2040)
[DW] bdMarketplace: executing task '99' (transaction ID: 2041)
[DW] bdMarketplace: executing task '99' (transaction ID: 2042)
[DW] bdMarketplace: executing task '99' (transaction ID: 2043)
[DW] bdMarketplace: executing task '99' (transaction ID: 2044)
[DW] bdMarketplace: executing task '99' (transaction ID: 2045)
[DW] bdMarketplace: executing task '99' (transaction ID: 2046)
[DW] bdMarketplace: executing task '99' (transaction ID: 2047)
[DW] bdMarketplace: executing task '99' (transaction ID: 2048)
[DW] bdMarketplace: executing task '99' (transaction ID: 2049)
[DW] bdMarketplace: executing task '99' (transaction ID: 2050)
[DW] bdMarketplace: executing task '99' (transaction ID: 2051)
[DW] bdMarketplace: executing task '99' (transaction ID: 2052)
[DW] bdMarketplace: executing task '99' (transaction ID: 2053)
[DW] bdMarketplace: executing task '99' (transaction ID: 2054)
[DW] bdMarketplace: executing task '99' (transaction ID: 2055)
[DW] bdMarketplace: executing task '99' (transaction ID: 2056)
[DW] bdMarketplace: executing task '99' (transaction ID: 2057)
[DW] bdMarketplace: executing task '99' (transaction ID: 2058)
[DW] bdMarketplace: executing task '99' (transaction ID: 2059)
[DW] bdMarketplace: executing task '99' (transaction ID: 2060)
[DW] bdMarketplace: executing task '99' (transaction ID: 2061)
[DW] bdMarketplace: executing task '99' (transaction ID: 2062)
[DW] bdMarketplace: executing task '99' (transaction ID: 2063)
[DW] bdMarketplace: executing task '99' (transaction ID: 2064)
[DW] bdMarketplace: executing task '99' (transaction ID: 2065)
[DW] bdMarketplace: executing task '99' (transaction ID: 2066)
[DW] bdMarketplace: executing task '99' (transaction ID: 2067)
[DW] bdMarketplace: executing task '99' (transaction ID: 2068)
[DW] bdMarketplace: executing task '99' (transaction ID: 2069)
[DW] bdMarketplace: executing task '99' (transaction ID: 2070)
[DW] bdMarketplace: executing task '99' (transaction ID: 2071)
[DW] bdMarketplace: executing task '99' (transaction ID: 2072)
[DW] bdMarketplace: executing task '99' (transaction ID: 2073)
[DW] bdMarketplace: executing task '99' (transaction ID: 2074)
[DW] bdMarketplace: executing task '99' (transaction ID: 2075)
[DW] bdMarketplace: executing task '99' (transaction ID: 2076)
[DW] bdMarketplace: executing task '99' (transaction ID: 2077)
[DW] bdMarketplace: executing task '99' (transaction ID: 2078)
[DW] bdMarketplace: executing task '99' (transaction ID: 2079)
[DW] bdMarketplace: executing task '99' (transaction ID: 2080)
[DW] bdMarketplace: executing task '99' (transaction ID: 2081)
[DW] bdMarketplace: executing task '99' (transaction ID: 2082)
[DW] bdMarketplace: executing task '99' (transaction ID: 2083)
[DW] bdMarketplace: executing task '99' (transaction ID: 2084)
[DW] bdMarketplace: executing task '99' (transaction ID: 2085)
[DW] bdMarketplace: executing task '99' (transaction ID: 2086)
[DW] bdMarketplace: executing task '99' (transaction ID: 2087)
[DW] bdMarketplace: executing task '99' (transaction ID: 2088)
[DW] bdMarketplace: executing task '99' (transaction ID: 2089)
[DW] bdMarketplace: executing task '99' (transaction ID: 2090)
[DW] bdMarketplace: executing task '99' (transaction ID: 2091)
[DW] bdMarketplace: executing task '99' (transaction ID: 2092)
[DW] bdMarketplace: executing task '99' (transaction ID: 2093)
[DW] bdMarketplace: executing task '99' (transaction ID: 2094)
[DW] bdMarketplace: executing task '99' (transaction ID: 2095)
[DW] bdMarketplace: executing task '99' (transaction ID: 2096)
[DW] bdMarketplace: executing task '99' (transaction ID: 2097)
[DW] bdMarketplace: executing task '99' (transaction ID: 2098)
[DW] bdMarketplace: executing task '99' (transaction ID: 2099)
[DW] bdMarketplace: executing task '99' (transaction ID: 2100)
[DW] bdMarketplace: executing task '99' (transaction ID: 2101)
[DW] bdMarketplace: executing task '99' (transaction ID: 2102)
[DW] bdMarketplace: executing task '99' (transaction ID: 2103)
[DW] bdMarketplace: executing task '99' (transaction ID: 2104)
[DW] bdMarketplace: executing task '99' (transaction ID: 2105)
[DW] bdMarketplace: executing task '99' (transaction ID: 2106)
[DW] bdMarketplace: executing task '99' (transaction ID: 2107)
[DW] bdMarketplace: executing task '99' (transaction ID: 2108)
[DW] bdMarketplace: executing task '99' (transaction ID: 2109)
[DW] bdMarketplace: executing task '99' (transaction ID: 2110)
[DW] bdMarketplace: executing task '99' (transaction ID: 2111)
[DW] bdMarketplace: executing task '99' (transaction ID: 2112)
[DW] bdMarketplace: executing task '99' (transaction ID: 2113)
[DW] bdMarketplace: executing task '99' (transaction ID: 2114)
[DW] bdMarketplace: executing task '99' (transaction ID: 2115)
[DW] bdMarketplace: executing task '99' (transaction ID: 2116)
[DW] bdMarketplace: executing task '99' (transaction ID: 2117)
[DW] bdMarketplace: executing task '99' (transaction ID: 2118)
[DW] bdMarketplace: executing task '99' (transaction ID: 2119)
[DW] bdMarketplace: executing task '99' (transaction ID: 2120)
[DW] bdMarketplace: executing task '99' (transaction ID: 2121)
[DW] bdMarketplace: executing task '99' (transaction ID: 2122)
[DW] bdMarketplace: executing task '99' (transaction ID: 2123)
[DW] bdMarketplace: executing task '99' (transaction ID: 2124)
[DW] bdMarketplace: executing task '99' (transaction ID: 2125)
[DW] bdMarketplace: executing task '99' (transaction ID: 2126)
[DW] bdMarketplace: executing task '99' (transaction ID: 2127)
[DW] bdMarketplace: executing task '99' (transaction ID: 2128)
[DW] bdMarketplace: executing task '99' (transaction ID: 2129)
[DW] bdMarketplace: executing task '99' (transaction ID: 2130)
[DW] bdMarketplace: executing task '99' (transaction ID: 2131)
[DW] bdMarketplace: executing task '99' (transaction ID: 2132)
[DW] bdMarketplace: executing task '99' (transaction ID: 2133)
[DW] bdMarketplace: executing task '99' (transaction ID: 2134)
[DW] bdMarketplace: executing task '99' (transaction ID: 2135)
[DW] bdMarketplace: executing task '99' (transaction ID: 2136)
[DW] bdMarketplace: executing task '99' (transaction ID: 2137)
[DW] bdMarketplace: executing task '99' (transaction ID: 2138)
[DW] bdMarketplace: executing task '99' (transaction ID: 2139)
[DW] bdMarketplace: executing task '99' (transaction ID: 2140)
[DW] bdMarketplace: executing task '99' (transaction ID: 2141)
[DW] bdMarketplace: executing task '99' (transaction ID: 2142)
[DW] bdMarketplace: executing task '99' (transaction ID: 2143)
[DW] bdMarketplace: executing task '99' (transaction ID: 2144)
[DW] bdMarketplace: executing task '99' (transaction ID: 2145)
[DW] bdMarketplace: executing task '99' (transaction ID: 2146)
[DW] bdMarketplace: executing task '99' (transaction ID: 2147)
[DW] bdMarketplace: executing task '99' (transaction ID: 2148)
[DW] bdMarketplace: executing task '99' (transaction ID: 2149)
[DW] bdMarketplace: executing task '99' (transaction ID: 2150)
[DW] bdMarketplace: executing task '99' (transaction ID: 2151)
[DW] bdMarketplace: executing task '99' (transaction ID: 2152)
[DW] bdMarketplace: executing task '99' (transaction ID: 2153)
[DW] bdMarketplace: executing task '99' (transaction ID: 2154)
[DW] bdMarketplace: executing task '99' (transaction ID: 2155)
[DW] bdMarketplace: executing task '99' (transaction ID: 2156)
[HQ mail] read controller=0 category=1 index=0 mapped=0 count=14 inRange=1; local inbox has no claimable messages
[HQ mail] read controller=0 category=1 index=0 mapped=0 count=14 inRange=1; local inbox has no claimable messages
[HQ mail] read controller=0 category=1 index=0 mapped=0 count=14 inRange=1; local inbox has no claimable messages
[DW] bdMarketplace: executing task '99' (transaction ID: 2157)
[DW] bdMarketplace: executing task '99' (transaction ID: 2158)
[DW] bdMarketplace: executing task '99' (transaction ID: 2159)
[DW] bdMarketplace: executing task '99' (transaction ID: 2160)
[DW] bdMarketplace: executing task '99' (transaction ID: 2161)
[DW] bdMarketplace: executing task '99' (transaction ID: 2162)
[DW] bdMarketplace: executing task '99' (transaction ID: 2163)
[DW] bdMarketplace: executing task '99' (transaction ID: 2164)
[DW] bdMarketplace: executing task '99' (transaction ID: 2165)
[DW] bdMarketplace: executing task '99' (transaction ID: 2166)
[DW] bdMarketplace: executing task '99' (transaction ID: 2167)
[DW] bdMarketplace: executing task '99' (transaction ID: 2168)
[DW] bdMarketplace: missing task '50'
[DW-trace] bdMarketplace::50 request: 72 bytes | 10 73 32 5F 73 74 65 61 6D 00 08 09 00 00 00 08 3E 00 40 00 08 4F 00 40 00 08 60 00 40 00 08 EC 00 40 00 08 DE 01 40 02 08 60 04 40 02 08 15 00
[DW-trace] wrote s2x/dump/dw/bdMarketplace_50_001.bin
[DW] bdMarketplace: executing task '99' (transaction ID: 2170)
[DW] bdMarketplace: executing task '99' (transaction ID: 2171)
[HQ protocol] inventory_native_refresh: 12 raw bytes at s2x/dump/dw/hq_inventory_native_refresh_25248_83.bin
[HQ protocol] inventory_native_refresh: 12 raw bytes at s2x/dump/dw/hq_inventory_native_refresh_25248_84.bin
[HQ protocol] inventory_native_refresh: 12 raw bytes at s2x/dump/dw/hq_inventory_native_refresh_25248_85.bin
[HQ protocol] inventory_native_refresh: 12 raw bytes at s2x/dump/dw/hq_inventory_native_refresh_25248_86.bin
[HQ protocol] inventory_native_refresh: 13 raw bytes at s2x/dump/dw/hq_inventory_native_refresh_25248_87.bin
[HQ protocol] inventory_native_refresh: 13 raw bytes at s2x/dump/dw/hq_inventory_native_refresh_25248_88.bin
[HQ protocol] inventory_native_refresh: 14 raw bytes at s2x/dump/dw/hq_inventory_native_refresh_25248_89.bin
[HQ protocol] inventory_native_refresh: 14 raw bytes at s2x/dump/dw/hq_inventory_native_refresh_25248_90.bin
[HQ protocol] inventory_native_refresh: 14 raw bytes at s2x/dump/dw/hq_inventory_native_refresh_25248_91.bin
[DW] bdMarketplace: executing task '99' (transaction ID: 2172)
[DW] bdMarketplace: executing task '99' (transaction ID: 2173)
[DW] bdStorage: executing task '24' (transaction ID: 2174)
[DW]: [bdStorage]: set user file: leaderboarddata
[DW] bdMarketplace: executing task '99' (transaction ID: 2175)
[DW] bdMarketplace: executing task '99' (transaction ID: 2176)
[DW] bdMarketplace: executing task '99' (transaction ID: 2177)
[DW] bdMarketplace: executing task '99' (transaction ID: 2178)
[DW] bdMarketplace: executing task '99' (transaction ID: 2179)
[DW] bdMarketplace: executing task '99' (transaction ID: 2180)
[DW] bdMarketplace: executing task '99' (transaction ID: 2181)
[DW] bdMarketplace: executing task '99' (transaction ID: 2182)
[DW] bdMarketplace: executing task '99' (transaction ID: 2183)
[DW] bdMarketplace: executing task '99' (transaction ID: 2184)
[DW] bdMarketplace: executing task '99' (transaction ID: 2185)
[DW] bdMarketplace: executing task '99' (transaction ID: 2186)
[DW] bdMarketplace: executing task '99' (transaction ID: 2187)
[DW] bdMarketplace: executing task '99' (transaction ID: 2188)
[DW] bdMarketplace: executing task '99' (transaction ID: 2189)
[DW] bdMarketplace: executing task '99' (transaction ID: 2190)
[DW] bdMarketplace: executing task '99' (transaction ID: 2191)
[DW] bdMarketplace: executing task '99' (transaction ID: 2192)
[DW] bdMarketplace: executing task '99' (transaction ID: 2193)
[DW] bdMarketplace: executing task '99' (transaction ID: 2194)
[DW] bdMarketplace: executing task '99' (transaction ID: 2195)
[DW] bdMarketplace: executing task '99' (transaction ID: 2196)
[DW] bdMarketplace: executing task '99' (transaction ID: 2197)
[DW] bdMarketplace: executing task '99' (transaction ID: 2198)
[DW] bdMarketplace: executing task '99' (transaction ID: 2199)
[DW] bdMarketplace: executing task '99' (transaction ID: 2200)
[DW] bdMarketplace: executing task '99' (transaction ID: 2201)
[DW] bdMarketplace: executing task '99' (transaction ID: 2202)
[DW] bdMarketplace: executing task '99' (transaction ID: 2203)
[DW] bdMarketplace: executing task '99' (transaction ID: 2204)
[DW] bdMarketplace: executing task '99' (transaction ID: 2205)
[DW] bdMarketplace: executing task '99' (transaction ID: 2206)
[DW] bdMarketplace: executing task '99' (transaction ID: 2207)
[DW] bdMarketplace: executing task '99' (transaction ID: 2208)
[DW] bdMarketplace: executing task '99' (transaction ID: 2209)
[DW] bdMarketplace: executing task '99' (transaction ID: 2210)
[DW] bdMarketplace: executing task '99' (transaction ID: 2211)
[DW] bdMarketplace: executing task '99' (transaction ID: 2212)
[DW] bdMarketplace: executing task '99' (transaction ID: 2213)
[DW] bdMarketplace: executing task '99' (transaction ID: 2214)
[DW] bdMarketplace: executing task '99' (transaction ID: 2215)
[DW] bdMarketplace: executing task '99' (transaction ID: 2216)
[DW] bdMarketplace: executing task '99' (transaction ID: 2217)
[DW] bdMarketplace: executing task '99' (transaction ID: 2218)
[DW] bdMarketplace: executing task '99' (transaction ID: 2219)
[DW] bdMarketplace: executing task '99' (transaction ID: 2220)
[DW] bdMarketplace: executing task '99' (transaction ID: 2221)
[DW] bdMarketplace: executing task '99' (transaction ID: 2222)
[DW] bdMarketplace: executing task '99' (transaction ID: 2223)
[DW] bdMarketplace: executing task '99' (transaction ID: 2224)
[DW] bdMarketplace: executing task '99' (transaction ID: 2225)
[DW] bdMarketplace: executing task '99' (transaction ID: 2226)
[DW] bdMarketplace: executing task '99' (transaction ID: 2227)
[DW] bdMarketplace: executing task '99' (transaction ID: 2228)
[DW] bdMarketplace: executing task '99' (transaction ID: 2229)
[DW] bdMarketplace: executing task '99' (transaction ID: 2230)
[DW] bdMarketplace: executing task '99' (transaction ID: 2231)
[DW] bdMarketplace: executing task '99' (transaction ID: 2232)
[DW] bdMarketplace: executing task '99' (transaction ID: 2233)
[DW] bdMarketplace: executing task '99' (transaction ID: 2234)
[DW] bdMarketplace: executing task '99' (transaction ID: 2235)
[DW] bdMarketplace: executing task '99' (transaction ID: 2236)
[DW] bdMarketplace: executing task '99' (transaction ID: 2237)
[DW] bdMarketplace: executing task '99' (transaction ID: 2238)
[DW] bdMarketplace: executing task '99' (transaction ID: 2239)
[DW] bdMarketplace: executing task '99' (transaction ID: 2240)
[DW] bdMarketplace: executing task '99' (transaction ID: 2241)
[DW] bdMarketplace: executing task '99' (transaction ID: 2242)
[DW] bdMarketplace: executing task '99' (transaction ID: 2243)
[DW] bdMarketplace: executing task '99' (transaction ID: 2244)
[DW] bdMarketplace: executing task '99' (transaction ID: 2245)
[DW] bdMarketplace: executing task '99' (transaction ID: 2246)
[DW] bdMarketplace: executing task '99' (transaction ID: 2247)
[DW] bdMarketplace: executing task '99' (transaction ID: 2248)
[DW] bdMarketplace: executing task '99' (transaction ID: 2249)
[DW] bdMarketplace: executing task '99' (transaction ID: 2250)
[DW] bdMarketplace: executing task '99' (transaction ID: 2251)
[DW] bdMarketplace: executing task '99' (transaction ID: 2252)
[DW] bdMarketplace: executing task '99' (transaction ID: 2253)
[DW] bdMarketplace: executing task '99' (transaction ID: 2254)
[DW] bdMarketplace: executing task '99' (transaction ID: 2255)
[DW] bdMarketplace: executing task '99' (transaction ID: 2256)
[DW] bdReward: executing task '12' (transaction ID: 2257)
[HQ protocol] reward_12: 136 raw bytes at s2x/dump/dw/hq_reward_12_25248_92.bin
[HQ event] picked_up_payroll (picked_up_payroll), timestamp 1789272049000000, 2 parameters
  1=1
  2=0
[HQ event] picked_up_payroll (picked_up_payroll), timestamp 1789272064000000, 2 parameters
  1=1
  2=0
[DW] bdMarketplace: executing task '99' (transaction ID: 2258)
[DW] bdMarketplace: executing task '99' (transaction ID: 2259)
[DW] bdMarketplace: executing task '99' (transaction ID: 2260)
[DW] bdMarketplace: executing task '99' (transaction ID: 2261)
[DW] bdMarketplace: executing task '99' (transaction ID: 2262)
[DW] bdMarketplace: executing task '99' (transaction ID: 2263)
[DW] bdMarketplace: executing task '99' (transaction ID: 2264)
[DW] bdMarketplace: executing task '99' (transaction ID: 2265)
[DW] bdMarketplace: executing task '99' (transaction ID: 2266)
[DW] bdMarketplace: executing task '99' (transaction ID: 2267)
[DW] bdMarketplace: executing task '99' (transaction ID: 2268)
[DW] bdMarketplace: executing task '99' (transaction ID: 2269)
[DW] bdMarketplace: executing task '99' (transaction ID: 2270)
[DW] bdMarketplace: executing task '99' (transaction ID: 2271)
[DW] bdMarketplace: executing task '99' (transaction ID: 2272)
[DW] bdMarketplace: executing task '99' (transaction ID: 2273)
[DW] bdMarketplace: executing task '99' (transaction ID: 2274)
[DW] bdMarketplace: executing task '99' (transaction ID: 2275)
[DW] bdMarketplace: executing task '99' (transaction ID: 2276)
[DW] bdMarketplace: executing task '99' (transaction ID: 2277)
[DW] bdMarketplace: executing task '99' (transaction ID: 2278)
[DW] bdMarketplace: executing task '99' (transaction ID: 2279)
[DW] bdMarketplace: executing task '99' (transaction ID: 2280)
[DW] bdMarketplace: executing task '99' (transaction ID: 2281)
[DW] bdMarketplace: executing task '99' (transaction ID: 2282)
[DW] bdMarketplace: executing task '99' (transaction ID: 2283)
[DW] bdMarketplace: executing task '99' (transaction ID: 2284)
[DW] bdMarketplace: executing task '99' (transaction ID: 2285)
[DW] bdMarketplace: executing task '99' (transaction ID: 2286)
[DW] bdMarketplace: executing task '99' (transaction ID: 2287)
[DW] bdMarketplace: executing task '99' (transaction ID: 2288)
[DW] bdMarketplace: executing task '99' (transaction ID: 2289)
[DW] bdMarketplace: executing task '99' (transaction ID: 2290)
[DW] bdMarketplace: executing task '99' (transaction ID: 2291)
[DW] bdMarketplace: executing task '99' (transaction ID: 2292)
[DW] bdMarketplace: executing task '99' (transaction ID: 2293)
[DW] bdMarketplace: executing task '99' (transaction ID: 2294)
[DW] bdMarketplace: executing task '99' (transaction ID: 2295)
[DW] bdMarketplace: executing task '99' (transaction ID: 2296)
[DW] bdMarketplace: executing task '99' (transaction ID: 2297)
[DW] bdMarketplace: executing task '99' (transaction ID: 2298)
[DW] bdMarketplace: executing task '99' (transaction ID: 2299)
[DW] bdMarketplace: executing task '99' (transaction ID: 2300)
[DW] bdMarketplace: executing task '99' (transaction ID: 2301)
[DW] bdMarketplace: executing task '99' (transaction ID: 2302)
[DW] bdMarketplace: executing task '99' (transaction ID: 2303)
[DW] bdMarketplace: executing task '99' (transaction ID: 2304)
[DW] bdMarketplace: executing task '99' (transaction ID: 2305)
[DW] bdMarketplace: executing task '99' (transaction ID: 2306)
[DW] bdMarketplace: executing task '99' (transaction ID: 2307)
[DW] bdMarketplace: executing task '99' (transaction ID: 2308)
[DW] bdMarketplace: executing task '99' (transaction ID: 2309)
[DW] bdMarketplace: executing task '99' (transaction ID: 2310)
[DW] bdMarketplace: executing task '99' (transaction ID: 2311)
[DW] bdMarketplace: executing task '99' (transaction ID: 2312)
[DW] bdMarketplace: executing task '99' (transaction ID: 2313)
[DW] bdMarketplace: executing task '99' (transaction ID: 2314)
[DW] bdMarketplace: executing task '99' (transaction ID: 2315)
[DW] bdMarketplace: executing task '99' (transaction ID: 2316)
[DW] bdMarketplace: executing task '99' (transaction ID: 2317)
[DW] bdMarketplace: executing task '99' (transaction ID: 2318)
[DW] bdMarketplace: executing task '99' (transaction ID: 2319)
[DW] bdMarketplace: executing task '99' (transaction ID: 2320)
[DW] bdMarketplace: executing task '99' (transaction ID: 2321)
[DW] bdMarketplace: executing task '99' (transaction ID: 2322)
[DW] bdMarketplace: executing task '99' (transaction ID: 2323)
[DW] bdMarketplace: executing task '99' (transaction ID: 2324)
[DW] bdMarketplace: executing task '99' (transaction ID: 2325)
[DW] bdMarketplace: executing task '99' (transaction ID: 2326)
[DW] bdMarketplace: executing task '99' (transaction ID: 2327)
[DW] bdMarketplace: executing task '99' (transaction ID: 2328)
[DW] bdMarketplace: executing task '99' (transaction ID: 2329)
[DW] bdMarketplace: executing task '99' (transaction ID: 2330)
[DW] bdMarketplace: executing task '99' (transaction ID: 2331)
[DW] bdMarketplace: executing task '99' (transaction ID: 2332)
[DW] bdMarketplace: executing task '99' (transaction ID: 2333)
[DW] bdMarketplace: executing task '99' (transaction ID: 2334)
[DW] bdRichPresence: executing task '2' (transaction ID: 2335)
[DW] bdMarketplace: executing task '99' (transaction ID: 2336)
[DW] bdMarketplace: executing task '99' (transaction ID: 2337)
[DW] bdMarketplace: executing task '99' (transaction ID: 2338)
[DW] bdMarketplace: executing task '99' (transaction ID: 2339)
[DW] bdMarketplace: executing task '99' (transaction ID: 2340)
[DW] bdMarketplace: executing task '99' (transaction ID: 2341)
[DW] bdMarketplace: executing task '99' (transaction ID: 2342)
[DW] bdMarketplace: executing task '99' (transaction ID: 2343)
[DW] bdMarketplace: executing task '99' (transaction ID: 2344)
[DW] bdMarketplace: executing task '99' (transaction ID: 2345)
[DW] bdMarketplace: executing task '99' (transaction ID: 2346)
[DW] bdMarketplace: executing task '99' (transaction ID: 2347)
[DW] bdMarketplace: executing task '99' (transaction ID: 2348)
[DW] bdMarketplace: executing task '99' (transaction ID: 2349)
[DW] bdMarketplace: executing task '99' (transaction ID: 2350)
[DW] bdMarketplace: executing task '99' (transaction ID: 2351)
[DW] bdMarketplace: executing task '99' (transaction ID: 2352)
[DW] bdMarketplace: executing task '99' (transaction ID: 2353)
[DW] bdMarketplace: executing task '99' (transaction ID: 2354)
[DW] bdMarketplace: executing task '99' (transaction ID: 2355)
[DW] bdMarketplace: executing task '99' (transaction ID: 2356)
[DW] bdMarketplace: executing task '99' (transaction ID: 2357)
[DW] bdMarketplace: executing task '99' (transaction ID: 2358)
[DW] bdMarketplace: executing task '99' (transaction ID: 2359)
[DW] bdMarketplace: executing task '99' (transaction ID: 2360)
[DW] bdMarketplace: executing task '99' (transaction ID: 2361)
[DW] bdMarketplace: executing task '99' (transaction ID: 2362)
[DW] bdMarketplace: executing task '99' (transaction ID: 2363)
[DW] bdMarketplace: executing task '99' (transaction ID: 2364)
[DW] bdMarketplace: executing task '99' (transaction ID: 2365)
[DW] bdMarketplace: executing task '99' (transaction ID: 2366)
[DW] bdMarketplace: executing task '99' (transaction ID: 2367)
[DW] bdMarketplace: executing task '99' (transaction ID: 2368)
[DW] bdMarketplace: executing task '99' (transaction ID: 2369)
[DW] bdMarketplace: executing task '99' (transaction ID: 2370)
[DW] bdMarketplace: executing task '99' (transaction ID: 2371)
[DW] bdMarketplace: executing task '99' (transaction ID: 2372)
[DW] bdMarketplace: executing task '99' (transaction ID: 2373)
[DW] bdMarketplace: executing task '99' (transaction ID: 2374)
[DW] bdReward: executing task '11' (transaction ID: 2375)
[HQ event] enter_hub (enter_hub), timestamp 1789272014000000, 1 parameters
  1=1
[DW] bdMarketplace: executing task '99' (transaction ID: 2376)
[DW] bdMarketplace: executing task '99' (transaction ID: 2377)
[DW] bdMarketplace: executing task '99' (transaction ID: 2378)
[DW] bdMarketplace: executing task '99' (transaction ID: 2379)
[DW] bdMarketplace: executing task '99' (transaction ID: 2380)
[DW] bdMarketplace: executing task '99' (transaction ID: 2381)
[DW] bdMarketplace: executing task '99' (transaction ID: 2382)
[DW] bdMarketplace: executing task '99' (transaction ID: 2383)
[DW] bdMarketplace: executing task '99' (transaction ID: 2384)
[DW] bdMarketplace: executing task '99' (transaction ID: 2385)
[DW] bdMarketplace: executing task '99' (transaction ID: 2386)
[DW] bdMarketplace: executing task '99' (transaction ID: 2387)
[DW] bdMarketplace: executing task '99' (transaction ID: 2388)
[DW] bdMarketplace: executing task '99' (transaction ID: 2389)
[DW] bdMarketplace: executing task '99' (transaction ID: 2390)
[DW] bdMarketplace: executing task '99' (transaction ID: 2391)
[DW] bdMarketplace: executing task '99' (transaction ID: 2392)
[DW] bdMarketplace: executing task '99' (transaction ID: 2393)
[DW] bdMarketplace: executing task '99' (transaction ID: 2394)
[DW] bdMarketplace: executing task '99' (transaction ID: 2395)
[DW] bdMarketplace: executing task '99' (transaction ID: 2396)
[DW] bdRichPresence: executing task '1' (transaction ID: 2397)
[DW] bdMarketplace: executing task '99' (transaction ID: 2398)
[DW] bdMarketplace: executing task '99' (transaction ID: 2399)
[DW] bdMarketplace: executing task '99' (transaction ID: 2400)
[DW] bdMarketplace: executing task '99' (transaction ID: 2401)
[DW] bdMarketplace: executing task '99' (transaction ID: 2402)
[DW] bdMarketplace: executing task '99' (transaction ID: 2403)
[DW] bdMarketplace: executing task '99' (transaction ID: 2404)
[DW] bdMarketplace: executing task '99' (transaction ID: 2405)
[DW] bdMarketplace: executing task '99' (transaction ID: 2406)
[DW] bdMarketplace: executing task '99' (transaction ID: 2407)
[DW] bdMarketplace: executing task '99' (transaction ID: 2408)
[DW] bdMarketplace: executing task '99' (transaction ID: 2409)
[DW] bdMarketplace: executing task '99' (transaction ID: 2410)
[DW] bdMarketplace: executing task '99' (transaction ID: 2411)
[DW] bdMarketplace: executing task '99' (transaction ID: 2412)
[DW] bdMarketplace: executing task '99' (transaction ID: 2413)
[DW] bdMarketplace: executing task '99' (transaction ID: 2414)
[DW] bdMarketplace: executing task '99' (transaction ID: 2415)
[DW] bdMarketplace: executing task '99' (transaction ID: 2416)
[DW] bdMarketplace: executing task '99' (transaction ID: 2417)
[DW] bdMarketplace: executing task '99' (transaction ID: 2418)
[DW] bdMarketplace: executing task '99' (transaction ID: 2419)
[DW] bdMarketplace: executing task '99' (transaction ID: 2420)
[DW] bdMarketplace: executing task '99' (transaction ID: 2421)
[DW] bdMarketplace: executing task '99' (transaction ID: 2422)
[DW] bdMarketplace: executing task '99' (transaction ID: 2423)
[DW] bdMarketplace: executing task '99' (transaction ID: 2424)
[DW] bdMarketplace: executing task '99' (transaction ID: 2425)
[DW] bdMarketplace: executing task '99' (transaction ID: 2426)
[DW] bdMarketplace: executing task '99' (transaction ID: 2427)
[DW] bdMarketplace: executing task '99' (transaction ID: 2428)
[DW] bdMarketplace: executing task '99' (transaction ID: 2429)
[DW] bdMarketplace: executing task '99' (transaction ID: 2430)
[DW] bdMarketplace: executing task '99' (transaction ID: 2431)
[DW] bdMarketplace: executing task '99' (transaction ID: 2432)
[DW] bdMarketplace: executing task '99' (transaction ID: 2433)
[DW] bdMarketplace: executing task '99' (transaction ID: 2434)
[DW] bdMarketplace: executing task '99' (transaction ID: 2435)
[DW] bdMarketplace: executing task '99' (transaction ID: 2436)
[DW] bdMarketplace: executing task '99' (transaction ID: 2437)
[DW] bdMarketplace: executing task '99' (transaction ID: 2438)
[DW] bdMarketplace: executing task '99' (transaction ID: 2439)
[DW] bdMarketplace: executing task '99' (transaction ID: 2440)
[DW] bdMarketplace: executing task '99' (transaction ID: 2441)
[DW] bdMarketplace: executing task '99' (transaction ID: 2442)
[DW] bdMarketplace: executing task '99' (transaction ID: 2443)
[DW] bdMarketplace: executing task '99' (transaction ID: 2444)
[DW] bdMarketplace: executing task '99' (transaction ID: 2445)
[DW] bdMarketplace: executing task '99' (transaction ID: 2446)
[DW] bdMarketplace: executing task '99' (transaction ID: 2447)
[DW] bdMarketplace: executing task '99' (transaction ID: 2448)
[DW] bdMarketplace: executing task '99' (transaction ID: 2449)
[DW] bdMarketplace: executing task '99' (transaction ID: 2450)
[DW] bdMarketplace: executing task '99' (transaction ID: 2451)
[DW] bdMarketplace: executing task '99' (transaction ID: 2452)
[DW] bdMarketplace: executing task '99' (transaction ID: 2453)
[DW] bdMarketplace: executing task '99' (transaction ID: 2454)
[DW] bdMarketplace: executing task '99' (transaction ID: 2455)
[DW] bdMarketplace: executing task '99' (transaction ID: 2456)
[DW] bdMarketplace: executing task '99' (transaction ID: 2457)
[DW] bdMarketplace: executing task '99' (transaction ID: 2458)
[DW] bdMarketplace: executing task '99' (transaction ID: 2459)
[DW] bdMarketplace: executing task '99' (transaction ID: 2460)
[DW] bdMarketplace: executing task '99' (transaction ID: 2461)
[DW] bdMarketplace: executing task '99' (transaction ID: 2462)
[DW] bdMarketplace: executing task '99' (transaction ID: 2463)
[DW] bdMarketplace: executing task '99' (transaction ID: 2464)
[DW] bdMarketplace: executing task '99' (transaction ID: 2465)
[DW] bdMarketplace: executing task '99' (transaction ID: 2466)
[DW] bdMarketplace: executing task '99' (transaction ID: 2467)
[DW] bdMarketplace: executing task '99' (transaction ID: 2468)
[DW] bdMarketplace: executing task '99' (transaction ID: 2469)
[DW] bdMarketplace: executing task '99' (transaction ID: 2470)
[DW] bdMarketplace: executing task '99' (transaction ID: 2471)
[DW] bdMarketplace: executing task '99' (transaction ID: 2472)
[DW] bdMarketplace: executing task '99' (transaction ID: 2473)
[DW] bdMarketplace: executing task '99' (transaction ID: 2474)
[DW] bdMarketplace: executing task '99' (transaction ID: 2475)
[DW] bdMarketplace: executing task '99' (transaction ID: 2476)
[DW] bdMarketplace: executing task '99' (transaction ID: 2477)
[DW] bdMarketplace: executing task '99' (transaction ID: 2478)
[DW] bdMarketplace: executing task '99' (transaction ID: 2479)
[DW] bdMarketplace: executing task '99' (transaction ID: 2480)
[DW] bdMarketplace: executing task '99' (transaction ID: 2481)
[DW] bdMarketplace: executing task '99' (transaction ID: 2482)
[DW] bdMarketplace: executing task '99' (transaction ID: 2483)
[DW] bdMarketplace: executing task '99' (transaction ID: 2484)
[DW] bdMarketplace: executing task '99' (transaction ID: 2485)
[DW] bdMarketplace: executing task '99' (transaction ID: 2486)
[DW] bdMarketplace: executing task '99' (transaction ID: 2487)
[DW] bdMarketplace: executing task '99' (transaction ID: 2488)
[DW] bdMarketplace: executing task '99' (transaction ID: 2489)
[DW] bdMarketplace: executing task '99' (transaction ID: 2490)
[DW] bdMarketplace: executing task '99' (transaction ID: 2491)
[DW] bdMarketplace: executing task '99' (transaction ID: 2492)
[DW] bdMarketplace: executing task '99' (transaction ID: 2493)
[DW] bdMarketplace: executing task '99' (transaction ID: 2494)
[DW] bdMarketplace: executing task '99' (transaction ID: 2495)
[DW] bdMarketplace: executing task '99' (transaction ID: 2496)
[DW] bdMarketplace: executing task '99' (transaction ID: 2497)
[DW] bdMarketplace: executing task '99' (transaction ID: 2498)
[DW] bdMarketplace: executing task '99' (transaction ID: 2499)
[DW] bdMarketplace: executing task '99' (transaction ID: 2500)
[DW] bdMarketplace: executing task '99' (transaction ID: 2501)
[DW] bdMarketplace: executing task '99' (transaction ID: 2502)
[DW] bdMarketplace: executing task '99' (transaction ID: 2503)
[DW] bdMarketplace: executing task '99' (transaction ID: 2504)
[DW] bdMarketplace: executing task '99' (transaction ID: 2505)
[DW] bdMarketplace: executing task '99' (transaction ID: 2506)
[DW] bdMarketplace: executing task '99' (transaction ID: 2507)
[DW] bdMarketplace: executing task '99' (transaction ID: 2508)
[DW] bdMarketplace: executing task '99' (transaction ID: 2509)
[DW] bdMarketplace: executing task '99' (transaction ID: 2510)
[DW] bdMarketplace: executing task '99' (transaction ID: 2511)
[DW] bdMarketplace: executing task '99' (transaction ID: 2512)
[DW] bdMarketplace: executing task '99' (transaction ID: 2513)
[DW] bdMarketplace: executing task '99' (transaction ID: 2514)
[DW] bdMarketplace: executing task '99' (transaction ID: 2515)
[DW] bdMarketplace: executing task '99' (transaction ID: 2516)
[DW] bdMarketplace: executing task '99' (transaction ID: 2517)
[DW] bdMarketplace: executing task '99' (transaction ID: 2518)
[DW] bdMarketplace: executing task '99' (transaction ID: 2519)
[DW] bdMarketplace: executing task '99' (transaction ID: 2520)
[DW] bdMarketplace: executing task '99' (transaction ID: 2521)
[DW] bdMarketplace: executing task '99' (transaction ID: 2522)
[DW] bdMarketplace: executing task '99' (transaction ID: 2523)
[DW] bdMarketplace: executing task '99' (transaction ID: 2524)
[DW] bdMarketplace: executing task '99' (transaction ID: 2525)
[DW] bdMarketplace: executing task '99' (transaction ID: 2526)
[DW] bdMarketplace: executing task '99' (transaction ID: 2527)
[DW] bdMarketplace: executing task '99' (transaction ID: 2528)
[DW] bdMarketplace: executing task '99' (transaction ID: 2529)
[DW] bdMarketplace: executing task '99' (transaction ID: 2530)
[DW] bdMarketplace: executing task '99' (transaction ID: 2531)
[DW] bdMarketplace: executing task '99' (transaction ID: 2532)
[DW] bdMarketplace: executing task '99' (transaction ID: 2533)
[DW] bdMarketplace: executing task '99' (transaction ID: 2534)
[DW] bdMarketplace: executing task '99' (transaction ID: 2535)
[DW] bdMarketplace: executing task '99' (transaction ID: 2536)
[DW] bdMarketplace: executing task '99' (transaction ID: 2537)
[DW] bdMarketplace: executing task '99' (transaction ID: 2538)
[DW] bdMarketplace: executing task '99' (transaction ID: 2539)
[DW] bdMarketplace: executing task '99' (transaction ID: 2540)
[DW] bdMarketplace: executing task '99' (transaction ID: 2541)
[DW] bdMarketplace: executing task '99' (transaction ID: 2542)
[DW] bdMarketplace: executing task '99' (transaction ID: 2543)
[DW] bdMarketplace: executing task '99' (transaction ID: 2544)
[DW] bdMarketplace: executing task '99' (transaction ID: 2545)
[DW] bdMarketplace: executing task '99' (transaction ID: 2546)
[DW] bdMarketplace: executing task '99' (transaction ID: 2547)
[DW] bdMarketplace: executing task '99' (transaction ID: 2548)
[DW] bdMarketplace: executing task '99' (transaction ID: 2549)
[DW] bdMarketplace: executing task '99' (transaction ID: 2550)
[DW] bdMarketplace: executing task '99' (transaction ID: 2551)
[DW] bdMarketplace: executing task '99' (transaction ID: 2552)
[DW] bdMarketplace: executing task '99' (transaction ID: 2553)
[DW] bdMarketplace: executing task '99' (transaction ID: 2554)
[DW] bdMarketplace: executing task '99' (transaction ID: 2555)
[DW] bdMarketplace: executing task '99' (transaction ID: 2556)
[DW] bdMarketplace: executing task '99' (transaction ID: 2557)
[DW] bdMarketplace: executing task '99' (transaction ID: 2558)
[DW] bdMarketplace: executing task '99' (transaction ID: 2559)
[DW] bdMarketplace: executing task '99' (transaction ID: 2560)
[DW] bdMarketplace: executing task '99' (transaction ID: 2561)
[DW] bdMarketplace: executing task '99' (transaction ID: 2562)
[DW] bdMarketplace: executing task '99' (transaction ID: 2563)
[DW] bdMarketplace: executing task '99' (transaction ID: 2564)
[DW] bdMarketplace: executing task '99' (transaction ID: 2565)
[DW] bdMarketplace: executing task '99' (transaction ID: 2566)
[DW] bdMarketplace: executing task '99' (transaction ID: 2567)
[DW] bdMarketplace: executing task '99' (transaction ID: 2568)
[DW] bdMarketplace: executing task '99' (transaction ID: 2569)
[DW] bdMarketplace: executing task '99' (transaction ID: 2570)
[DW] bdMarketplace: executing task '99' (transaction ID: 2571)
[DW] bdMarketplace: executing task '99' (transaction ID: 2572)
[DW] bdMarketplace: executing task '99' (transaction ID: 2573)
[DW] bdMarketplace: executing task '99' (transaction ID: 2574)
[DW] bdMarketplace: executing task '99' (transaction ID: 2575)
[DW] bdMarketplace: executing task '99' (transaction ID: 2576)
[DW] bdMarketplace: executing task '99' (transaction ID: 2577)
[DW] bdMarketplace: executing task '99' (transaction ID: 2578)
[DW] bdMarketplace: executing task '99' (transaction ID: 2579)
[DW] bdMarketplace: executing task '99' (transaction ID: 2580)
[DW] bdMarketplace: executing task '99' (transaction ID: 2581)
[DW] bdMarketplace: executing task '99' (transaction ID: 2582)
[DW] bdMarketplace: executing task '99' (transaction ID: 2583)
[DW] bdMarketplace: executing task '99' (transaction ID: 2584)
[DW] bdMarketplace: executing task '99' (transaction ID: 2585)
[DW] bdMarketplace: executing task '99' (transaction ID: 2586)
[DW] bdMarketplace: executing task '99' (transaction ID: 2587)
[DW] bdMarketplace: executing task '99' (transaction ID: 2588)
[DW] bdMarketplace: executing task '99' (transaction ID: 2589)
[DW] bdMarketplace: executing task '99' (transaction ID: 2590)
[DW] bdMarketplace: executing task '99' (transaction ID: 2591)
[DW] bdMarketplace: executing task '99' (transaction ID: 2592)
[DW] bdMarketplace: executing task '99' (transaction ID: 2593)
[DW] bdMarketplace: executing task '99' (transaction ID: 2594)
[DW] bdMarketplace: executing task '99' (transaction ID: 2595)
[DW] bdMarketplace: executing task '99' (transaction ID: 2596)
[DW] bdMarketplace: executing task '99' (transaction ID: 2597)
[DW] bdMarketplace: executing task '99' (transaction ID: 2598)
[DW] bdMarketplace: executing task '99' (transaction ID: 2599)
[DW] bdMarketplace: executing task '99' (transaction ID: 2600)
[DW] bdMarketplace: executing task '99' (transaction ID: 2601)
[DW] bdMarketplace: executing task '99' (transaction ID: 2602)
[DW] bdMarketplace: executing task '99' (transaction ID: 2603)
[DW] bdMarketplace: executing task '99' (transaction ID: 2604)
[DW] bdMarketplace: executing task '99' (transaction ID: 2605)
[DW] bdMarketplace: executing task '99' (transaction ID: 2606)
[DW] bdMarketplace: executing task '99' (transaction ID: 2607)
[DW] bdMarketplace: executing task '99' (transaction ID: 2608)
[DW] bdMarketplace: executing task '99' (transaction ID: 2609)
[DW] bdMarketplace: executing task '99' (transaction ID: 2610)
[DW] bdMarketplace: executing task '99' (transaction ID: 2611)
[DW] bdMarketplace: executing task '99' (transaction ID: 2612)
[DW] bdMarketplace: executing task '99' (transaction ID: 2613)
[DW] bdMarketplace: executing task '99' (transaction ID: 2614)
[DW] bdMarketplace: executing task '99' (transaction ID: 2615)
[DW] bdMarketplace: executing task '99' (transaction ID: 2616)
[DW] bdMarketplace: executing task '99' (transaction ID: 2617)
[DW] bdMarketplace: executing task '99' (transaction ID: 2618)
[DW] bdMarketplace: executing task '99' (transaction ID: 2619)
[DW] bdMarketplace: executing task '99' (transaction ID: 2620)
[DW] bdMarketplace: executing task '99' (transaction ID: 2621)
[DW] bdMarketplace: executing task '99' (transaction ID: 2622)
[DW] bdMarketplace: executing task '99' (transaction ID: 2623)
[DW] bdMarketplace: executing task '99' (transaction ID: 2624)
[DW] bdMarketplace: executing task '99' (transaction ID: 2625)
[DW] bdMarketplace: executing task '99' (transaction ID: 2626)
[DW] bdMarketplace: executing task '99' (transaction ID: 2627)
[DW] bdMarketplace: executing task '99' (transaction ID: 2628)
[DW] bdMarketplace: executing task '99' (transaction ID: 2629)
[DW] bdMarketplace: executing task '99' (transaction ID: 2630)
[DW] bdMarketplace: executing task '99' (transaction ID: 2631)
[DW] bdMarketplace: executing task '99' (transaction ID: 2632)
[DW] bdMarketplace: executing task '99' (transaction ID: 2633)
[DW] bdMarketplace: executing task '99' (transaction ID: 2634)
[DW] bdMarketplace: executing task '99' (transaction ID: 2635)
[DW] bdMarketplace: executing task '99' (transaction ID: 2636)
[DW] bdMarketplace: executing task '99' (transaction ID: 2637)
[DW] bdMarketplace: executing task '99' (transaction ID: 2638)
[DW] bdMarketplace: executing task '99' (transaction ID: 2639)
[DW] bdMarketplace: executing task '99' (transaction ID: 2640)
[DW] bdMarketplace: executing task '99' (transaction ID: 2641)
[DW] bdMarketplace: executing task '99' (transaction ID: 2642)
[DW] bdMarketplace: executing task '99' (transaction ID: 2643)
[DW] bdMarketplace: executing task '99' (transaction ID: 2644)
[DW] bdMarketplace: executing task '99' (transaction ID: 2645)
[DW] bdMarketplace: executing task '99' (transaction ID: 2646)
[DW] bdMarketplace: executing task '99' (transaction ID: 2647)
[DW] bdMarketplace: executing task '99' (transaction ID: 2648)
[DW] bdMarketplace: executing task '99' (transaction ID: 2649)
[DW] bdMarketplace: executing task '99' (transaction ID: 2650)
[DW] bdMarketplace: executing task '99' (transaction ID: 2651)
[DW] bdMarketplace: executing task '99' (transaction ID: 2652)
[DW] bdMarketplace: executing task '99' (transaction ID: 2653)
[DW] bdMarketplace: executing task '99' (transaction ID: 2654)
[DW] bdMarketplace: executing task '99' (transaction ID: 2655)
[DW] bdMarketplace: executing task '99' (transaction ID: 2656)
[DW] bdMarketplace: executing task '99' (transaction ID: 2657)
[DW] bdMarketplace: executing task '99' (transaction ID: 2658)
[DW] bdMarketplace: executing task '99' (transaction ID: 2659)
[DW] bdMarketplace: executing task '99' (transaction ID: 2660)
[DW] bdMarketplace: executing task '99' (transaction ID: 2661)
[DW] bdMarketplace: executing task '99' (transaction ID: 2662)
[DW] bdMarketplace: executing task '99' (transaction ID: 2663)
[DW] bdMarketplace: executing task '99' (transaction ID: 2664)
[DW] bdMarketplace: executing task '99' (transaction ID: 2665)
[DW] bdMarketplace: executing task '99' (transaction ID: 2666)
[DW] bdMarketplace: executing task '99' (transaction ID: 2667)
[DW] bdMarketplace: executing task '99' (transaction ID: 2668)
[DW] bdMarketplace: executing task '99' (transaction ID: 2669)
[DW] bdMarketplace: executing task '99' (transaction ID: 2670)
[DW] bdMarketplace: executing task '99' (transaction ID: 2671)
[DW] bdMarketplace: executing task '99' (transaction ID: 2672)
[DW] bdMarketplace: executing task '99' (transaction ID: 2673)
[DW] bdMarketplace: executing task '99' (transaction ID: 2674)
[DW] bdMarketplace: executing task '99' (transaction ID: 2675)
[DW] bdMarketplace: executing task '99' (transaction ID: 2676)
[DW] bdMarketplace: executing task '99' (transaction ID: 2677)
[DW] bdMarketplace: executing task '99' (transaction ID: 2678)
[DW] bdMarketplace: executing task '99' (transaction ID: 2679)
[DW] bdMarketplace: executing task '99' (transaction ID: 2680)
[DW] bdMarketplace: executing task '99' (transaction ID: 2681)
[DW] bdMarketplace: executing task '99' (transaction ID: 2682)
[DW] bdMarketplace: executing task '99' (transaction ID: 2683)
[DW] bdMarketplace: executing task '99' (transaction ID: 2684)
[DW] bdMarketplace: executing task '99' (transaction ID: 2685)
[DW] bdMarketplace: executing task '99' (transaction ID: 2686)
[DW] bdMarketplace: executing task '99' (transaction ID: 2687)
[DW] bdMarketplace: executing task '99' (transaction ID: 2688)
[DW] bdMarketplace: executing task '99' (transaction ID: 2689)
[DW] bdMarketplace: executing task '99' (transaction ID: 2690)
[DW] bdMarketplace: executing task '99' (transaction ID: 2691)
[DW] bdMarketplace: executing task '99' (transaction ID: 2692)
[DW] bdMarketplace: executing task '99' (transaction ID: 2693)
[DW] bdMarketplace: executing task '99' (transaction ID: 2694)
[DW] bdMarketplace: executing task '99' (transaction ID: 2695)
[DW] bdMarketplace: executing task '99' (transaction ID: 2696)
[DW] bdMarketplace: executing task '99' (transaction ID: 2697)
[DW] bdMarketplace: executing task '99' (transaction ID: 2698)
[DW] bdMarketplace: executing task '99' (transaction ID: 2699)
[DW] bdMarketplace: executing task '99' (transaction ID: 2700)
[DW] bdMarketplace: executing task '99' (transaction ID: 2701)
[DW] bdMarketplace: executing task '99' (transaction ID: 2702)
[DW] bdMarketplace: executing task '99' (transaction ID: 2703)
[DW] bdMarketplace: executing task '99' (transaction ID: 2704)
[DW] bdMarketplace: executing task '99' (transaction ID: 2705)
[DW] bdMarketplace: executing task '99' (transaction ID: 2706)
[DW] bdMarketplace: executing task '99' (transaction ID: 2707)
[DW] bdMarketplace: executing task '99' (transaction ID: 2708)
[DW] bdMarketplace: executing task '99' (transaction ID: 2709)
[DW] bdMarketplace: executing task '99' (transaction ID: 2710)
[DW] bdMarketplace: executing task '99' (transaction ID: 2711)
[DW] bdMarketplace: executing task '99' (transaction ID: 2712)
[DW] bdMarketplace: executing task '99' (transaction ID: 2713)
[DW] bdMarketplace: executing task '99' (transaction ID: 2714)
[DW] bdMarketplace: executing task '99' (transaction ID: 2715)
[DW] bdMarketplace: executing task '99' (transaction ID: 2716)
[DW] bdMarketplace: executing task '99' (transaction ID: 2717)
[DW] bdMarketplace: executing task '99' (transaction ID: 2718)
[DW] bdMarketplace: executing task '99' (transaction ID: 2719)
[DW] bdMarketplace: executing task '99' (transaction ID: 2720)
[DW] bdMarketplace: executing task '99' (transaction ID: 2721)
[DW] bdMarketplace: executing task '99' (transaction ID: 2722)
[DW] bdMarketplace: executing task '99' (transaction ID: 2723)
[DW] bdMarketplace: executing task '99' (transaction ID: 2724)
[DW] bdMarketplace: executing task '99' (transaction ID: 2725)
[DW] bdMarketplace: executing task '99' (transaction ID: 2726)
[DW] bdMarketplace: executing task '99' (transaction ID: 2727)
[DW] bdMarketplace: executing task '99' (transaction ID: 2728)
[DW] bdMarketplace: executing task '99' (transaction ID: 2729)
[DW] bdMarketplace: executing task '99' (transaction ID: 2730)
[DW] bdMarketplace: executing task '99' (transaction ID: 2731)
[DW] bdMarketplace: executing task '99' (transaction ID: 2732)
[DW] bdMarketplace: executing task '99' (transaction ID: 2733)
[DW] bdMarketplace: executing task '99' (transaction ID: 2734)
[DW] bdMarketplace: executing task '99' (transaction ID: 2735)
[DW] bdMarketplace: executing task '99' (transaction ID: 2736)
[DW] bdMarketplace: executing task '99' (transaction ID: 2737)
[DW] bdMarketplace: executing task '99' (transaction ID: 2738)
[DW] bdMarketplace: executing task '99' (transaction ID: 2739)
[DW] bdMarketplace: executing task '99' (transaction ID: 2740)
[DW] bdMarketplace: executing task '99' (transaction ID: 2741)
[DW] bdMarketplace: executing task '99' (transaction ID: 2742)
[DW] bdMarketplace: executing task '99' (transaction ID: 2743)
[DW] bdMarketplace: executing task '99' (transaction ID: 2744)
[DW] bdMarketplace: executing task '99' (transaction ID: 2745)
[DW] bdMarketplace: executing task '99' (transaction ID: 2746)
[DW] bdMarketplace: executing task '99' (transaction ID: 2747)
[DW] bdMarketplace: executing task '99' (transaction ID: 2748)
[DW] bdMarketplace: executing task '99' (transaction ID: 2749)
[DW] bdMarketplace: executing task '99' (transaction ID: 2750)
[DW] bdMarketplace: executing task '99' (transaction ID: 2751)
[DW] bdMarketplace: executing task '99' (transaction ID: 2752)
[DW] bdMarketplace: executing task '99' (transaction ID: 2753)
[DW] bdMarketplace: executing task '99' (transaction ID: 2754)
[DW] bdMarketplace: executing task '99' (transaction ID: 2755)
[DW] bdMarketplace: executing task '99' (transaction ID: 2756)
[DW] bdMarketplace: executing task '99' (transaction ID: 2757)
[DW] bdMarketplace: executing task '99' (transaction ID: 2758)
[DW] bdMarketplace: executing task '99' (transaction ID: 2759)
[DW] bdMarketplace: executing task '99' (transaction ID: 2760)
[DW] bdMarketplace: executing task '99' (transaction ID: 2761)
[DW] bdMarketplace: executing task '99' (transaction ID: 2762)
[DW] bdMarketplace: executing task '99' (transaction ID: 2763)
[DW] bdMarketplace: executing task '99' (transaction ID: 2764)
[DW] bdMarketplace: executing task '99' (transaction ID: 2765)
[DW] bdMarketplace: executing task '99' (transaction ID: 2766)
[DW] bdMarketplace: executing task '99' (transaction ID: 2767)
[DW] bdMarketplace: executing task '99' (transaction ID: 2768)
[DW] bdMarketplace: executing task '99' (transaction ID: 2769)
[DW] bdMarketplace: executing task '99' (transaction ID: 2770)
[DW] bdMarketplace: executing task '99' (transaction ID: 2771)
[DW] bdMarketplace: executing task '99' (transaction ID: 2772)
[DW] bdMarketplace: executing task '99' (transaction ID: 2773)
[DW] bdMarketplace: executing task '99' (transaction ID: 2774)
[DW] bdMarketplace: executing task '99' (transaction ID: 2775)
[DW] bdMarketplace: executing task '99' (transaction ID: 2776)
[DW] bdMarketplace: executing task '99' (transaction ID: 2777)
[DW] bdMarketplace: executing task '99' (transaction ID: 2778)
[DW] bdMarketplace: executing task '99' (transaction ID: 2779)
[DW] bdMarketplace: executing task '99' (transaction ID: 2780)
[DW] bdMarketplace: executing task '99' (transaction ID: 2781)
[DW] bdMarketplace: executing task '99' (transaction ID: 2782)
[DW] bdMarketplace: executing task '99' (transaction ID: 2783)
[DW] bdMarketplace: executing task '99' (transaction ID: 2784)
[DW] bdMarketplace: executing task '99' (transaction ID: 2785)
[DW] bdMarketplace: executing task '99' (transaction ID: 2786)
[DW] bdMarketplace: executing task '99' (transaction ID: 2787)
[DW] bdMarketplace: executing task '99' (transaction ID: 2788)
[DW] bdMarketplace: executing task '99' (transaction ID: 2789)
[DW] bdMarketplace: executing task '99' (transaction ID: 2790)
[DW] bdMarketplace: executing task '99' (transaction ID: 2791)
[DW] bdMarketplace: executing task '99' (transaction ID: 2792)
[DW] bdMarketplace: executing task '99' (transaction ID: 2793)
[DW] bdMarketplace: executing task '99' (transaction ID: 2794)
[DW] bdMarketplace: executing task '99' (transaction ID: 2795)
[DW] bdMarketplace: executing task '99' (transaction ID: 2796)
[DW] bdMarketplace: executing task '99' (transaction ID: 2797)
[DW] bdMarketplace: executing task '99' (transaction ID: 2798)
[DW] bdMarketplace: executing task '99' (transaction ID: 2799)
[DW] bdMarketplace: executing task '99' (transaction ID: 2800)
[DW] bdMarketplace: executing task '99' (transaction ID: 2801)
[DW] bdMarketplace: executing task '99' (transaction ID: 2802)
[DW] bdMarketplace: executing task '99' (transaction ID: 2803)
[DW] bdMarketplace: executing task '99' (transaction ID: 2804)
[DW] bdMarketplace: executing task '99' (transaction ID: 2805)
[DW] bdMarketplace: executing task '99' (transaction ID: 2806)
[DW] bdMarketplace: executing task '99' (transaction ID: 2807)
[DW] bdMarketplace: executing task '99' (transaction ID: 2808)
[DW] bdMarketplace: executing task '99' (transaction ID: 2809)
[DW] bdMarketplace: executing task '99' (transaction ID: 2810)
[DW] bdMarketplace: executing task '99' (transaction ID: 2811)
[DW] bdMarketplace: executing task '99' (transaction ID: 2812)
[DW] bdMarketplace: executing task '99' (transaction ID: 2813)
[DW] bdMarketplace: executing task '99' (transaction ID: 2814)
[DW] bdMarketplace: executing task '99' (transaction ID: 2815)
[DW] bdMarketplace: executing task '99' (transaction ID: 2816)
[DW] bdMarketplace: executing task '99' (transaction ID: 2817)
[DW] bdMarketplace: executing task '99' (transaction ID: 2818)
[DW] bdMarketplace: executing task '99' (transaction ID: 2819)
[DW] bdMarketplace: executing task '99' (transaction ID: 2820)
[DW] bdMarketplace: executing task '99' (transaction ID: 2821)
[DW] bdMarketplace: executing task '99' (transaction ID: 2822)
[DW] bdMarketplace: executing task '99' (transaction ID: 2823)
[DW] bdMarketplace: executing task '99' (transaction ID: 2824)
[DW] bdMarketplace: executing task '99' (transaction ID: 2825)
[DW] bdMarketplace: executing task '99' (transaction ID: 2826)
[DW] bdMarketplace: executing task '99' (transaction ID: 2827)
[DW] bdMarketplace: executing task '99' (transaction ID: 2828)
[DW] bdMarketplace: executing task '99' (transaction ID: 2829)
[DW] bdMarketplace: executing task '99' (transaction ID: 2830)
[DW] bdMarketplace: executing task '99' (transaction ID: 2831)
[DW] bdMarketplace: executing task '99' (transaction ID: 2832)
[DW] bdMarketplace: executing task '99' (transaction ID: 2833)
[DW] bdMarketplace: executing task '99' (transaction ID: 2834)
[DW] bdMarketplace: executing task '99' (transaction ID: 2835)
[DW] bdMarketplace: executing task '99' (transaction ID: 2836)
[DW] bdMarketplace: executing task '99' (transaction ID: 2837)
[DW] bdMarketplace: executing task '99' (transaction ID: 2838)
[DW] bdMarketplace: executing task '99' (transaction ID: 2839)
[DW] bdMarketplace: executing task '99' (transaction ID: 2840)
[DW] bdMarketplace: executing task '99' (transaction ID: 2841)
[DW] bdMarketplace: executing task '99' (transaction ID: 2842)
[DW] bdMarketplace: executing task '99' (transaction ID: 2843)
[DW] bdMarketplace: executing task '99' (transaction ID: 2844)
[DW] bdMarketplace: executing task '99' (transaction ID: 2845)
[DW] bdMarketplace: executing task '99' (transaction ID: 2846)
[DW] bdMarketplace: executing task '99' (transaction ID: 2847)
[DW] bdMarketplace: executing task '99' (transaction ID: 2848)
[DW] bdMarketplace: executing task '99' (transaction ID: 2849)
[DW] bdMarketplace: executing task '99' (transaction ID: 2850)
[DW] bdMarketplace: executing task '99' (transaction ID: 2851)
[DW] bdMarketplace: executing task '99' (transaction ID: 2852)
[DW] bdMarketplace: executing task '99' (transaction ID: 2853)
[DW] bdMarketplace: executing task '99' (transaction ID: 2854)
[DW] bdMarketplace: executing task '99' (transaction ID: 2855)
[DW] bdMarketplace: executing task '99' (transaction ID: 2856)
[DW] bdMarketplace: executing task '99' (transaction ID: 2857)
[DW] bdMarketplace: executing task '99' (transaction ID: 2858)
[DW] bdMarketplace: executing task '99' (transaction ID: 2859)
[DW] bdMarketplace: executing task '99' (transaction ID: 2860)
[DW] bdMarketplace: executing task '99' (transaction ID: 2861)
[DW] bdMarketplace: executing task '99' (transaction ID: 2862)
[DW] bdMarketplace: executing task '99' (transaction ID: 2863)
[DW] bdMarketplace: executing task '99' (transaction ID: 2864)
[DW] bdMarketplace: executing task '99' (transaction ID: 2865)
[DW] bdMarketplace: executing task '99' (transaction ID: 2866)
[DW] bdMarketplace: executing task '99' (transaction ID: 2867)
[DW] bdMarketplace: executing task '99' (transaction ID: 2868)
[DW] bdMarketplace: executing task '99' (transaction ID: 2869)
[DW] bdMarketplace: executing task '99' (transaction ID: 2870)
[DW] bdMarketplace: executing task '99' (transaction ID: 2871)
[DW] bdMarketplace: executing task '99' (transaction ID: 2872)
[DW] bdMarketplace: executing task '99' (transaction ID: 2873)
[DW] bdMarketplace: executing task '99' (transaction ID: 2874)
[DW] bdMarketplace: executing task '99' (transaction ID: 2875)
[DW] bdMarketplace: executing task '99' (transaction ID: 2876)
[DW] bdMarketplace: executing task '99' (transaction ID: 2877)
[DW] bdMarketplace: executing task '99' (transaction ID: 2878)
[DW] bdMarketplace: executing task '99' (transaction ID: 2879)
[DW] bdMarketplace: executing task '99' (transaction ID: 2880)
[DW] bdMarketplace: executing task '99' (transaction ID: 2881)
[DW] bdMarketplace: executing task '99' (transaction ID: 2882)
[DW] bdMarketplace: executing task '99' (transaction ID: 2883)
[DW] bdMarketplace: executing task '99' (transaction ID: 2884)
[DW] bdMarketplace: executing task '99' (transaction ID: 2885)
[DW] bdMarketplace: executing task '99' (transaction ID: 2886)
[DW] bdMarketplace: executing task '99' (transaction ID: 2887)
[DW] bdMarketplace: executing task '99' (transaction ID: 2888)
[DW] bdMarketplace: executing task '99' (transaction ID: 2889)
[DW] bdMarketplace: executing task '99' (transaction ID: 2890)
[DW] bdMarketplace: executing task '99' (transaction ID: 2891)
[DW] bdMarketplace: executing task '99' (transaction ID: 2892)
[DW] bdMarketplace: executing task '99' (transaction ID: 2893)
[DW] bdMarketplace: executing task '99' (transaction ID: 2894)
[DW] bdMarketplace: executing task '99' (transaction ID: 2895)
[DW] bdMarketplace: executing task '99' (transaction ID: 2896)
[DW] bdMarketplace: executing task '99' (transaction ID: 2897)
[DW] bdMarketplace: executing task '99' (transaction ID: 2898)
[DW] bdMarketplace: executing task '99' (transaction ID: 2899)
[DW] bdMarketplace: executing task '99' (transaction ID: 2900)
[DW] bdMarketplace: executing task '99' (transaction ID: 2901)
[DW] bdMarketplace: executing task '99' (transaction ID: 2902)
[DW] bdMarketplace: executing task '99' (transaction ID: 2903)
[DW] bdMarketplace: executing task '99' (transaction ID: 2904)
[DW] bdMarketplace: executing task '99' (transaction ID: 2905)
[DW] bdMarketplace: executing task '99' (transaction ID: 2906)
[DW] bdMarketplace: executing task '99' (transaction ID: 2907)
[DW] bdMarketplace: executing task '99' (transaction ID: 2908)
[DW] bdMarketplace: executing task '99' (transaction ID: 2909)
[DW] bdMarketplace: executing task '99' (transaction ID: 2910)
[DW] bdMarketplace: executing task '99' (transaction ID: 2911)
[DW] bdMarketplace: executing task '99' (transaction ID: 2912)
[DW] bdMarketplace: executing task '99' (transaction ID: 2913)
[DW] bdMarketplace: executing task '99' (transaction ID: 2914)
[DW] bdMarketplace: executing task '99' (transaction ID: 2915)
[DW] bdMarketplace: executing task '99' (transaction ID: 2916)
[DW] bdMarketplace: executing task '99' (transaction ID: 2917)
[DW] bdMarketplace: executing task '99' (transaction ID: 2918)
[DW] bdMarketplace: executing task '99' (transaction ID: 2919)
[DW] bdMarketplace: executing task '99' (transaction ID: 2920)
[DW] bdMarketplace: executing task '99' (transaction ID: 2921)
[DW] bdMarketplace: executing task '99' (transaction ID: 2922)
[DW] bdMarketplace: executing task '99' (transaction ID: 2923)
[DW] bdMarketplace: executing task '99' (transaction ID: 2924)
[DW] bdMarketplace: executing task '99' (transaction ID: 2925)
[DW] bdMarketplace: executing task '99' (transaction ID: 2926)
[DW] bdMarketplace: executing task '99' (transaction ID: 2927)
[DW] bdMarketplace: executing task '99' (transaction ID: 2928)
[DW] bdMarketplace: executing task '99' (transaction ID: 2929)
[DW] bdMarketplace: executing task '99' (transaction ID: 2930)
[DW] bdMarketplace: executing task '99' (transaction ID: 2931)
[DW] bdMarketplace: executing task '99' (transaction ID: 2932)
[DW] bdMarketplace: executing task '99' (transaction ID: 2933)
[DW] bdMarketplace: executing task '99' (transaction ID: 2934)
[DW] bdMarketplace: executing task '99' (transaction ID: 2935)
[DW] bdMarketplace: executing task '99' (transaction ID: 2936)
[DW] bdMarketplace: executing task '99' (transaction ID: 2937)
[DW] bdMarketplace: executing task '99' (transaction ID: 2938)
[DW] bdMarketplace: executing task '99' (transaction ID: 2939)
[DW] bdMarketplace: executing task '99' (transaction ID: 2940)
[DW] bdMarketplace: executing task '99' (transaction ID: 2941)
[DW] bdMarketplace: executing task '99' (transaction ID: 2942)
[DW] bdMarketplace: executing task '99' (transaction ID: 2943)
[DW] bdMarketplace: executing task '99' (transaction ID: 2944)
[DW] bdMarketplace: executing task '99' (transaction ID: 2945)
[DW] bdMarketplace: executing task '99' (transaction ID: 2946)
[DW] bdMarketplace: executing task '99' (transaction ID: 2947)
[DW] bdMarketplace: executing task '99' (transaction ID: 2948)
[DW] bdMarketplace: executing task '99' (transaction ID: 2949)
[DW] bdMarketplace: executing task '99' (transaction ID: 2950)
[DW] bdMarketplace: executing task '99' (transaction ID: 2951)
[DW] bdMarketplace: executing task '99' (transaction ID: 2952)
[DW] bdMarketplace: executing task '99' (transaction ID: 2953)
[DW] bdMarketplace: executing task '99' (transaction ID: 2954)
[DW] bdMarketplace: executing task '99' (transaction ID: 2955)
[DW] bdMarketplace: executing task '99' (transaction ID: 2956)
[DW] bdMarketplace: executing task '99' (transaction ID: 2957)
[DW] bdMarketplace: executing task '99' (transaction ID: 2958)
[DW] bdMarketplace: executing task '99' (transaction ID: 2959)
[DW] bdMarketplace: executing task '99' (transaction ID: 2960)
[DW] bdMarketplace: executing task '99' (transaction ID: 2961)
[DW] bdMarketplace: executing task '99' (transaction ID: 2962)
[DW] bdMarketplace: executing task '99' (transaction ID: 2963)
[DW] bdMarketplace: executing task '99' (transaction ID: 2964)
[DW] bdMarketplace: executing task '99' (transaction ID: 2965)
[DW] bdMarketplace: executing task '99' (transaction ID: 2966)
[DW] bdMarketplace: executing task '99' (transaction ID: 2967)
[DW] bdMarketplace: executing task '99' (transaction ID: 2968)
[DW] bdMarketplace: executing task '99' (transaction ID: 2969)
[DW] bdMarketplace: executing task '99' (transaction ID: 2970)
[DW] bdMarketplace: executing task '99' (transaction ID: 2971)
[DW] bdMarketplace: executing task '99' (transaction ID: 2972)
[DW] bdMarketplace: executing task '99' (transaction ID: 2973)
[DW] bdMarketplace: executing task '99' (transaction ID: 2974)
[DW] bdMarketplace: executing task '99' (transaction ID: 2975)
[DW] bdMarketplace: executing task '99' (transaction ID: 2976)
[DW] bdMarketplace: executing task '99' (transaction ID: 2977)
[DW] bdMarketplace: executing task '99' (transaction ID: 2978)
[DW] bdMarketplace: executing task '99' (transaction ID: 2979)
[DW] bdMarketplace: executing task '99' (transaction ID: 2980)
[DW] bdMarketplace: executing task '99' (transaction ID: 2981)
[DW] bdMarketplace: executing task '99' (transaction ID: 2982)
[DW] bdMarketplace: executing task '99' (transaction ID: 2983)
[DW] bdMarketplace: executing task '99' (transaction ID: 2984)
[DW] bdMarketplace: executing task '99' (transaction ID: 2985)
[DW] bdMarketplace: executing task '99' (transaction ID: 2986)
[DW] bdMarketplace: executing task '99' (transaction ID: 2987)
[DW] bdMarketplace: executing task '99' (transaction ID: 2988)
[DW] bdMarketplace: executing task '99' (transaction ID: 2989)
[DW] bdMarketplace: executing task '99' (transaction ID: 2990)
[DW] bdMarketplace: executing task '99' (transaction ID: 2991)
[DW] bdMarketplace: executing task '99' (transaction ID: 2992)
[DW] bdMarketplace: executing task '99' (transaction ID: 2993)
[DW] bdMarketplace: executing task '99' (transaction ID: 2994)
[DW] bdMarketplace: executing task '99' (transaction ID: 2995)
[DW] bdMarketplace: executing task '99' (transaction ID: 2996)
[DW] bdMarketplace: executing task '99' (transaction ID: 2997)
[DW] bdMarketplace: executing task '99' (transaction ID: 2998)
[DW] bdMarketplace: executing task '99' (transaction ID: 2999)
[DW] bdMarketplace: executing task '99' (transaction ID: 3000)
[DW] bdMarketplace: executing task '99' (transaction ID: 3001)
[DW] bdMarketplace: executing task '99' (transaction ID: 3002)
[DW] bdMarketplace: executing task '99' (transaction ID: 3003)
[DW] bdMarketplace: executing task '99' (transaction ID: 3004)
[DW] bdMarketplace: executing task '99' (transaction ID: 3005)
[DW] bdMarketplace: executing task '99' (transaction ID: 3006)
[DW] bdMarketplace: executing task '99' (transaction ID: 3007)
[DW] bdMarketplace: executing task '99' (transaction ID: 3008)
[DW] bdMarketplace: executing task '99' (transaction ID: 3009)
[DW] bdMarketplace: executing task '99' (transaction ID: 3010)
[DW] bdMarketplace: executing task '99' (transaction ID: 3011)
[DW] bdMarketplace: executing task '99' (transaction ID: 3012)
[DW] bdMarketplace: executing task '99' (transaction ID: 3013)
[DW] bdMarketplace: executing task '99' (transaction ID: 3014)
[DW] bdMarketplace: executing task '99' (transaction ID: 3015)
[DW] bdMarketplace: executing task '99' (transaction ID: 3016)
[DW] bdMarketplace: executing task '99' (transaction ID: 3017)
[DW] bdMarketplace: executing task '99' (transaction ID: 3018)
[DW] bdMarketplace: executing task '99' (transaction ID: 3019)
[DW] bdMarketplace: executing task '99' (transaction ID: 3020)
[DW] bdMarketplace: executing task '99' (transaction ID: 3021)
[DW] bdMarketplace: executing task '99' (transaction ID: 3022)
[DW] bdMarketplace: executing task '99' (transaction ID: 3023)
[DW] bdMarketplace: executing task '99' (transaction ID: 3024)
[DW] bdMarketplace: executing task '99' (transaction ID: 3025)
[DW] bdMarketplace: executing task '99' (transaction ID: 3026)
[DW] bdMarketplace: executing task '99' (transaction ID: 3027)
[DW] bdMarketplace: executing task '99' (transaction ID: 3028)
[DW] bdMarketplace: executing task '99' (transaction ID: 3029)
[DW] bdMarketplace: executing task '99' (transaction ID: 3030)
[DW] bdMarketplace: executing task '99' (transaction ID: 3031)
[DW] bdMarketplace: executing task '99' (transaction ID: 3032)
[DW] bdMarketplace: executing task '99' (transaction ID: 3033)
[DW] bdMarketplace: executing task '99' (transaction ID: 3034)
[DW] bdMarketplace: executing task '99' (transaction ID: 3035)
[DW] bdMarketplace: executing task '99' (transaction ID: 3036)
[DW] bdMarketplace: executing task '99' (transaction ID: 3037)
[DW] bdMarketplace: executing task '99' (transaction ID: 3038)
[DW] bdMarketplace: executing task '99' (transaction ID: 3039)
[DW] bdMarketplace: executing task '99' (transaction ID: 3040)
[DW] bdMarketplace: executing task '99' (transaction ID: 3041)
[DW] bdMarketplace: executing task '99' (transaction ID: 3042)
[DW] bdMarketplace: executing task '99' (transaction ID: 3043)
[DW] bdMarketplace: executing task '99' (transaction ID: 3044)
[DW] bdMarketplace: executing task '99' (transaction ID: 3045)
[DW] bdMarketplace: executing task '99' (transaction ID: 3046)
[DW] bdMarketplace: executing task '99' (transaction ID: 3047)
[DW] bdMarketplace: executing task '99' (transaction ID: 3048)
[DW] bdMarketplace: executing task '99' (transaction ID: 3049)
[DW] bdMarketplace: executing task '99' (transaction ID: 3050)
[DW] bdMarketplace: executing task '99' (transaction ID: 3051)
[DW] bdMarketplace: executing task '99' (transaction ID: 3052)
[DW] bdMarketplace: executing task '99' (transaction ID: 3053)
[DW] bdMarketplace: executing task '99' (transaction ID: 3054)
[DW] bdMarketplace: executing task '99' (transaction ID: 3055)
[DW] bdMarketplace: executing task '99' (transaction ID: 3056)
[DW] bdMarketplace: executing task '99' (transaction ID: 3057)
[DW] bdMarketplace: executing task '99' (transaction ID: 3058)
[DW] bdMarketplace: executing task '99' (transaction ID: 3059)
[DW] bdMarketplace: executing task '99' (transaction ID: 3060)
[DW] bdMarketplace: executing task '99' (transaction ID: 3061)
[DW] bdMarketplace: executing task '99' (transaction ID: 3062)
[DW] bdMarketplace: executing task '99' (transaction ID: 3063)
[DW] bdMarketplace: executing task '99' (transaction ID: 3064)
[DW] bdMarketplace: executing task '99' (transaction ID: 3065)
[DW] bdMarketplace: executing task '99' (transaction ID: 3066)
[DW] bdMarketplace: executing task '99' (transaction ID: 3067)
[DW] bdMarketplace: executing task '99' (transaction ID: 3068)
[DW] bdMarketplace: executing task '99' (transaction ID: 3069)
[DW] bdMarketplace: executing task '99' (transaction ID: 3070)
[DW] bdMarketplace: executing task '99' (transaction ID: 3071)
[DW] bdMarketplace: executing task '99' (transaction ID: 3072)
[DW] bdMarketplace: executing task '99' (transaction ID: 3073)
[DW] bdMarketplace: executing task '99' (transaction ID: 3074)
[DW] bdMarketplace: executing task '99' (transaction ID: 3075)
[DW] bdMarketplace: executing task '99' (transaction ID: 3076)
[DW] bdMarketplace: executing task '99' (transaction ID: 3077)
[DW] bdMarketplace: executing task '99' (transaction ID: 3078)
[DW] bdMarketplace: executing task '99' (transaction ID: 3079)
[DW] bdMarketplace: executing task '99' (transaction ID: 3080)
[DW] bdMarketplace: executing task '99' (transaction ID: 3081)
[DW] bdMarketplace: executing task '99' (transaction ID: 3082)
[DW] bdMarketplace: executing task '99' (transaction ID: 3083)
[DW] bdMarketplace: executing task '99' (transaction ID: 3084)
[DW] bdMarketplace: executing task '99' (transaction ID: 3085)
[DW] bdMarketplace: executing task '99' (transaction ID: 3086)
[DW] bdMarketplace: executing task '99' (transaction ID: 3087)
[DW] bdMarketplace: executing task '99' (transaction ID: 3088)
[DW] bdMarketplace: executing task '99' (transaction ID: 3089)
[DW] bdMarketplace: executing task '99' (transaction ID: 3090)
[DW] bdMarketplace: executing task '99' (transaction ID: 3091)
[DW] bdMarketplace: executing task '99' (transaction ID: 3092)
[DW] bdMarketplace: executing task '99' (transaction ID: 3093)
[DW] bdMarketplace: executing task '99' (transaction ID: 3094)
[DW] bdMarketplace: executing task '99' (transaction ID: 3095)
[DW] bdMarketplace: executing task '99' (transaction ID: 3096)
[DW] bdMarketplace: executing task '99' (transaction ID: 3097)
[DW] bdMarketplace: executing task '99' (transaction ID: 3098)
[DW] bdMarketplace: executing task '99' (transaction ID: 3099)
[DW] bdMarketplace: executing task '99' (transaction ID: 3100)
[DW] bdMarketplace: executing task '99' (transaction ID: 3101)
[DW] bdMarketplace: executing task '99' (transaction ID: 3102)
[DW] bdMarketplace: executing task '99' (transaction ID: 3103)
[DW] bdMarketplace: executing task '99' (transaction ID: 3104)
[DW] bdMarketplace: executing task '99' (transaction ID: 3105)
[DW] bdMarketplace: executing task '99' (transaction ID: 3106)
[DW] bdMarketplace: executing task '99' (transaction ID: 3107)
[DW] bdMarketplace: executing task '99' (transaction ID: 3108)
[DW] bdMarketplace: executing task '99' (transaction ID: 3109)
[DW] bdMarketplace: executing task '99' (transaction ID: 3110)
[DW] bdMarketplace: executing task '99' (transaction ID: 3111)
[DW] bdMarketplace: executing task '99' (transaction ID: 3112)
[DW] bdMarketplace: executing task '99' (transaction ID: 3113)
[DW] bdMarketplace: executing task '99' (transaction ID: 3114)
[DW] bdMarketplace: executing task '99' (transaction ID: 3115)
[DW] bdMarketplace: executing task '99' (transaction ID: 3116)
[DW] bdMarketplace: executing task '99' (transaction ID: 3117)
[DW] bdMarketplace: executing task '99' (transaction ID: 3118)
[DW] bdMarketplace: executing task '99' (transaction ID: 3119)
[DW] bdMarketplace: executing task '99' (transaction ID: 3120)
[DW] bdMarketplace: executing task '99' (transaction ID: 3121)
[DW] bdMarketplace: executing task '99' (transaction ID: 3122)
[DW] bdMarketplace: executing task '99' (transaction ID: 3123)
[DW] bdMarketplace: executing task '99' (transaction ID: 3124)
[DW] bdMarketplace: executing task '99' (transaction ID: 3125)
[DW] bdMarketplace: executing task '99' (transaction ID: 3126)
[DW] bdMarketplace: executing task '99' (transaction ID: 3127)
[DW] bdMarketplace: executing task '99' (transaction ID: 3128)
[DW] bdMarketplace: executing task '99' (transaction ID: 3129)
[DW] bdMarketplace: executing task '99' (transaction ID: 3130)
[DW] bdMarketplace: executing task '99' (transaction ID: 3131)
[DW] bdMarketplace: executing task '99' (transaction ID: 3132)
[DW] bdMarketplace: executing task '99' (transaction ID: 3133)
[DW] bdMarketplace: executing task '99' (transaction ID: 3134)
[DW] bdMarketplace: executing task '99' (transaction ID: 3135)
[DW] bdMarketplace: executing task '99' (transaction ID: 3136)
[DW] bdMarketplace: executing task '99' (transaction ID: 3137)
[DW] bdMarketplace: executing task '99' (transaction ID: 3138)
[DW] bdMarketplace: executing task '99' (transaction ID: 3139)
[DW] bdMarketplace: executing task '99' (transaction ID: 3140)
[DW] bdMarketplace: executing task '99' (transaction ID: 3141)
[DW] bdMarketplace: executing task '99' (transaction ID: 3142)
[DW] bdMarketplace: executing task '99' (transaction ID: 3143)
[DW] bdMarketplace: executing task '99' (transaction ID: 3144)
[DW] bdMarketplace: executing task '99' (transaction ID: 3145)
[DW] bdMarketplace: executing task '99' (transaction ID: 3146)
[DW] bdMarketplace: executing task '99' (transaction ID: 3147)
[DW] bdMarketplace: executing task '99' (transaction ID: 3148)
[DW] bdMarketplace: executing task '99' (transaction ID: 3149)
[DW] bdMarketplace: executing task '99' (transaction ID: 3150)
[DW] bdMarketplace: executing task '99' (transaction ID: 3151)
[DW] bdMarketplace: executing task '99' (transaction ID: 3152)
[DW] bdMarketplace: executing task '99' (transaction ID: 3153)
[DW] bdMarketplace: executing task '99' (transaction ID: 3154)
[DW] bdMarketplace: executing task '99' (transaction ID: 3155)
[DW] bdMarketplace: executing task '99' (transaction ID: 3156)
[DW] bdMarketplace: executing task '99' (transaction ID: 3157)
[DW] bdMarketplace: executing task '99' (transaction ID: 3158)
[DW] bdMarketplace: executing task '99' (transaction ID: 3159)
[DW] bdMarketplace: executing task '99' (transaction ID: 3160)
[DW] bdMarketplace: executing task '99' (transaction ID: 3161)
[DW] bdMarketplace: executing task '99' (transaction ID: 3162)
[DW] bdMarketplace: executing task '99' (transaction ID: 3163)
[DW] bdMarketplace: executing task '99' (transaction ID: 3164)
[DW] bdMarketplace: executing task '99' (transaction ID: 3165)
[DW] bdMarketplace: executing task '99' (transaction ID: 3166)
[DW] bdMarketplace: executing task '99' (transaction ID: 3167)
[DW] bdMarketplace: executing task '99' (transaction ID: 3168)
[DW] bdMarketplace: executing task '99' (transaction ID: 3169)
[DW] bdMarketplace: executing task '99' (transaction ID: 3170)
[DW] bdMarketplace: executing task '99' (transaction ID: 3171)
[DW] bdMarketplace: executing task '99' (transaction ID: 3172)
[DW] bdMarketplace: executing task '99' (transaction ID: 3173)
[DW] bdMarketplace: executing task '99' (transaction ID: 3174)
[DW] bdMarketplace: executing task '99' (transaction ID: 3175)
[DW] bdMarketplace: executing task '99' (transaction ID: 3176)
[DW] bdMarketplace: executing task '99' (transaction ID: 3177)
[DW] bdMarketplace: executing task '99' (transaction ID: 3178)
[DW] bdMarketplace: executing task '99' (transaction ID: 3179)
[DW] bdMarketplace: executing task '99' (transaction ID: 3180)
[DW] bdMarketplace: executing task '99' (transaction ID: 3181)
[DW] bdMarketplace: executing task '99' (transaction ID: 3182)
[DW] bdMarketplace: executing task '99' (transaction ID: 3183)
[DW] bdMarketplace: executing task '99' (transaction ID: 3184)
[DW] bdMarketplace: executing task '99' (transaction ID: 3185)
[DW] bdMarketplace: executing task '99' (transaction ID: 3186)
[DW] bdMarketplace: executing task '99' (transaction ID: 3187)
[DW] bdMarketplace: executing task '99' (transaction ID: 3188)
[DW] bdMarketplace: executing task '99' (transaction ID: 3189)
[DW] bdMarketplace: executing task '99' (transaction ID: 3190)
[DW] bdMarketplace: executing task '99' (transaction ID: 3191)
[DW] bdMarketplace: executing task '99' (transaction ID: 3192)
[DW] bdMarketplace: executing task '99' (transaction ID: 3193)
[DW] bdMarketplace: executing task '99' (transaction ID: 3194)
[DW] bdMarketplace: executing task '99' (transaction ID: 3195)
[DW] bdMarketplace: executing task '99' (transaction ID: 3196)
[DW] bdMarketplace: executing task '99' (transaction ID: 3197)
[DW] bdMarketplace: executing task '99' (transaction ID: 3198)
[DW] bdMarketplace: executing task '99' (transaction ID: 3199)
[DW] bdMarketplace: executing task '99' (transaction ID: 3200)
[DW] bdMarketplace: executing task '99' (transaction ID: 3201)
[DW] bdMarketplace: executing task '99' (transaction ID: 3202)
[DW] bdMarketplace: executing task '99' (transaction ID: 3203)
[DW] bdMarketplace: executing task '99' (transaction ID: 3204)
[DW] bdMarketplace: executing task '99' (transaction ID: 3205)
[DW] bdMarketplace: executing task '99' (transaction ID: 3206)
[DW] bdMarketplace: executing task '99' (transaction ID: 3207)
[DW] bdMarketplace: executing task '99' (transaction ID: 3208)
[DW] bdMarketplace: executing task '99' (transaction ID: 3209)
[DW] bdMarketplace: executing task '99' (transaction ID: 3210)
[DW] bdMarketplace: executing task '99' (transaction ID: 3211)
[DW] bdMarketplace: executing task '99' (transaction ID: 3212)
[DW] bdMarketplace: executing task '99' (transaction ID: 3213)
[DW] bdMarketplace: executing task '99' (transaction ID: 3214)
[DW] bdMarketplace: executing task '99' (transaction ID: 3215)
[DW] bdMarketplace: executing task '99' (transaction ID: 3216)
[DW] bdMarketplace: executing task '99' (transaction ID: 3217)
[DW] bdMarketplace: executing task '99' (transaction ID: 3218)
[DW] bdMarketplace: executing task '99' (transaction ID: 3219)
[DW] bdMarketplace: executing task '99' (transaction ID: 3220)
[DW] bdMarketplace: executing task '99' (transaction ID: 3221)
[DW] bdMarketplace: executing task '99' (transaction ID: 3222)
[DW] bdMarketplace: executing task '99' (transaction ID: 3223)
[DW] bdMarketplace: executing task '99' (transaction ID: 3224)
[DW] bdMarketplace: executing task '99' (transaction ID: 3225)
[DW] bdMarketplace: executing task '99' (transaction ID: 3226)
[DW] bdMarketplace: executing task '99' (transaction ID: 3227)
[DW] bdMarketplace: executing task '99' (transaction ID: 3228)
[DW] bdMarketplace: executing task '99' (transaction ID: 3229)
[DW] bdMarketplace: executing task '99' (transaction ID: 3230)
[DW] bdMarketplace: executing task '99' (transaction ID: 3231)
[DW] bdMarketplace: executing task '99' (transaction ID: 3232)
[DW] bdMarketplace: executing task '99' (transaction ID: 3233)
[DW] bdMarketplace: executing task '99' (transaction ID: 3234)
[DW] bdMarketplace: executing task '99' (transaction ID: 3235)
[DW] bdMarketplace: executing task '99' (transaction ID: 3236)
[DW] bdMarketplace: executing task '99' (transaction ID: 3237)
[DW] bdMarketplace: executing task '99' (transaction ID: 3238)
[DW] bdMarketplace: executing task '99' (transaction ID: 3239)
[DW] bdMarketplace: executing task '99' (transaction ID: 3240)
[DW] bdMarketplace: executing task '99' (transaction ID: 3241)
[DW] bdMarketplace: executing task '99' (transaction ID: 3242)
[DW] bdMarketplace: executing task '99' (transaction ID: 3243)
[DW] bdMarketplace: executing task '99' (transaction ID: 3244)
[DW] bdMarketplace: executing task '99' (transaction ID: 3245)
[DW] bdMarketplace: executing task '99' (transaction ID: 3246)
[DW] bdMarketplace: executing task '99' (transaction ID: 3247)
[DW] bdMarketplace: executing task '99' (transaction ID: 3248)
[DW] bdMarketplace: executing task '99' (transaction ID: 3249)
[DW] bdMarketplace: executing task '99' (transaction ID: 3250)
[DW] bdMarketplace: executing task '99' (transaction ID: 3251)
[DW] bdMarketplace: executing task '99' (transaction ID: 3252)
[DW] bdMarketplace: executing task '99' (transaction ID: 3253)
[DW] bdMarketplace: executing task '99' (transaction ID: 3254)
[DW] bdMarketplace: executing task '99' (transaction ID: 3255)
[DW] bdMarketplace: executing task '99' (transaction ID: 3256)
[DW] bdMarketplace: executing task '99' (transaction ID: 3257)
[DW] bdMarketplace: executing task '99' (transaction ID: 3258)
[DW] bdMarketplace: executing task '99' (transaction ID: 3259)
[DW] bdMarketplace: executing task '99' (transaction ID: 3260)
[DW] bdMarketplace: executing task '99' (transaction ID: 3261)
[DW] bdMarketplace: executing task '99' (transaction ID: 3262)
[DW] bdMarketplace: executing task '99' (transaction ID: 3263)
[DW] bdMarketplace: executing task '99' (transaction ID: 3264)
[DW] bdMarketplace: executing task '99' (transaction ID: 3265)
[DW] bdMarketplace: executing task '99' (transaction ID: 3266)
[DW] bdMarketplace: executing task '99' (transaction ID: 3267)
[DW] bdMarketplace: executing task '99' (transaction ID: 3268)
[DW] bdMarketplace: executing task '99' (transaction ID: 3269)
[DW] bdMarketplace: executing task '99' (transaction ID: 3270)
[DW] bdMarketplace: executing task '99' (transaction ID: 3271)
[DW] bdMarketplace: executing task '99' (transaction ID: 3272)
[DW] bdMarketplace: executing task '99' (transaction ID: 3273)
[DW] bdMarketplace: executing task '99' (transaction ID: 3274)
[DW] bdMarketplace: executing task '99' (transaction ID: 3275)
[DW] bdMarketplace: executing task '99' (transaction ID: 3276)
[DW] bdMarketplace: executing task '99' (transaction ID: 3277)
[DW] bdMarketplace: executing task '99' (transaction ID: 3278)
[DW] bdMarketplace: executing task '99' (transaction ID: 3279)
[DW] bdMarketplace: executing task '99' (transaction ID: 3280)
[DW] bdMarketplace: executing task '99' (transaction ID: 3281)
[DW] bdMarketplace: executing task '99' (transaction ID: 3282)
[DW] bdMarketplace: executing task '99' (transaction ID: 3283)
[DW] bdMarketplace: executing task '99' (transaction ID: 3284)
[DW] bdMarketplace: executing task '99' (transaction ID: 3285)
[DW] bdMarketplace: executing task '99' (transaction ID: 3286)
[DW] bdMarketplace: executing task '99' (transaction ID: 3287)
[DW] bdMarketplace: executing task '99' (transaction ID: 3288)
[DW] bdMarketplace: executing task '99' (transaction ID: 3289)
[DW] bdMarketplace: executing task '99' (transaction ID: 3290)
[DW] bdMarketplace: executing task '99' (transaction ID: 3291)
[DW] bdMarketplace: executing task '99' (transaction ID: 3292)
[DW] bdMarketplace: executing task '99' (transaction ID: 3293)
[DW] bdMarketplace: executing task '99' (transaction ID: 3294)
[DW] bdMarketplace: executing task '99' (transaction ID: 3295)
[DW] bdMarketplace: executing task '99' (transaction ID: 3296)
[DW] bdMarketplace: executing task '99' (transaction ID: 3297)
[DW] bdMarketplace: executing task '99' (transaction ID: 3298)
[DW] bdMarketplace: executing task '99' (transaction ID: 3299)
[DW] bdMarketplace: executing task '99' (transaction ID: 3300)
[DW] bdMarketplace: executing task '99' (transaction ID: 3301)
[DW] bdMarketplace: executing task '99' (transaction ID: 3302)
[DW] bdMarketplace: executing task '99' (transaction ID: 3303)
[DW] bdMarketplace: executing task '99' (transaction ID: 3304)
[DW] bdMarketplace: executing task '99' (transaction ID: 3305)
[DW] bdMarketplace: executing task '99' (transaction ID: 3306)
[DW] bdMarketplace: executing task '99' (transaction ID: 3307)
[DW] bdMarketplace: executing task '99' (transaction ID: 3308)
[DW] bdMarketplace: executing task '99' (transaction ID: 3309)
[DW] bdMarketplace: executing task '99' (transaction ID: 3310)
[DW] bdMarketplace: executing task '99' (transaction ID: 3311)
[DW] bdMarketplace: executing task '99' (transaction ID: 3312)
[DW] bdMarketplace: executing task '99' (transaction ID: 3313)
[DW] bdMarketplace: executing task '99' (transaction ID: 3314)
[DW] bdMarketplace: executing task '99' (transaction ID: 3315)
[DW] bdMarketplace: executing task '99' (transaction ID: 3316)
[DW] bdMarketplace: executing task '99' (transaction ID: 3317)
[DW] bdMarketplace: executing task '99' (transaction ID: 3318)
[DW] bdMarketplace: executing task '99' (transaction ID: 3319)
[DW] bdMarketplace: executing task '99' (transaction ID: 3320)
[DW] bdMarketplace: executing task '99' (transaction ID: 3321)
[DW] bdMarketplace: executing task '99' (transaction ID: 3322)
[DW] bdMarketplace: executing task '99' (transaction ID: 3323)
[DW] bdMarketplace: executing task '99' (transaction ID: 3324)
[DW] bdMarketplace: executing task '99' (transaction ID: 3325)
[DW] bdMarketplace: executing task '99' (transaction ID: 3326)
[DW] bdMarketplace: executing task '99' (transaction ID: 3327)
[DW] bdMarketplace: executing task '99' (transaction ID: 3328)
[DW] bdMarketplace: executing task '99' (transaction ID: 3329)
[DW] bdMarketplace: executing task '99' (transaction ID: 3330)
[DW] bdMarketplace: executing task '99' (transaction ID: 3331)
[DW] bdMarketplace: executing task '99' (transaction ID: 3332)
[DW] bdMarketplace: executing task '99' (transaction ID: 3333)
[DW] bdMarketplace: executing task '99' (transaction ID: 3334)
[DW] bdMarketplace: executing task '99' (transaction ID: 3335)
[DW] bdMarketplace: executing task '99' (transaction ID: 3336)
[DW] bdMarketplace: executing task '99' (transaction ID: 3337)
[DW] bdMarketplace: executing task '99' (transaction ID: 3338)
[DW] bdMarketplace: executing task '99' (transaction ID: 3339)
[DW] bdMarketplace: executing task '99' (transaction ID: 3340)
[DW] bdMarketplace: executing task '99' (transaction ID: 3341)
[DW] bdMarketplace: executing task '99' (transaction ID: 3342)
[DW] bdMarketplace: executing task '99' (transaction ID: 3343)
[DW] bdMarketplace: executing task '99' (transaction ID: 3344)
[DW] bdMarketplace: executing task '99' (transaction ID: 3345)
[DW] bdMarketplace: executing task '99' (transaction ID: 3346)
[DW] bdMarketplace: executing task '99' (transaction ID: 3347)
[DW] bdMarketplace: executing task '99' (transaction ID: 3348)
[DW] bdMarketplace: executing task '99' (transaction ID: 3349)
[DW] bdMarketplace: executing task '99' (transaction ID: 3350)
[DW] bdMarketplace: executing task '99' (transaction ID: 3351)
[DW] bdMarketplace: executing task '99' (transaction ID: 3352)
[DW] bdMarketplace: executing task '99' (transaction ID: 3353)
[DW] bdMarketplace: executing task '99' (transaction ID: 3354)
[DW] bdMarketplace: executing task '99' (transaction ID: 3355)
[DW] bdMarketplace: executing task '99' (transaction ID: 3356)
[DW] bdMarketplace: executing task '99' (transaction ID: 3357)
[DW] bdMarketplace: executing task '99' (transaction ID: 3358)
[DW] bdMarketplace: executing task '99' (transaction ID: 3359)
[DW] bdMarketplace: executing task '99' (transaction ID: 3360)
[DW] bdMarketplace: executing task '99' (transaction ID: 3361)
[DW] bdMarketplace: executing task '99' (transaction ID: 3362)
[DW] bdMarketplace: executing task '99' (transaction ID: 3363)
[DW] bdMarketplace: executing task '99' (transaction ID: 3364)
[DW] bdMarketplace: executing task '99' (transaction ID: 3365)
[DW] bdMarketplace: executing task '99' (transaction ID: 3366)
[DW] bdMarketplace: executing task '99' (transaction ID: 3367)
[DW] bdMarketplace: executing task '99' (transaction ID: 3368)
[DW] bdMarketplace: executing task '99' (transaction ID: 3369)
[DW] bdMarketplace: executing task '99' (transaction ID: 3370)
[DW] bdMarketplace: executing task '99' (transaction ID: 3371)
[DW] bdMarketplace: executing task '99' (transaction ID: 3372)
[DW] bdMarketplace: executing task '99' (transaction ID: 3373)
[DW] bdMarketplace: executing task '99' (transaction ID: 3374)
[DW] bdMarketplace: executing task '99' (transaction ID: 3375)
[DW] bdMarketplace: executing task '99' (transaction ID: 3376)
[DW] bdMarketplace: executing task '99' (transaction ID: 3377)
[DW] bdMarketplace: executing task '99' (transaction ID: 3378)
[DW] bdMarketplace: executing task '99' (transaction ID: 3379)
[DW] bdMarketplace: executing task '99' (transaction ID: 3380)
[DW] bdMarketplace: executing task '99' (transaction ID: 3381)
[DW] bdMarketplace: executing task '99' (transaction ID: 3382)
[DW] bdMarketplace: executing task '99' (transaction ID: 3383)
[DW] bdMarketplace: executing task '99' (transaction ID: 3384)
[DW] bdMarketplace: executing task '99' (transaction ID: 3385)
[DW] bdMarketplace: executing task '99' (transaction ID: 3386)
[DW] bdMarketplace: executing task '99' (transaction ID: 3387)
[DW] bdMarketplace: executing task '99' (transaction ID: 3388)
[DW] bdMarketplace: executing task '99' (transaction ID: 3389)
[DW] bdMarketplace: executing task '99' (transaction ID: 3390)
[DW] bdMarketplace: executing task '99' (transaction ID: 3391)
[DW] bdMarketplace: executing task '99' (transaction ID: 3392)
[DW] bdMarketplace: executing task '99' (transaction ID: 3393)
[DW] bdMarketplace: executing task '99' (transaction ID: 3394)
[DW] bdMarketplace: executing task '99' (transaction ID: 3395)
[DW] bdMarketplace: executing task '99' (transaction ID: 3396)
[DW] bdMarketplace: executing task '99' (transaction ID: 3397)
[DW] bdMarketplace: executing task '99' (transaction ID: 3398)
[DW] bdMarketplace: executing task '99' (transaction ID: 3399)
[DW] bdMarketplace: executing task '99' (transaction ID: 3400)
[DW] bdMarketplace: executing task '99' (transaction ID: 3401)
[DW] bdMarketplace: executing task '99' (transaction ID: 3402)
[DW] bdMarketplace: executing task '99' (transaction ID: 3403)
[DW] bdMarketplace: executing task '99' (transaction ID: 3404)
[DW] bdMarketplace: executing task '99' (transaction ID: 3405)
[DW] bdMarketplace: executing task '99' (transaction ID: 3406)
[DW] bdMarketplace: executing task '99' (transaction ID: 3407)
[DW] bdMarketplace: executing task '99' (transaction ID: 3408)
[DW] bdMarketplace: executing task '99' (transaction ID: 3409)
[DW] bdMarketplace: executing task '99' (transaction ID: 3410)
[DW] bdMarketplace: executing task '99' (transaction ID: 3411)
[DW] bdMarketplace: executing task '99' (transaction ID: 3412)
[DW] bdMarketplace: executing task '99' (transaction ID: 3413)
[DW] bdMarketplace: executing task '99' (transaction ID: 3414)
[DW] bdMarketplace: executing task '99' (transaction ID: 3415)
[DW] bdMarketplace: executing task '99' (transaction ID: 3416)
[DW] bdMarketplace: executing task '99' (transaction ID: 3417)
[DW] bdMarketplace: executing task '99' (transaction ID: 3418)
[DW] bdMarketplace: executing task '99' (transaction ID: 3419)
[DW] bdMarketplace: executing task '99' (transaction ID: 3420)
[DW] bdMarketplace: executing task '99' (transaction ID: 3421)
[DW] bdMarketplace: executing task '99' (transaction ID: 3422)
[DW] bdMarketplace: executing task '99' (transaction ID: 3423)
[DW] bdMarketplace: executing task '99' (transaction ID: 3424)
[DW] bdMarketplace: executing task '99' (transaction ID: 3425)
[DW] bdMarketplace: executing task '99' (transaction ID: 3426)
[DW] bdMarketplace: executing task '99' (transaction ID: 3427)
[DW] bdMarketplace: executing task '99' (transaction ID: 3428)
[DW] bdMarketplace: executing task '99' (transaction ID: 3429)
[DW] bdMarketplace: executing task '99' (transaction ID: 3430)
[DW] bdMarketplace: executing task '99' (transaction ID: 3431)
[DW] bdMarketplace: executing task '99' (transaction ID: 3432)
[DW] bdMarketplace: executing task '99' (transaction ID: 3433)
[DW] bdMarketplace: executing task '99' (transaction ID: 3434)
[DW] bdMarketplace: executing task '99' (transaction ID: 3435)
[DW] bdReward: executing task '12' (transaction ID: 3436)
[HQ protocol] reward_12: 136 raw bytes at s2x/dump/dw/hq_reward_12_25248_93.bin
[HQ event] picked_up_payroll (picked_up_payroll), timestamp 1789272049000000, 2 parameters
  1=1
  2=0
[HQ event] picked_up_payroll (picked_up_payroll), timestamp 1789272064000000, 2 parameters
  1=1
  2=0
[DW] bdMarketplace: executing task '99' (transaction ID: 3437)
[DW] bdMarketplace: executing task '99' (transaction ID: 3438)
[DW] bdMarketplace: executing task '99' (transaction ID: 3439)
[DW] bdMarketplace: executing task '99' (transaction ID: 3440)
[DW] bdMarketplace: executing task '99' (transaction ID: 3441)
[DW] bdMarketplace: executing task '99' (transaction ID: 3442)
[DW] bdMarketplace: executing task '99' (transaction ID: 3443)
[DW] bdMarketplace: executing task '99' (transaction ID: 3444)
[DW] bdMarketplace: executing task '99' (transaction ID: 3445)
[DW] bdMarketplace: executing task '99' (transaction ID: 3446)
[DW] bdMarketplace: executing task '99' (transaction ID: 3447)
[DW] bdMarketplace: executing task '99' (transaction ID: 3448)
[DW] bdMarketplace: executing task '99' (transaction ID: 3449)
[DW] bdMarketplace: executing task '99' (transaction ID: 3450)
[DW] bdMarketplace: executing task '99' (transaction ID: 3451)
[DW] bdMarketplace: executing task '99' (transaction ID: 3452)
[DW] bdMarketplace: executing task '99' (transaction ID: 3453)
[DW] bdMarketplace: executing task '99' (transaction ID: 3454)
[DW] bdMarketplace: executing task '99' (transaction ID: 3455)
[DW] bdMarketplace: executing task '99' (transaction ID: 3456)
[DW] bdMarketplace: executing task '99' (transaction ID: 3457)
[DW] bdMarketplace: executing task '99' (transaction ID: 3458)
[DW] bdMarketplace: executing task '99' (transaction ID: 3459)
[DW] bdMarketplace: executing task '99' (transaction ID: 3460)
[DW] bdMarketplace: executing task '99' (transaction ID: 3461)
[DW] bdMarketplace: executing task '99' (transaction ID: 3462)
[DW] bdMarketplace: executing task '99' (transaction ID: 3463)
[DW] bdMarketplace: executing task '99' (transaction ID: 3464)
[DW] bdMarketplace: executing task '99' (transaction ID: 3465)
[DW] bdMarketplace: executing task '99' (transaction ID: 3466)
[DW] bdMarketplace: executing task '99' (transaction ID: 3467)
[DW] bdMarketplace: executing task '99' (transaction ID: 3468)
[DW] bdMarketplace: executing task '99' (transaction ID: 3469)
[DW] bdMarketplace: executing task '99' (transaction ID: 3470)
[DW] bdMarketplace: executing task '99' (transaction ID: 3471)
[DW] bdMarketplace: executing task '99' (transaction ID: 3472)
[DW] bdMarketplace: executing task '99' (transaction ID: 3473)
[DW] bdMarketplace: executing task '99' (transaction ID: 3474)
[DW] bdMarketplace: executing task '99' (transaction ID: 3475)
[DW] bdMarketplace: executing task '99' (transaction ID: 3476)
[DW] bdMarketplace: executing task '99' (transaction ID: 3477)
[DW] bdMarketplace: executing task '99' (transaction ID: 3478)
[DW] bdMarketplace: executing task '99' (transaction ID: 3479)
[DW] bdMarketplace: executing task '99' (transaction ID: 3480)
[DW] bdMarketplace: executing task '99' (transaction ID: 3481)
[DW] bdMarketplace: executing task '99' (transaction ID: 3482)
[DW] bdMarketplace: executing task '99' (transaction ID: 3483)
[DW] bdMarketplace: executing task '99' (transaction ID: 3484)
[DW] bdMarketplace: executing task '99' (transaction ID: 3485)
[DW] bdMarketplace: executing task '99' (transaction ID: 3486)
[DW] bdMarketplace: executing task '99' (transaction ID: 3487)
[DW] bdMarketplace: executing task '99' (transaction ID: 3488)
[DW] bdMarketplace: executing task '99' (transaction ID: 3489)
[DW] bdMarketplace: executing task '99' (transaction ID: 3490)
[DW] bdMarketplace: executing task '99' (transaction ID: 3491)
[DW] bdMarketplace: executing task '99' (transaction ID: 3492)
[DW] bdMarketplace: executing task '99' (transaction ID: 3493)
[DW] bdMarketplace: executing task '99' (transaction ID: 3494)
[DW] bdMarketplace: executing task '99' (transaction ID: 3495)
[DW] bdMarketplace: executing task '99' (transaction ID: 3496)
[DW] bdMarketplace: executing task '99' (transaction ID: 3497)
[DW] bdMarketplace: executing task '99' (transaction ID: 3498)
[DW] bdMarketplace: executing task '99' (transaction ID: 3499)
[DW] bdMarketplace: executing task '99' (transaction ID: 3500)
[DW] bdMarketplace: executing task '99' (transaction ID: 3501)
[DW] bdMarketplace: executing task '99' (transaction ID: 3502)
[DW] bdMarketplace: executing task '99' (transaction ID: 3503)
[DW] bdMarketplace: executing task '99' (transaction ID: 3504)
[DW] bdMarketplace: executing task '99' (transaction ID: 3505)
[DW] bdMarketplace: executing task '99' (transaction ID: 3506)
[DW] bdMarketplace: executing task '99' (transaction ID: 3507)
[DW] bdMarketplace: executing task '99' (transaction ID: 3508)
[DW] bdMarketplace: executing task '99' (transaction ID: 3509)
[DW] bdMarketplace: executing task '99' (transaction ID: 3510)
[DW] bdMarketplace: executing task '99' (transaction ID: 3511)
[DW] bdMarketplace: executing task '99' (transaction ID: 3512)
[DW] bdMarketplace: executing task '99' (transaction ID: 3513)
[DW] bdMarketplace: executing task '99' (transaction ID: 3514)
[DW] bdMarketplace: executing task '99' (transaction ID: 3515)
[DW] bdMarketplace: executing task '99' (transaction ID: 3516)
[DW] bdMarketplace: executing task '99' (transaction ID: 3517)
[DW] bdMarketplace: executing task '99' (transaction ID: 3518)
[DW] bdMarketplace: executing task '99' (transaction ID: 3519)
[DW] bdMarketplace: executing task '99' (transaction ID: 3520)
[DW] bdMarketplace: executing task '99' (transaction ID: 3521)
[DW] bdMarketplace: executing task '99' (transaction ID: 3522)
[DW] bdMarketplace: executing task '99' (transaction ID: 3523)
[DW] bdMarketplace: executing task '99' (transaction ID: 3524)
[DW] bdMarketplace: executing task '99' (transaction ID: 3525)
[DW] bdMarketplace: executing task '99' (transaction ID: 3526)
[DW] bdMarketplace: executing task '99' (transaction ID: 3527)
[DW] bdMarketplace: executing task '99' (transaction ID: 3528)
[DW] bdMarketplace: executing task '99' (transaction ID: 3529)
[DW] bdMarketplace: executing task '99' (transaction ID: 3530)
[DW] bdMarketplace: executing task '99' (transaction ID: 3531)
[DW] bdMarketplace: executing task '99' (transaction ID: 3532)
[DW] bdMarketplace: executing task '99' (transaction ID: 3533)
[DW] bdMarketplace: executing task '99' (transaction ID: 3534)
[DW] bdMarketplace: executing task '99' (transaction ID: 3535)
[DW] bdMarketplace: executing task '99' (transaction ID: 3536)
[DW] bdMarketplace: executing task '99' (transaction ID: 3537)
[DW] bdMarketplace: executing task '99' (transaction ID: 3538)
[DW] bdMarketplace: executing task '99' (transaction ID: 3539)
[DW] bdMarketplace: executing task '99' (transaction ID: 3540)
[DW] bdMarketplace: executing task '99' (transaction ID: 3541)
[DW] bdMarketplace: executing task '99' (transaction ID: 3542)
[DW] bdMarketplace: executing task '99' (transaction ID: 3543)
[DW] bdMarketplace: executing task '99' (transaction ID: 3544)
[DW] bdMarketplace: executing task '99' (transaction ID: 3545)
[DW] bdMarketplace: executing task '99' (transaction ID: 3546)
[DW] bdMarketplace: executing task '99' (transaction ID: 3547)
[DW] bdMarketplace: executing task '99' (transaction ID: 3548)
[DW] bdMarketplace: executing task '99' (transaction ID: 3549)
[DW] bdMarketplace: executing task '99' (transaction ID: 3550)
[DW] bdMarketplace: executing task '99' (transaction ID: 3551)
[DW] bdMarketplace: executing task '99' (transaction ID: 3552)
[DW] bdMarketplace: executing task '99' (transaction ID: 3553)
[DW] bdMarketplace: executing task '99' (transaction ID: 3554)
[DW] bdMarketplace: executing task '99' (transaction ID: 3555)
[DW] bdReward: executing task '11' (transaction ID: 3556)
[HQ event] enter_hub (enter_hub), timestamp 1789272014000000, 1 parameters
  1=1
[DW] bdMarketplace: executing task '99' (transaction ID: 3557)
[DW] bdMarketplace: executing task '99' (transaction ID: 3558)
[DW] bdMarketplace: executing task '99' (transaction ID: 3559)
[DW] bdMarketplace: executing task '99' (transaction ID: 3560)
[DW] bdMarketplace: executing task '99' (transaction ID: 3561)
[DW] bdMarketplace: executing task '99' (transaction ID: 3562)
[DW] bdMarketplace: executing task '99' (transaction ID: 3563)
[DW] bdMarketplace: executing task '99' (transaction ID: 3564)
[DW] bdMarketplace: executing task '99' (transaction ID: 3565)
[DW] bdMarketplace: executing task '99' (transaction ID: 3566)
[DW] bdMarketplace: executing task '99' (transaction ID: 3567)
[DW] bdMarketplace: executing task '99' (transaction ID: 3568)
[DW] bdMarketplace: executing task '99' (transaction ID: 3569)
[DW] bdMarketplace: executing task '99' (transaction ID: 3570)
[DW] bdMarketplace: executing task '99' (transaction ID: 3571)
[DW] bdMarketplace: executing task '99' (transaction ID: 3572)
[DW] bdMarketplace: executing task '99' (transaction ID: 3573)
[DW] bdMarketplace: executing task '99' (transaction ID: 3574)
[DW] bdMarketplace: executing task '99' (transaction ID: 3575)
[DW] bdMarketplace: executing task '99' (transaction ID: 3576)
[DW] bdMarketplace: executing task '99' (transaction ID: 3577)
[DW] bdMarketplace: executing task '99' (transaction ID: 3578)
[DW] bdMarketplace: executing task '99' (transaction ID: 3579)
[DW] bdMarketplace: executing task '99' (transaction ID: 3580)
[DW] bdMarketplace: executing task '99' (transaction ID: 3581)
[DW] bdMarketplace: executing task '99' (transaction ID: 3582)
[DW] bdMarketplace: executing task '99' (transaction ID: 3583)
[DW] bdMarketplace: executing task '99' (transaction ID: 3584)
[DW] bdMarketplace: executing task '99' (transaction ID: 3585)
[DW] bdMarketplace: executing task '99' (transaction ID: 3586)
[DW] bdMarketplace: executing task '99' (transaction ID: 3587)
[DW] bdMarketplace: executing task '99' (transaction ID: 3588)
[DW] bdMarketplace: executing task '99' (transaction ID: 3589)
[DW] bdMarketplace: executing task '99' (transaction ID: 3590)
[DW] bdMarketplace: executing task '99' (transaction ID: 3591)
[DW] bdMarketplace: executing task '99' (transaction ID: 3592)
[DW] bdMarketplace: executing task '99' (transaction ID: 3593)
[DW] bdMarketplace: executing task '99' (transaction ID: 3594)
[DW] bdMarketplace: executing task '99' (transaction ID: 3595)
[DW] bdMarketplace: executing task '99' (transaction ID: 3596)
[DW] bdMarketplace: executing task '99' (transaction ID: 3597)
[DW] bdMarketplace: executing task '99' (transaction ID: 3598)
[DW] bdMarketplace: executing task '99' (transaction ID: 3599)
[DW] bdMarketplace: executing task '99' (transaction ID: 3600)
[DW] bdMarketplace: executing task '99' (transaction ID: 3601)
[DW] bdMarketplace: executing task '99' (transaction ID: 3602)
[DW] bdMarketplace: executing task '99' (transaction ID: 3603)
[DW] bdMarketplace: executing task '99' (transaction ID: 3604)
[DW] bdMarketplace: executing task '99' (transaction ID: 3605)
[DW] bdMarketplace: executing task '99' (transaction ID: 3606)
[DW] bdMarketplace: executing task '99' (transaction ID: 3607)
[DW] bdMarketplace: executing task '99' (transaction ID: 3608)
[DW] bdMarketplace: executing task '99' (transaction ID: 3609)
[DW] bdMarketplace: executing task '99' (transaction ID: 3610)
[DW] bdMarketplace: executing task '99' (transaction ID: 3611)
[DW] bdMarketplace: executing task '99' (transaction ID: 3612)
[DW] bdMarketplace: executing task '99' (transaction ID: 3613)
[DW] bdMarketplace: executing task '99' (transaction ID: 3614)
[DW] bdMarketplace: executing task '99' (transaction ID: 3615)
[DW] bdMarketplace: executing task '99' (transaction ID: 3616)
[DW] bdMarketplace: executing task '99' (transaction ID: 3617)
[DW] bdMarketplace: executing task '99' (transaction ID: 3618)
[DW] bdMarketplace: executing task '99' (transaction ID: 3619)
[DW] bdMarketplace: executing task '99' (transaction ID: 3620)
[DW] bdMarketplace: executing task '99' (transaction ID: 3621)
[DW] bdMarketplace: executing task '99' (transaction ID: 3622)
[DW] bdMarketplace: executing task '99' (transaction ID: 3623)
[DW] bdMarketplace: executing task '99' (transaction ID: 3624)
[DW] bdMarketplace: executing task '99' (transaction ID: 3625)
[DW] bdMarketplace: executing task '99' (transaction ID: 3626)
[DW] bdMarketplace: executing task '99' (transaction ID: 3627)
[DW] bdMarketplace: executing task '99' (transaction ID: 3628)
[DW] bdMarketplace: executing task '99' (transaction ID: 3629)
[DW] bdMarketplace: executing task '99' (transaction ID: 3630)
[DW] bdMarketplace: executing task '99' (transaction ID: 3631)
[DW] bdMarketplace: executing task '99' (transaction ID: 3632)
[DW] bdMarketplace: executing task '99' (transaction ID: 3633)
[DW] bdMarketplace: executing task '99' (transaction ID: 3634)
[DW] bdMarketplace: executing task '99' (transaction ID: 3635)
[DW] bdMarketplace: executing task '99' (transaction ID: 3636)
[DW] bdMarketplace: executing task '99' (transaction ID: 3637)
[DW] bdMarketplace: executing task '99' (transaction ID: 3638)
[DW] bdMarketplace: executing task '99' (transaction ID: 3639)
[DW] bdMarketplace: executing task '99' (transaction ID: 3640)
[DW] bdMarketplace: executing task '99' (transaction ID: 3641)
[DW] bdMarketplace: executing task '99' (transaction ID: 3642)
[DW] bdMarketplace: executing task '99' (transaction ID: 3643)
[DW] bdMarketplace: executing task '99' (transaction ID: 3644)
[DW] bdMarketplace: executing task '99' (transaction ID: 3645)
[DW] bdMarketplace: executing task '99' (transaction ID: 3646)
[DW] bdMarketplace: executing task '99' (transaction ID: 3647)
[DW] bdMarketplace: executing task '99' (transaction ID: 3648)
[DW] bdMarketplace: executing task '99' (transaction ID: 3649)
[DW] bdMarketplace: executing task '99' (transaction ID: 3650)
[DW] bdMarketplace: executing task '99' (transaction ID: 3651)
[DW] bdMarketplace: executing task '99' (transaction ID: 3652)
[DW] bdMarketplace: executing task '99' (transaction ID: 3653)
[DW] bdMarketplace: executing task '99' (transaction ID: 3654)
[DW] bdMarketplace: executing task '99' (transaction ID: 3655)
[DW] bdMarketplace: executing task '99' (transaction ID: 3656)
[DW] bdMarketplace: executing task '99' (transaction ID: 3657)
[DW] bdMarketplace: executing task '99' (transaction ID: 3658)
[DW] bdMarketplace: executing task '99' (transaction ID: 3659)
[DW] bdMarketplace: executing task '99' (transaction ID: 3660)
[DW] bdMarketplace: executing task '99' (transaction ID: 3661)
[DW] bdMarketplace: executing task '99' (transaction ID: 3662)
[DW] bdMarketplace: executing task '99' (transaction ID: 3663)
[DW] bdMarketplace: executing task '99' (transaction ID: 3664)
[DW] bdMarketplace: executing task '99' (transaction ID: 3665)
[DW] bdMarketplace: executing task '99' (transaction ID: 3666)
[DW] bdMarketplace: executing task '99' (transaction ID: 3667)
[DW] bdMarketplace: executing task '99' (transaction ID: 3668)
[DW] bdMarketplace: executing task '99' (transaction ID: 3669)
[DW] bdMarketplace: executing task '99' (transaction ID: 3670)
[DW] bdMarketplace: executing task '99' (transaction ID: 3671)
[DW] bdMarketplace: executing task '99' (transaction ID: 3672)
[DW] bdMarketplace: executing task '99' (transaction ID: 3673)
[DW] bdMarketplace: executing task '99' (transaction ID: 3674)
[DW] bdMarketplace: executing task '99' (transaction ID: 3675)
[DW] bdMatchMaking: executing task '2' (transaction ID: 3676)
[DW] bdMarketplace: executing task '99' (transaction ID: 3677)
[DW] bdMarketplace: executing task '99' (transaction ID: 3678)
[DW] bdMarketplace: executing task '99' (transaction ID: 3679)
[DW] bdMarketplace: executing task '99' (transaction ID: 3680)
[DW] bdMarketplace: executing task '99' (transaction ID: 3681)
[DW] bdMarketplace: executing task '99' (transaction ID: 3682)
[DW] bdMarketplace: executing task '99' (transaction ID: 3683)
[DW] bdMarketplace: executing task '99' (transaction ID: 3684)
[DW] bdMarketplace: executing task '99' (transaction ID: 3685)
[DW] bdMarketplace: executing task '99' (transaction ID: 3686)
[DW] bdMarketplace: executing task '99' (transaction ID: 3687)
[DW] bdMarketplace: executing task '99' (transaction ID: 3688)
[DW] bdMarketplace: executing task '99' (transaction ID: 3689)
[DW] bdMarketplace: executing task '99' (transaction ID: 3690)
[DW] bdMarketplace: executing task '99' (transaction ID: 3691)
[DW] bdMarketplace: executing task '99' (transaction ID: 3692)
[DW] bdMarketplace: executing task '99' (transaction ID: 3693)
[DW] bdMarketplace: executing task '99' (transaction ID: 3694)
[DW] bdMarketplace: executing task '99' (transaction ID: 3695)
[DW] bdMarketplace: executing task '99' (transaction ID: 3696)
[DW] bdMarketplace: executing task '99' (transaction ID: 3697)
[DW] bdMarketplace: executing task '99' (transaction ID: 3698)
[DW] bdMarketplace: executing task '99' (transaction ID: 3699)
[DW] bdMarketplace: executing task '99' (transaction ID: 3700)
[DW] bdMarketplace: executing task '99' (transaction ID: 3701)
[DW] bdMarketplace: executing task '99' (transaction ID: 3702)
[DW] bdMarketplace: executing task '99' (transaction ID: 3703)
[DW] bdMarketplace: executing task '99' (transaction ID: 3704)
[DW] bdMarketplace: executing task '99' (transaction ID: 3705)
[DW] bdMarketplace: executing task '99' (transaction ID: 3706)
[DW] bdMarketplace: executing task '99' (transaction ID: 3707)
[DW] bdMarketplace: executing task '99' (transaction ID: 3708)
[DW] bdMarketplace: executing task '99' (transaction ID: 3709)
[DW] bdMarketplace: executing task '99' (transaction ID: 3710)
[DW] bdMarketplace: executing task '99' (transaction ID: 3711)
[DW] bdMarketplace: executing task '99' (transaction ID: 3712)
[DW] bdMarketplace: executing task '99' (transaction ID: 3713)
[DW] bdMarketplace: executing task '99' (transaction ID: 3714)
[DW] bdMarketplace: executing task '99' (transaction ID: 3715)
[DW] bdMarketplace: executing task '99' (transaction ID: 3716)
[DW] bdMarketplace: executing task '99' (transaction ID: 3717)
[DW] bdMarketplace: executing task '99' (transaction ID: 3718)
[DW] bdMarketplace: executing task '99' (transaction ID: 3719)
[DW] bdMarketplace: executing task '99' (transaction ID: 3720)
[DW] bdMarketplace: executing task '99' (transaction ID: 3721)
[DW] bdMarketplace: executing task '99' (transaction ID: 3722)
[DW] bdMarketplace: executing task '99' (transaction ID: 3723)
[DW] bdMarketplace: executing task '99' (transaction ID: 3724)
[DW] bdMarketplace: executing task '99' (transaction ID: 3725)
[DW] bdMarketplace: executing task '99' (transaction ID: 3726)
[DW] bdMarketplace: executing task '99' (transaction ID: 3727)
[DW] bdMarketplace: executing task '99' (transaction ID: 3728)
[DW] bdMarketplace: executing task '99' (transaction ID: 3729)
[DW] bdMarketplace: executing task '99' (transaction ID: 3730)
[DW] bdMarketplace: executing task '99' (transaction ID: 3731)
[DW] bdMarketplace: executing task '99' (transaction ID: 3732)
[DW] bdMarketplace: executing task '99' (transaction ID: 3733)
[DW] bdMarketplace: executing task '99' (transaction ID: 3734)
[DW] bdMarketplace: executing task '99' (transaction ID: 3735)
[DW] bdMarketplace: executing task '99' (transaction ID: 3736)
[DW] bdMarketplace: executing task '99' (transaction ID: 3737)
[DW] bdMarketplace: executing task '99' (transaction ID: 3738)
[DW] bdMarketplace: executing task '99' (transaction ID: 3739)
[DW] bdMarketplace: executing task '99' (transaction ID: 3740)
[DW] bdMarketplace: executing task '99' (transaction ID: 3741)
[DW] bdMarketplace: executing task '99' (transaction ID: 3742)
[DW] bdMarketplace: executing task '99' (transaction ID: 3743)
[DW] bdMarketplace: executing task '99' (transaction ID: 3744)
[DW] bdMarketplace: executing task '99' (transaction ID: 3745)
[DW] bdMarketplace: executing task '99' (transaction ID: 3746)
[DW] bdMarketplace: executing task '99' (transaction ID: 3747)
[DW] bdMarketplace: executing task '99' (transaction ID: 3748)
[DW] bdMarketplace: executing task '99' (transaction ID: 3749)
[DW] bdMarketplace: executing task '99' (transaction ID: 3750)
[DW] bdMarketplace: executing task '99' (transaction ID: 3751)
[DW] bdMarketplace: executing task '99' (transaction ID: 3752)
[DW] bdMarketplace: executing task '99' (transaction ID: 3753)
[DW] bdMarketplace: executing task '99' (transaction ID: 3754)
[DW] bdMarketplace: executing task '99' (transaction ID: 3755)
[DW] bdMarketplace: executing task '99' (transaction ID: 3756)
[DW] bdMarketplace: executing task '99' (transaction ID: 3757)
[DW] bdMarketplace: executing task '99' (transaction ID: 3758)
[DW] bdMarketplace: executing task '99' (transaction ID: 3759)
[DW] bdMarketplace: executing task '99' (transaction ID: 3760)
[DW] bdMarketplace: executing task '99' (transaction ID: 3761)
[DW] bdMarketplace: executing task '99' (transaction ID: 3762)
[DW] bdMarketplace: executing task '99' (transaction ID: 3763)
[DW] bdMarketplace: executing task '99' (transaction ID: 3764)
[DW] bdMarketplace: executing task '99' (transaction ID: 3765)
[DW] bdMarketplace: executing task '99' (transaction ID: 3766)
[DW] bdMarketplace: executing task '99' (transaction ID: 3767)
[DW] bdMarketplace: executing task '99' (transaction ID: 3768)
[DW] bdMarketplace: executing task '99' (transaction ID: 3769)
[DW] bdMarketplace: executing task '99' (transaction ID: 3770)
[DW] bdMarketplace: executing task '99' (transaction ID: 3771)
[DW] bdMarketplace: executing task '99' (transaction ID: 3772)
[DW] bdMarketplace: executing task '99' (transaction ID: 3773)
[DW] bdMarketplace: executing task '99' (transaction ID: 3774)
[DW] bdMarketplace: executing task '99' (transaction ID: 3775)
[DW] bdMarketplace: executing task '99' (transaction ID: 3776)
[DW] bdMarketplace: executing task '99' (transaction ID: 3777)
[DW] bdMarketplace: executing task '99' (transaction ID: 3778)
[DW] bdMarketplace: executing task '99' (transaction ID: 3779)
[DW] bdMarketplace: executing task '99' (transaction ID: 3780)
[DW] bdMarketplace: executing task '99' (transaction ID: 3781)
[DW] bdMarketplace: executing task '99' (transaction ID: 3782)
[DW] bdMarketplace: executing task '99' (transaction ID: 3783)
[DW] bdMarketplace: executing task '99' (transaction ID: 3784)
[DW] bdMarketplace: executing task '99' (transaction ID: 3785)
[DW] bdMarketplace: executing task '99' (transaction ID: 3786)
[DW] bdMarketplace: executing task '99' (transaction ID: 3787)
[DW] bdMarketplace: executing task '99' (transaction ID: 3788)
[DW] bdMarketplace: executing task '99' (transaction ID: 3789)
[DW] bdMarketplace: executing task '99' (transaction ID: 3790)
[DW] bdMarketplace: executing task '99' (transaction ID: 3791)
[DW] bdMarketplace: executing task '99' (transaction ID: 3792)
[DW] bdMarketplace: executing task '99' (transaction ID: 3793)
[DW] bdMarketplace: executing task '99' (transaction ID: 3794)
[DW] bdMarketplace: executing task '99' (transaction ID: 3795)
[DW] bdMarketplace: executing task '99' (transaction ID: 3796)
[DW] bdMarketplace: executing task '99' (transaction ID: 3797)
[DW] bdMarketplace: executing task '99' (transaction ID: 3798)
[DW] bdMarketplace: executing task '99' (transaction ID: 3799)
[DW] bdMarketplace: executing task '99' (transaction ID: 3800)
[DW] bdMarketplace: executing task '99' (transaction ID: 3801)
[DW] bdMarketplace: executing task '99' (transaction ID: 3802)
[DW] bdMarketplace: executing task '99' (transaction ID: 3803)
[DW] bdMarketplace: executing task '99' (transaction ID: 3804)
[DW] bdMarketplace: executing task '99' (transaction ID: 3805)
[DW] bdMarketplace: executing task '99' (transaction ID: 3806)
[DW] bdMarketplace: executing task '99' (transaction ID: 3807)
[DW] bdMarketplace: executing task '99' (transaction ID: 3808)
[DW] bdMarketplace: executing task '99' (transaction ID: 3809)
[DW] bdMarketplace: executing task '99' (transaction ID: 3810)
[DW] bdMarketplace: executing task '99' (transaction ID: 3811)
[DW] bdMarketplace: executing task '99' (transaction ID: 3812)
[DW] bdMarketplace: executing task '99' (transaction ID: 3813)
[DW] bdMarketplace: executing task '99' (transaction ID: 3814)
[DW] bdMarketplace: executing task '99' (transaction ID: 3815)
[DW] bdMarketplace: executing task '99' (transaction ID: 3816)
[DW] bdMarketplace: executing task '99' (transaction ID: 3817)
[DW] bdMarketplace: executing task '99' (transaction ID: 3818)
[DW] bdMarketplace: executing task '99' (transaction ID: 3819)
[DW] bdMarketplace: executing task '99' (transaction ID: 3820)
[DW] bdMarketplace: executing task '99' (transaction ID: 3821)
[DW] bdMarketplace: executing task '99' (transaction ID: 3822)
[DW] bdMarketplace: executing task '99' (transaction ID: 3823)
[DW] bdMarketplace: executing task '99' (transaction ID: 3824)
[DW] bdMarketplace: executing task '99' (transaction ID: 3825)
[DW] bdMarketplace: executing task '99' (transaction ID: 3826)
[DW] bdMarketplace: executing task '99' (transaction ID: 3827)
[DW] bdMarketplace: executing task '99' (transaction ID: 3828)
[DW] bdMarketplace: executing task '99' (transaction ID: 3829)
[DW] bdMarketplace: executing task '99' (transaction ID: 3830)
[DW] bdMarketplace: executing task '99' (transaction ID: 3831)
[DW] bdMarketplace: executing task '99' (transaction ID: 3832)
[DW] bdMarketplace: executing task '99' (transaction ID: 3833)
[DW] bdMarketplace: executing task '99' (transaction ID: 3834)
[DW] bdMarketplace: executing task '99' (transaction ID: 3835)
[DW] bdMarketplace: executing task '99' (transaction ID: 3836)
[DW] bdMarketplace: executing task '99' (transaction ID: 3837)
[DW] bdMarketplace: executing task '99' (transaction ID: 3838)
[DW] bdMarketplace: executing task '99' (transaction ID: 3839)
[DW] bdMarketplace: executing task '99' (transaction ID: 3840)
[DW] bdMarketplace: executing task '99' (transaction ID: 3841)
[DW] bdMarketplace: executing task '99' (transaction ID: 3842)
[DW] bdMarketplace: executing task '99' (transaction ID: 3843)
[DW] bdMarketplace: executing task '99' (transaction ID: 3844)
[DW] bdMarketplace: executing task '99' (transaction ID: 3845)
[DW] bdMarketplace: executing task '99' (transaction ID: 3846)
[DW] bdMarketplace: executing task '99' (transaction ID: 3847)
[DW] bdMarketplace: executing task '99' (transaction ID: 3848)
[DW] bdMarketplace: executing task '99' (transaction ID: 3849)
[DW] bdMarketplace: executing task '99' (transaction ID: 3850)
[DW] bdMarketplace: executing task '99' (transaction ID: 3851)
[DW] bdMarketplace: executing task '99' (transaction ID: 3852)
[DW] bdMarketplace: executing task '99' (transaction ID: 3853)
[DW] bdMarketplace: executing task '99' (transaction ID: 3854)
[DW] bdMarketplace: executing task '99' (transaction ID: 3855)
[DW] bdMarketplace: executing task '99' (transaction ID: 3856)
[DW] bdMarketplace: executing task '99' (transaction ID: 3857)
[DW] bdMarketplace: executing task '99' (transaction ID: 3858)
[DW] bdMarketplace: executing task '99' (transaction ID: 3859)
[DW] bdMarketplace: executing task '99' (transaction ID: 3860)
[DW] bdMarketplace: executing task '99' (transaction ID: 3861)
[DW] bdMarketplace: executing task '99' (transaction ID: 3862)
[DW] bdMarketplace: executing task '99' (transaction ID: 3863)
[DW] bdMarketplace: executing task '99' (transaction ID: 3864)
[DW] bdMarketplace: executing task '99' (transaction ID: 3865)
[DW] bdMarketplace: executing task '99' (transaction ID: 3866)
[DW] bdMarketplace: executing task '99' (transaction ID: 3867)
[DW] bdMarketplace: executing task '99' (transaction ID: 3868)
[DW] bdMarketplace: executing task '99' (transaction ID: 3869)
[DW] bdMarketplace: executing task '99' (transaction ID: 3870)
[DW] bdMarketplace: executing task '99' (transaction ID: 3871)
[DW] bdMarketplace: executing task '99' (transaction ID: 3872)
[DW] bdMarketplace: executing task '99' (transaction ID: 3873)
[DW] bdMarketplace: executing task '99' (transaction ID: 3874)
[DW] bdMarketplace: executing task '99' (transaction ID: 3875)
[DW] bdMarketplace: executing task '99' (transaction ID: 3876)
[DW] bdMarketplace: executing task '99' (transaction ID: 3877)
[DW] bdMarketplace: executing task '99' (transaction ID: 3878)
[DW] bdMarketplace: executing task '99' (transaction ID: 3879)
[DW] bdMarketplace: executing task '99' (transaction ID: 3880)
[DW] bdMarketplace: executing task '99' (transaction ID: 3881)
[DW] bdMarketplace: executing task '99' (transaction ID: 3882)
[DW] bdMarketplace: executing task '99' (transaction ID: 3883)
[DW] bdMarketplace: executing task '99' (transaction ID: 3884)
[DW] bdMarketplace: executing task '99' (transaction ID: 3885)
[DW] bdMarketplace: executing task '99' (transaction ID: 3886)
[DW] bdMarketplace: executing task '99' (transaction ID: 3887)
[DW] bdMarketplace: executing task '99' (transaction ID: 3888)
[DW] bdMarketplace: executing task '99' (transaction ID: 3889)
[DW] bdMarketplace: executing task '99' (transaction ID: 3890)
[DW] bdMarketplace: executing task '99' (transaction ID: 3891)
[DW] bdMarketplace: executing task '99' (transaction ID: 3892)
[DW] bdMarketplace: executing task '99' (transaction ID: 3893)
[DW] bdMarketplace: executing task '99' (transaction ID: 3894)
[DW] bdMarketplace: executing task '99' (transaction ID: 3895)
[DW] bdMarketplace: executing task '99' (transaction ID: 3896)
[DW] bdMarketplace: executing task '99' (transaction ID: 3897)
[DW] bdMarketplace: executing task '99' (transaction ID: 3898)
[DW] bdMarketplace: executing task '99' (transaction ID: 3899)
[DW] bdMarketplace: executing task '99' (transaction ID: 3900)
[DW] bdMarketplace: executing task '99' (transaction ID: 3901)
[DW] bdMarketplace: executing task '99' (transaction ID: 3902)
[DW] bdMarketplace: executing task '99' (transaction ID: 3903)
[DW] bdMarketplace: executing task '99' (transaction ID: 3904)
[DW] bdMarketplace: executing task '99' (transaction ID: 3905)
[DW] bdMarketplace: executing task '99' (transaction ID: 3906)
[DW] bdMarketplace: executing task '99' (transaction ID: 3907)
[DW] bdMarketplace: executing task '99' (transaction ID: 3908)
[DW] bdMarketplace: executing task '99' (transaction ID: 3909)
[DW] bdMarketplace: executing task '99' (transaction ID: 3910)
[DW] bdMarketplace: executing task '99' (transaction ID: 3911)
[DW] bdMarketplace: executing task '99' (transaction ID: 3912)
[DW] bdMarketplace: executing task '99' (transaction ID: 3913)
[DW] bdMarketplace: executing task '99' (transaction ID: 3914)
[DW] bdMarketplace: executing task '99' (transaction ID: 3915)
[DW] bdMarketplace: executing task '99' (transaction ID: 3916)
[DW] bdMarketplace: executing task '99' (transaction ID: 3917)
[DW] bdMarketplace: executing task '99' (transaction ID: 3918)
[DW] bdMarketplace: executing task '99' (transaction ID: 3919)
[DW] bdMarketplace: executing task '99' (transaction ID: 3920)
[DW] bdMarketplace: executing task '99' (transaction ID: 3921)
[DW] bdMarketplace: executing task '99' (transaction ID: 3922)
[DW] bdMarketplace: executing task '99' (transaction ID: 3923)
[DW] bdMarketplace: executing task '99' (transaction ID: 3924)
[DW] bdMarketplace: executing task '99' (transaction ID: 3925)
[DW] bdMarketplace: executing task '99' (transaction ID: 3926)
[DW] bdMarketplace: executing task '99' (transaction ID: 3927)
[DW] bdMarketplace: executing task '99' (transaction ID: 3928)
[DW] bdMarketplace: executing task '99' (transaction ID: 3929)
[DW] bdMarketplace: executing task '99' (transaction ID: 3930)
[DW] bdMarketplace: executing task '99' (transaction ID: 3931)
[DW] bdMarketplace: executing task '99' (transaction ID: 3932)
[DW] bdMarketplace: executing task '99' (transaction ID: 3933)
[DW] bdMarketplace: executing task '99' (transaction ID: 3934)
[DW] bdMarketplace: executing task '99' (transaction ID: 3935)
[DW] bdMarketplace: executing task '99' (transaction ID: 3936)
[DW] bdMarketplace: executing task '99' (transaction ID: 3937)
[DW] bdMarketplace: executing task '99' (transaction ID: 3938)
[DW] bdMarketplace: executing task '99' (transaction ID: 3939)
[DW] bdMarketplace: executing task '99' (transaction ID: 3940)
[DW] bdMarketplace: executing task '99' (transaction ID: 3941)
[DW] bdMarketplace: executing task '99' (transaction ID: 3942)
[DW] bdMarketplace: executing task '99' (transaction ID: 3943)
[DW] bdMarketplace: executing task '99' (transaction ID: 3944)
[DW] bdMarketplace: executing task '99' (transaction ID: 3945)
[DW] bdMarketplace: executing task '99' (transaction ID: 3946)
[DW] bdMarketplace: executing task '99' (transaction ID: 3947)
[DW] bdMarketplace: executing task '99' (transaction ID: 3948)
[DW] bdMarketplace: executing task '99' (transaction ID: 3949)
[DW] bdMarketplace: executing task '99' (transaction ID: 3950)
[DW] bdMarketplace: executing task '99' (transaction ID: 3951)
[DW] bdMarketplace: executing task '99' (transaction ID: 3952)
[DW] bdMarketplace: executing task '99' (transaction ID: 3953)
[DW] bdMarketplace: executing task '99' (transaction ID: 3954)
[DW] bdMarketplace: executing task '99' (transaction ID: 3955)
[DW] bdMarketplace: executing task '99' (transaction ID: 3956)
[DW] bdMarketplace: executing task '99' (transaction ID: 3957)
[DW] bdMarketplace: executing task '99' (transaction ID: 3958)
[DW] bdMarketplace: executing task '99' (transaction ID: 3959)
[DW] bdMarketplace: executing task '99' (transaction ID: 3960)
[DW] bdMarketplace: executing task '99' (transaction ID: 3961)
[DW] bdMarketplace: executing task '99' (transaction ID: 3962)
[DW] bdMarketplace: executing task '99' (transaction ID: 3963)
[DW] bdMarketplace: executing task '99' (transaction ID: 3964)
[DW] bdMarketplace: executing task '99' (transaction ID: 3965)
[DW] bdMarketplace: executing task '99' (transaction ID: 3966)
[DW] bdMarketplace: executing task '99' (transaction ID: 3967)
[DW] bdMarketplace: executing task '99' (transaction ID: 3968)
[DW] bdMarketplace: executing task '99' (transaction ID: 3969)
[DW] bdMarketplace: executing task '99' (transaction ID: 3970)
[DW] bdMarketplace: executing task '99' (transaction ID: 3971)
[DW] bdMarketplace: executing task '99' (transaction ID: 3972)
[DW] bdMarketplace: executing task '99' (transaction ID: 3973)
[DW] bdMarketplace: executing task '99' (transaction ID: 3974)
[DW] bdMarketplace: executing task '99' (transaction ID: 3975)
[DW] bdMarketplace: executing task '99' (transaction ID: 3976)
[DW] bdMarketplace: executing task '99' (transaction ID: 3977)
[DW] bdMarketplace: executing task '99' (transaction ID: 3978)
[DW] bdMarketplace: executing task '99' (transaction ID: 3979)
[DW] bdMarketplace: executing task '99' (transaction ID: 3980)
[DW] bdMarketplace: executing task '99' (transaction ID: 3981)
[DW] bdMarketplace: executing task '99' (transaction ID: 3982)
[DW] bdMarketplace: executing task '99' (transaction ID: 3983)
[DW] bdMarketplace: executing task '99' (transaction ID: 3984)
[DW] bdMarketplace: executing task '99' (transaction ID: 3985)
[DW] bdMarketplace: executing task '99' (transaction ID: 3986)
[DW] bdMarketplace: executing task '99' (transaction ID: 3987)
[DW] bdMarketplace: executing task '99' (transaction ID: 3988)
[DW] bdMarketplace: executing task '99' (transaction ID: 3989)
[DW] bdMarketplace: executing task '99' (transaction ID: 3990)
[DW] bdMarketplace: executing task '99' (transaction ID: 3991)
[DW] bdMarketplace: executing task '99' (transaction ID: 3992)
[DW] bdMarketplace: executing task '99' (transaction ID: 3993)
[DW] bdMarketplace: executing task '99' (transaction ID: 3994)
[DW] bdMarketplace: executing task '99' (transaction ID: 3995)
[DW] bdMarketplace: executing task '99' (transaction ID: 3996)
[DW] bdMarketplace: executing task '99' (transaction ID: 3997)
[DW] bdMarketplace: executing task '99' (transaction ID: 3998)
[DW] bdMarketplace: executing task '99' (transaction ID: 3999)
[DW] bdMarketplace: executing task '99' (transaction ID: 4000)
[DW] bdMarketplace: executing task '99' (transaction ID: 4001)
[DW] bdMarketplace: executing task '99' (transaction ID: 4002)
[DW] bdMarketplace: executing task '99' (transaction ID: 4003)
[DW] bdMarketplace: executing task '99' (transaction ID: 4004)
[DW] bdMarketplace: executing task '99' (transaction ID: 4005)
[DW] bdMarketplace: executing task '99' (transaction ID: 4006)
[DW] bdMarketplace: executing task '99' (transaction ID: 4007)
[DW] bdMarketplace: executing task '99' (transaction ID: 4008)
[DW] bdMarketplace: executing task '99' (transaction ID: 4009)
[DW] bdMarketplace: executing task '99' (transaction ID: 4010)
[DW] bdMarketplace: executing task '99' (transaction ID: 4011)
[DW] bdMarketplace: executing task '99' (transaction ID: 4012)
[DW] bdMarketplace: executing task '99' (transaction ID: 4013)
[DW] bdMarketplace: executing task '99' (transaction ID: 4014)
[DW] bdMarketplace: executing task '99' (transaction ID: 4015)
[DW] bdMarketplace: executing task '99' (transaction ID: 4016)
[DW] bdMarketplace: executing task '99' (transaction ID: 4017)
[DW] bdMarketplace: executing task '99' (transaction ID: 4018)
[DW] bdMarketplace: executing task '99' (transaction ID: 4019)
[DW] bdMarketplace: executing task '99' (transaction ID: 4020)
[DW] bdMarketplace: executing task '99' (transaction ID: 4021)
[DW] bdMarketplace: executing task '99' (transaction ID: 4022)
[DW] bdMarketplace: executing task '99' (transaction ID: 4023)
[DW] bdMarketplace: executing task '99' (transaction ID: 4024)
[DW] bdMarketplace: executing task '99' (transaction ID: 4025)
[DW] bdMarketplace: executing task '99' (transaction ID: 4026)
[DW] bdMarketplace: executing task '99' (transaction ID: 4027)
[DW] bdMarketplace: executing task '99' (transaction ID: 4028)
[DW] bdMarketplace: executing task '99' (transaction ID: 4029)
[DW] bdMarketplace: executing task '99' (transaction ID: 4030)
[DW] bdMarketplace: executing task '99' (transaction ID: 4031)
[DW] bdMarketplace: executing task '99' (transaction ID: 4032)
[DW] bdMarketplace: executing task '99' (transaction ID: 4033)
[DW] bdMarketplace: executing task '99' (transaction ID: 4034)
[DW] bdMarketplace: executing task '99' (transaction ID: 4035)
[DW] bdMarketplace: executing task '99' (transaction ID: 4036)
[DW] bdMarketplace: executing task '99' (transaction ID: 4037)
[DW] bdMarketplace: executing task '99' (transaction ID: 4038)
[DW] bdMarketplace: executing task '99' (transaction ID: 4039)
[DW] bdMarketplace: executing task '99' (transaction ID: 4040)
[DW] bdMarketplace: executing task '99' (transaction ID: 4041)
[DW] bdMarketplace: executing task '99' (transaction ID: 4042)
[DW] bdMarketplace: executing task '99' (transaction ID: 4043)
[DW] bdMarketplace: executing task '99' (transaction ID: 4044)
[DW] bdMarketplace: executing task '99' (transaction ID: 4045)
[DW] bdMarketplace: executing task '99' (transaction ID: 4046)
[DW] bdMarketplace: executing task '99' (transaction ID: 4047)
[DW] bdMarketplace: executing task '99' (transaction ID: 4048)
[DW] bdMarketplace: executing task '99' (transaction ID: 4049)
[DW] bdMarketplace: executing task '99' (transaction ID: 4050)
[DW] bdMarketplace: executing task '99' (transaction ID: 4051)
[DW] bdMarketplace: executing task '99' (transaction ID: 4052)
[DW] bdMarketplace: executing task '99' (transaction ID: 4053)
[DW] bdMarketplace: executing task '99' (transaction ID: 4054)
[DW] bdMarketplace: executing task '99' (transaction ID: 4055)
[DW] bdMarketplace: executing task '99' (transaction ID: 4056)
[DW] bdMarketplace: executing task '99' (transaction ID: 4057)
[DW] bdMarketplace: executing task '99' (transaction ID: 4058)
[DW] bdMarketplace: executing task '99' (transaction ID: 4059)
[DW] bdMarketplace: executing task '99' (transaction ID: 4060)
[DW] bdMarketplace: executing task '99' (transaction ID: 4061)
[DW] bdMarketplace: executing task '99' (transaction ID: 4062)
[DW] bdMarketplace: executing task '99' (transaction ID: 4063)
[DW] bdMarketplace: executing task '99' (transaction ID: 4064)
[DW] bdMarketplace: executing task '99' (transaction ID: 4065)
[DW] bdMarketplace: executing task '99' (transaction ID: 4066)
[DW] bdMarketplace: executing task '99' (transaction ID: 4067)
[DW] bdMarketplace: executing task '99' (transaction ID: 4068)
[DW] bdMarketplace: executing task '99' (transaction ID: 4069)
[DW] bdMarketplace: executing task '99' (transaction ID: 4070)
[DW] bdMarketplace: executing task '99' (transaction ID: 4071)
[DW] bdMarketplace: executing task '99' (transaction ID: 4072)
[DW] bdMarketplace: executing task '99' (transaction ID: 4073)
[DW] bdMarketplace: executing task '99' (transaction ID: 4074)
[DW] bdMarketplace: executing task '99' (transaction ID: 4075)
[DW] bdMarketplace: executing task '99' (transaction ID: 4076)
[DW] bdMarketplace: executing task '99' (transaction ID: 4077)
[DW] bdMarketplace: executing task '99' (transaction ID: 4078)
[DW] bdMarketplace: executing task '99' (transaction ID: 4079)
[DW] bdMarketplace: executing task '99' (transaction ID: 4080)
[DW] bdMarketplace: executing task '99' (transaction ID: 4081)
[DW] bdMarketplace: executing task '99' (transaction ID: 4082)
[DW] bdMarketplace: executing task '99' (transaction ID: 4083)
[DW] bdMarketplace: executing task '99' (transaction ID: 4084)
[DW] bdMarketplace: executing task '99' (transaction ID: 4085)
[DW] bdMarketplace: executing task '99' (transaction ID: 4086)
[DW] bdMarketplace: executing task '99' (transaction ID: 4087)
[DW] bdMarketplace: executing task '99' (transaction ID: 4088)
[DW] bdMarketplace: executing task '99' (transaction ID: 4089)
[DW] bdMarketplace: executing task '99' (transaction ID: 4090)
[DW] bdMarketplace: executing task '99' (transaction ID: 4091)
[DW] bdMarketplace: executing task '99' (transaction ID: 4092)
[DW] bdMarketplace: executing task '99' (transaction ID: 4093)
[DW] bdMarketplace: executing task '99' (transaction ID: 4094)
[DW] bdMarketplace: executing task '99' (transaction ID: 4095)
[DW] bdMarketplace: executing task '99' (transaction ID: 4096)
[DW] bdMarketplace: executing task '99' (transaction ID: 4097)
[DW] bdMarketplace: executing task '99' (transaction ID: 4098)
[DW] bdMarketplace: executing task '99' (transaction ID: 4099)
[DW] bdMarketplace: executing task '99' (transaction ID: 4100)
[DW] bdMarketplace: executing task '99' (transaction ID: 4101)
[DW] bdMarketplace: executing task '99' (transaction ID: 4102)
[DW] bdMarketplace: executing task '99' (transaction ID: 4103)
[DW] bdMarketplace: executing task '99' (transaction ID: 4104)
[DW] bdMarketplace: executing task '99' (transaction ID: 4105)
[DW] bdMarketplace: executing task '99' (transaction ID: 4106)
[DW] bdMarketplace: executing task '99' (transaction ID: 4107)
[DW] bdMarketplace: executing task '99' (transaction ID: 4108)
[DW] bdMarketplace: executing task '99' (transaction ID: 4109)
[DW] bdMarketplace: executing task '99' (transaction ID: 4110)
[DW] bdMarketplace: executing task '99' (transaction ID: 4111)
[DW] bdMarketplace: executing task '99' (transaction ID: 4112)
[DW] bdMarketplace: executing task '99' (transaction ID: 4113)
[DW] bdMarketplace: executing task '99' (transaction ID: 4114)
[DW] bdMarketplace: executing task '99' (transaction ID: 4115)
[DW] bdMarketplace: executing task '99' (transaction ID: 4116)
[DW] bdMarketplace: executing task '99' (transaction ID: 4117)
[DW] bdMarketplace: executing task '99' (transaction ID: 4118)
[DW] bdMarketplace: executing task '99' (transaction ID: 4119)
[DW] bdMarketplace: executing task '99' (transaction ID: 4120)
[DW] bdMarketplace: executing task '99' (transaction ID: 4121)
[DW] bdMarketplace: executing task '99' (transaction ID: 4122)
[DW] bdMarketplace: executing task '99' (transaction ID: 4123)
[DW] bdMarketplace: executing task '99' (transaction ID: 4124)
[DW] bdMarketplace: executing task '99' (transaction ID: 4125)
[DW] bdMarketplace: executing task '99' (transaction ID: 4126)
[DW] bdMarketplace: executing task '99' (transaction ID: 4127)
[DW] bdMarketplace: executing task '99' (transaction ID: 4128)
[DW] bdMarketplace: executing task '99' (transaction ID: 4129)
[DW] bdMarketplace: executing task '99' (transaction ID: 4130)
[DW] bdMarketplace: executing task '99' (transaction ID: 4131)
[DW] bdMarketplace: executing task '99' (transaction ID: 4132)
[DW] bdMarketplace: executing task '99' (transaction ID: 4133)
[DW] bdMarketplace: executing task '99' (transaction ID: 4134)
[DW] bdMarketplace: executing task '99' (transaction ID: 4135)
[DW] bdMarketplace: executing task '99' (transaction ID: 4136)
[DW] bdMarketplace: executing task '99' (transaction ID: 4137)
[DW] bdMarketplace: executing task '99' (transaction ID: 4138)
[DW] bdMarketplace: executing task '99' (transaction ID: 4139)
[DW] bdMarketplace: executing task '99' (transaction ID: 4140)
[DW] bdMarketplace: executing task '99' (transaction ID: 4141)
[DW] bdMarketplace: executing task '99' (transaction ID: 4142)
[DW] bdMarketplace: executing task '99' (transaction ID: 4143)
[DW] bdMarketplace: executing task '99' (transaction ID: 4144)
[DW] bdMarketplace: executing task '99' (transaction ID: 4145)
[DW] bdMarketplace: executing task '99' (transaction ID: 4146)
[DW] bdMarketplace: executing task '99' (transaction ID: 4147)
[DW] bdMarketplace: executing task '99' (transaction ID: 4148)
[DW] bdMarketplace: executing task '99' (transaction ID: 4149)
[DW] bdMarketplace: executing task '99' (transaction ID: 4150)
[DW] bdMarketplace: executing task '99' (transaction ID: 4151)
[DW] bdMarketplace: executing task '99' (transaction ID: 4152)
[DW] bdMarketplace: executing task '99' (transaction ID: 4153)
[DW] bdMarketplace: executing task '99' (transaction ID: 4154)
[DW] bdMarketplace: executing task '99' (transaction ID: 4155)
[DW] bdMarketplace: executing task '99' (transaction ID: 4156)
[DW] bdMarketplace: executing task '99' (transaction ID: 4157)
[DW] bdMarketplace: executing task '99' (transaction ID: 4158)
[DW] bdMarketplace: executing task '99' (transaction ID: 4159)
[DW] bdMarketplace: executing task '99' (transaction ID: 4160)
[DW] bdMarketplace: executing task '99' (transaction ID: 4161)
[DW] bdMarketplace: executing task '99' (transaction ID: 4162)
[DW] bdMarketplace: executing task '99' (transaction ID: 4163)
[DW] bdMarketplace: executing task '99' (transaction ID: 4164)
[DW] bdMarketplace: executing task '99' (transaction ID: 4165)
[DW] bdMarketplace: executing task '99' (transaction ID: 4166)
[DW] bdMarketplace: executing task '99' (transaction ID: 4167)
[DW] bdRichPresence: executing task '1' (transaction ID: 4168)
[DW] bdMarketplace: executing task '99' (transaction ID: 4169)
[DW] bdMarketplace: executing task '99' (transaction ID: 4170)
[DW] bdMarketplace: executing task '99' (transaction ID: 4171)
[DW] bdMarketplace: executing task '99' (transaction ID: 4172)
[DW] bdMarketplace: executing task '99' (transaction ID: 4173)
[DW] bdMarketplace: executing task '99' (transaction ID: 4174)
[DW] bdMarketplace: executing task '99' (transaction ID: 4175)
[DW] bdMarketplace: executing task '99' (transaction ID: 4176)
[DW] bdMarketplace: executing task '99' (transaction ID: 4177)
[DW] bdMarketplace: executing task '99' (transaction ID: 4178)
[DW] bdMarketplace: executing task '99' (transaction ID: 4179)
[DW] bdMarketplace: executing task '99' (transaction ID: 4180)
[DW] bdMarketplace: executing task '99' (transaction ID: 4181)
[DW] bdMarketplace: executing task '99' (transaction ID: 4182)
[DW] bdMarketplace: executing task '99' (transaction ID: 4183)
[DW] bdMarketplace: executing task '99' (transaction ID: 4184)
[DW] bdMarketplace: executing task '99' (transaction ID: 4185)
[DW] bdMarketplace: executing task '99' (transaction ID: 4186)
[DW] bdMarketplace: executing task '99' (transaction ID: 4187)
[DW] bdMarketplace: executing task '99' (transaction ID: 4188)
[DW] bdMarketplace: executing task '99' (transaction ID: 4189)
[DW] bdMarketplace: executing task '99' (transaction ID: 4190)
[DW] bdMarketplace: executing task '99' (transaction ID: 4191)
[DW] bdMarketplace: executing task '99' (transaction ID: 4192)
[DW] bdMarketplace: executing task '99' (transaction ID: 4193)
[DW] bdMarketplace: executing task '99' (transaction ID: 4194)
[DW] bdMarketplace: executing task '99' (transaction ID: 4195)
[DW] bdMarketplace: executing task '99' (transaction ID: 4196)
[DW] bdMarketplace: executing task '99' (transaction ID: 4197)
[DW] bdMarketplace: executing task '99' (transaction ID: 4198)
[DW] bdMarketplace: executing task '99' (transaction ID: 4199)
[DW] bdMarketplace: executing task '99' (transaction ID: 4200)
[DW] bdMarketplace: executing task '99' (transaction ID: 4201)
[DW] bdMarketplace: executing task '99' (transaction ID: 4202)
[DW] bdMarketplace: executing task '99' (transaction ID: 4203)
[DW] bdMarketplace: executing task '99' (transaction ID: 4204)
[DW] bdMarketplace: executing task '99' (transaction ID: 4205)
[DW] bdMarketplace: executing task '99' (transaction ID: 4206)
[DW] bdMarketplace: executing task '99' (transaction ID: 4207)
[DW] bdMarketplace: executing task '99' (transaction ID: 4208)
[DW] bdMarketplace: executing task '99' (transaction ID: 4209)
[DW] bdMarketplace: executing task '99' (transaction ID: 4210)
[DW] bdMarketplace: executing task '99' (transaction ID: 4211)
[DW] bdMarketplace: executing task '99' (transaction ID: 4212)
[DW] bdMarketplace: executing task '99' (transaction ID: 4213)
[DW] bdMarketplace: executing task '99' (transaction ID: 4214)
[DW] bdMarketplace: executing task '99' (transaction ID: 4215)
[DW] bdMarketplace: executing task '99' (transaction ID: 4216)
[DW] bdMarketplace: executing task '99' (transaction ID: 4217)
[DW] bdMarketplace: executing task '99' (transaction ID: 4218)
[DW] bdMarketplace: executing task '99' (transaction ID: 4219)
[DW] bdMarketplace: executing task '99' (transaction ID: 4220)
[DW] bdMarketplace: executing task '99' (transaction ID: 4221)
[DW] bdMarketplace: executing task '99' (transaction ID: 4222)
[DW] bdMarketplace: executing task '99' (transaction ID: 4223)
[DW] bdMarketplace: executing task '99' (transaction ID: 4224)
[DW] bdMarketplace: executing task '99' (transaction ID: 4225)
[DW] bdMarketplace: executing task '99' (transaction ID: 4226)
[DW] bdMarketplace: executing task '99' (transaction ID: 4227)
[DW] bdMarketplace: executing task '99' (transaction ID: 4228)
[DW] bdMarketplace: executing task '99' (transaction ID: 4229)
[DW] bdMarketplace: executing task '99' (transaction ID: 4230)
[DW] bdMarketplace: executing task '99' (transaction ID: 4231)
[DW] bdMarketplace: executing task '99' (transaction ID: 4232)
[DW] bdMarketplace: executing task '99' (transaction ID: 4233)
[DW] bdMarketplace: executing task '99' (transaction ID: 4234)
[DW] bdMarketplace: executing task '99' (transaction ID: 4235)
[DW] bdMarketplace: executing task '99' (transaction ID: 4236)
[DW] bdMarketplace: executing task '99' (transaction ID: 4237)
[DW] bdMarketplace: executing task '99' (transaction ID: 4238)
[DW] bdMarketplace: executing task '99' (transaction ID: 4239)
[DW] bdMarketplace: executing task '99' (transaction ID: 4240)
[DW] bdMarketplace: executing task '99' (transaction ID: 4241)
[DW] bdMarketplace: executing task '99' (transaction ID: 4242)
[DW] bdMarketplace: executing task '99' (transaction ID: 4243)
[DW] bdMarketplace: executing task '99' (transaction ID: 4244)
[DW] bdMarketplace: executing task '99' (transaction ID: 4245)
[DW] bdMarketplace: executing task '99' (transaction ID: 4246)
[DW] bdMarketplace: executing task '99' (transaction ID: 4247)
[DW] bdMarketplace: executing task '99' (transaction ID: 4248)
[DW] bdMarketplace: executing task '99' (transaction ID: 4249)
[DW] bdMarketplace: executing task '99' (transaction ID: 4250)
[DW] bdMarketplace: executing task '99' (transaction ID: 4251)
[DW] bdMarketplace: executing task '99' (transaction ID: 4252)
[DW] bdMarketplace: executing task '99' (transaction ID: 4253)
[DW] bdMarketplace: executing task '99' (transaction ID: 4254)
[DW] bdMarketplace: executing task '99' (transaction ID: 4255)
[DW] bdMarketplace: executing task '99' (transaction ID: 4256)
[DW] bdMarketplace: executing task '99' (transaction ID: 4257)
[DW] bdMarketplace: executing task '99' (transaction ID: 4258)
[DW] bdMarketplace: executing task '99' (transaction ID: 4259)
[DW] bdMarketplace: executing task '99' (transaction ID: 4260)
[DW] bdMarketplace: executing task '99' (transaction ID: 4261)
[DW] bdMarketplace: executing task '99' (transaction ID: 4262)
[DW] bdMarketplace: executing task '99' (transaction ID: 4263)
[DW] bdMarketplace: executing task '99' (transaction ID: 4264)
[DW] bdMarketplace: executing task '99' (transaction ID: 4265)
[DW] bdMarketplace: executing task '99' (transaction ID: 4266)
[DW] bdMarketplace: executing task '99' (transaction ID: 4267)
[DW] bdMarketplace: executing task '99' (transaction ID: 4268)
[DW] bdMarketplace: executing task '99' (transaction ID: 4269)
[DW] bdMarketplace: executing task '99' (transaction ID: 4270)
[DW] bdMarketplace: executing task '99' (transaction ID: 4271)
[DW] bdMarketplace: executing task '99' (transaction ID: 4272)
[DW] bdMarketplace: executing task '99' (transaction ID: 4273)
[DW] bdMarketplace: executing task '99' (transaction ID: 4274)
[DW] bdMarketplace: executing task '99' (transaction ID: 4275)
[DW] bdMarketplace: executing task '99' (transaction ID: 4276)
[DW] bdMarketplace: executing task '99' (transaction ID: 4277)
[DW] bdMarketplace: executing task '99' (transaction ID: 4278)
[DW] bdMarketplace: executing task '99' (transaction ID: 4279)
[DW] bdMarketplace: executing task '99' (transaction ID: 4280)
[DW] bdMarketplace: executing task '99' (transaction ID: 4281)
[DW] bdMarketplace: executing task '99' (transaction ID: 4282)
[DW] bdMarketplace: executing task '99' (transaction ID: 4283)
[DW] bdMarketplace: executing task '99' (transaction ID: 4284)
[DW] bdMarketplace: executing task '99' (transaction ID: 4285)
[DW] bdMarketplace: executing task '99' (transaction ID: 4286)
[DW] bdMarketplace: executing task '99' (transaction ID: 4287)
[DW] bdMarketplace: executing task '99' (transaction ID: 4288)
[DW] bdMarketplace: executing task '99' (transaction ID: 4289)
[DW] bdMarketplace: executing task '99' (transaction ID: 4290)
[DW] bdMarketplace: executing task '99' (transaction ID: 4291)
[DW] bdMarketplace: executing task '99' (transaction ID: 4292)
[DW] bdMarketplace: executing task '99' (transaction ID: 4293)
[DW] bdMarketplace: executing task '99' (transaction ID: 4294)
[DW] bdMarketplace: executing task '99' (transaction ID: 4295)
[DW] bdMarketplace: executing task '99' (transaction ID: 4296)
[DW] bdMarketplace: executing task '99' (transaction ID: 4297)
[DW] bdMarketplace: executing task '99' (transaction ID: 4298)
[DW] bdMarketplace: executing task '99' (transaction ID: 4299)
[DW] bdMarketplace: executing task '99' (transaction ID: 4300)
[DW] bdMarketplace: executing task '99' (transaction ID: 4301)
[DW] bdMarketplace: executing task '99' (transaction ID: 4302)
[DW] bdMarketplace: executing task '99' (transaction ID: 4303)
[DW] bdMarketplace: executing task '99' (transaction ID: 4304)
[DW] bdMarketplace: executing task '99' (transaction ID: 4305)
[DW] bdMarketplace: executing task '99' (transaction ID: 4306)
[DW] bdMarketplace: executing task '99' (transaction ID: 4307)
[DW] bdMarketplace: executing task '99' (transaction ID: 4308)
[DW] bdMarketplace: executing task '99' (transaction ID: 4309)
[DW] bdMarketplace: executing task '99' (transaction ID: 4310)
[DW] bdMarketplace: executing task '99' (transaction ID: 4311)
[DW] bdMarketplace: executing task '99' (transaction ID: 4312)
[DW] bdMarketplace: executing task '99' (transaction ID: 4313)
[DW] bdMarketplace: executing task '99' (transaction ID: 4314)
[DW] bdMarketplace: executing task '99' (transaction ID: 4315)
[DW] bdMarketplace: executing task '99' (transaction ID: 4316)
[DW] bdMarketplace: executing task '99' (transaction ID: 4317)
[DW] bdMarketplace: executing task '99' (transaction ID: 4318)
[DW] bdMarketplace: executing task '99' (transaction ID: 4319)
[DW] bdMarketplace: executing task '99' (transaction ID: 4320)
[DW] bdMarketplace: executing task '99' (transaction ID: 4321)
[DW] bdMarketplace: executing task '99' (transaction ID: 4322)
[DW] bdMarketplace: executing task '99' (transaction ID: 4323)
[DW] bdMarketplace: executing task '99' (transaction ID: 4324)
[DW] bdMarketplace: executing task '99' (transaction ID: 4325)
[DW] bdMarketplace: executing task '99' (transaction ID: 4326)
[DW] bdMarketplace: executing task '99' (transaction ID: 4327)
[DW] bdMarketplace: executing task '99' (transaction ID: 4328)
[DW] bdMarketplace: executing task '99' (transaction ID: 4329)
[DW] bdMarketplace: executing task '99' (transaction ID: 4330)
[DW] bdMarketplace: executing task '99' (transaction ID: 4331)
[DW] bdMarketplace: executing task '99' (transaction ID: 4332)
[DW] bdMarketplace: executing task '99' (transaction ID: 4333)
[DW] bdMarketplace: executing task '99' (transaction ID: 4334)
[DW] bdMarketplace: executing task '99' (transaction ID: 4335)
[DW] bdMarketplace: executing task '99' (transaction ID: 4336)
[DW] bdMarketplace: executing task '99' (transaction ID: 4337)
[DW] bdMarketplace: executing task '99' (transaction ID: 4338)
[DW] bdMarketplace: executing task '99' (transaction ID: 4339)
[DW] bdMarketplace: executing task '99' (transaction ID: 4340)
[DW] bdMarketplace: executing task '99' (transaction ID: 4341)
[DW] bdMarketplace: executing task '99' (transaction ID: 4342)
[DW] bdMarketplace: executing task '99' (transaction ID: 4343)
[DW] bdMarketplace: executing task '99' (transaction ID: 4344)
[DW] bdMarketplace: executing task '99' (transaction ID: 4345)
[DW] bdMarketplace: executing task '99' (transaction ID: 4346)
[DW] bdMarketplace: executing task '99' (transaction ID: 4347)
[DW] bdMarketplace: executing task '99' (transaction ID: 4348)
[DW] bdMarketplace: executing task '99' (transaction ID: 4349)
[DW] bdMarketplace: executing task '99' (transaction ID: 4350)
[DW] bdMarketplace: executing task '99' (transaction ID: 4351)
[DW] bdMarketplace: executing task '99' (transaction ID: 4352)
[DW] bdMarketplace: executing task '99' (transaction ID: 4353)
[DW] bdMarketplace: executing task '99' (transaction ID: 4354)
[DW] bdMarketplace: executing task '99' (transaction ID: 4355)
[DW] bdMarketplace: executing task '99' (transaction ID: 4356)
[DW] bdMarketplace: executing task '99' (transaction ID: 4357)
[DW] bdMarketplace: executing task '99' (transaction ID: 4358)
[DW] bdMarketplace: executing task '99' (transaction ID: 4359)
[DW] bdMarketplace: executing task '99' (transaction ID: 4360)
[DW] bdMarketplace: executing task '99' (transaction ID: 4361)
[DW] bdMarketplace: executing task '99' (transaction ID: 4362)
[DW] bdMarketplace: executing task '99' (transaction ID: 4363)
[DW] bdMarketplace: executing task '99' (transaction ID: 4364)
[DW] bdMarketplace: executing task '99' (transaction ID: 4365)
[DW] bdMarketplace: executing task '99' (transaction ID: 4366)
[DW] bdMarketplace: executing task '99' (transaction ID: 4367)
[DW] bdMarketplace: executing task '99' (transaction ID: 4368)
[DW] bdMarketplace: executing task '99' (transaction ID: 4369)
[DW] bdMarketplace: executing task '99' (transaction ID: 4370)
[DW] bdMarketplace: executing task '99' (transaction ID: 4371)
[DW] bdMarketplace: executing task '99' (transaction ID: 4372)
[DW] bdMarketplace: executing task '99' (transaction ID: 4373)
[DW] bdMarketplace: executing task '99' (transaction ID: 4374)
[DW] bdMarketplace: executing task '99' (transaction ID: 4375)
[DW] bdMarketplace: executing task '99' (transaction ID: 4376)
[DW] bdMarketplace: executing task '99' (transaction ID: 4377)
[DW] bdMarketplace: executing task '99' (transaction ID: 4378)
[DW] bdMarketplace: executing task '99' (transaction ID: 4379)
[DW] bdMarketplace: executing task '99' (transaction ID: 4380)
[DW] bdMarketplace: executing task '99' (transaction ID: 4381)
[DW] bdMarketplace: executing task '99' (transaction ID: 4382)
[DW] bdMarketplace: executing task '99' (transaction ID: 4383)
[DW] bdMarketplace: executing task '99' (transaction ID: 4384)
[DW] bdMarketplace: executing task '99' (transaction ID: 4385)
[DW] bdMarketplace: executing task '99' (transaction ID: 4386)
[DW] bdMarketplace: executing task '99' (transaction ID: 4387)
[DW] bdMarketplace: executing task '99' (transaction ID: 4388)
[DW] bdMarketplace: executing task '99' (transaction ID: 4389)
[DW] bdMarketplace: executing task '99' (transaction ID: 4390)
[DW] bdMarketplace: executing task '99' (transaction ID: 4391)
[DW] bdMarketplace: executing task '99' (transaction ID: 4392)
[DW] bdMarketplace: executing task '99' (transaction ID: 4393)
[DW] bdMarketplace: executing task '99' (transaction ID: 4394)
[DW] bdMarketplace: executing task '99' (transaction ID: 4395)
[DW] bdMarketplace: executing task '99' (transaction ID: 4396)
[DW] bdMarketplace: executing task '99' (transaction ID: 4397)
[DW] bdMarketplace: executing task '99' (transaction ID: 4398)
[DW] bdMarketplace: executing task '99' (transaction ID: 4399)
[DW] bdMarketplace: executing task '99' (transaction ID: 4400)
[DW] bdMarketplace: executing task '99' (transaction ID: 4401)
[DW] bdMarketplace: executing task '99' (transaction ID: 4402)
[DW] bdMarketplace: executing task '99' (transaction ID: 4403)
[DW] bdMarketplace: executing task '99' (transaction ID: 4404)
[DW] bdMarketplace: executing task '99' (transaction ID: 4405)
[DW] bdMarketplace: executing task '99' (transaction ID: 4406)
[DW] bdMarketplace: executing task '99' (transaction ID: 4407)
[DW] bdMarketplace: executing task '99' (transaction ID: 4408)
[DW] bdMarketplace: executing task '99' (transaction ID: 4409)
[DW] bdMarketplace: executing task '99' (transaction ID: 4410)
[DW] bdMarketplace: executing task '99' (transaction ID: 4411)
[DW] bdMarketplace: executing task '99' (transaction ID: 4412)
[DW] bdMarketplace: executing task '99' (transaction ID: 4413)
[DW] bdMarketplace: executing task '99' (transaction ID: 4414)
[DW] bdMarketplace: executing task '99' (transaction ID: 4415)
[DW] bdMarketplace: executing task '99' (transaction ID: 4416)
[DW] bdMarketplace: executing task '99' (transaction ID: 4417)
[DW] bdMarketplace: executing task '99' (transaction ID: 4418)
[DW] bdMarketplace: executing task '99' (transaction ID: 4419)
[DW] bdMarketplace: executing task '99' (transaction ID: 4420)
[DW] bdMarketplace: executing task '99' (transaction ID: 4421)
[DW] bdMarketplace: executing task '99' (transaction ID: 4422)
[DW] bdMarketplace: executing task '99' (transaction ID: 4423)
[DW] bdMarketplace: executing task '99' (transaction ID: 4424)
[DW] bdMarketplace: executing task '99' (transaction ID: 4425)
[DW] bdMarketplace: executing task '99' (transaction ID: 4426)
[DW] bdMarketplace: executing task '99' (transaction ID: 4427)
[DW] bdMarketplace: executing task '99' (transaction ID: 4428)
[DW] bdMarketplace: executing task '99' (transaction ID: 4429)
[DW] bdMarketplace: executing task '99' (transaction ID: 4430)
[DW] bdMarketplace: executing task '99' (transaction ID: 4431)
[DW] bdMarketplace: executing task '99' (transaction ID: 4432)
[DW] bdMarketplace: executing task '99' (transaction ID: 4433)
[DW] bdMarketplace: executing task '99' (transaction ID: 4434)
[DW] bdMarketplace: executing task '99' (transaction ID: 4435)
[DW] bdMarketplace: executing task '99' (transaction ID: 4436)
[DW] bdMarketplace: executing task '99' (transaction ID: 4437)
[DW] bdMarketplace: executing task '99' (transaction ID: 4438)
[DW] bdMarketplace: executing task '99' (transaction ID: 4439)
[DW] bdMarketplace: executing task '99' (transaction ID: 4440)
[DW] bdMarketplace: executing task '99' (transaction ID: 4441)
[DW] bdMarketplace: executing task '99' (transaction ID: 4442)
[DW] bdMarketplace: executing task '99' (transaction ID: 4443)
[DW] bdMarketplace: executing task '99' (transaction ID: 4444)
[DW] bdMarketplace: executing task '99' (transaction ID: 4445)
[DW] bdMarketplace: executing task '99' (transaction ID: 4446)
[DW] bdMarketplace: executing task '99' (transaction ID: 4447)
[DW] bdMarketplace: executing task '99' (transaction ID: 4448)
[DW] bdMarketplace: executing task '99' (transaction ID: 4449)
[DW] bdMarketplace: executing task '99' (transaction ID: 4450)
[DW] bdMarketplace: executing task '99' (transaction ID: 4451)
[DW] bdMarketplace: executing task '99' (transaction ID: 4452)
[DW] bdMarketplace: executing task '99' (transaction ID: 4453)
[DW] bdMarketplace: executing task '99' (transaction ID: 4454)
[DW] bdMarketplace: executing task '99' (transaction ID: 4455)
[DW] bdMarketplace: executing task '99' (transaction ID: 4456)
[DW] bdMarketplace: executing task '99' (transaction ID: 4457)
[DW] bdMarketplace: executing task '99' (transaction ID: 4458)
[DW] bdMarketplace: executing task '99' (transaction ID: 4459)
[DW] bdMarketplace: executing task '99' (transaction ID: 4460)
[DW] bdMarketplace: executing task '99' (transaction ID: 4461)
[DW] bdMarketplace: executing task '99' (transaction ID: 4462)
[DW] bdMarketplace: executing task '99' (transaction ID: 4463)
[DW] bdMarketplace: executing task '99' (transaction ID: 4464)
[DW] bdMarketplace: executing task '99' (transaction ID: 4465)
[DW] bdMarketplace: executing task '99' (transaction ID: 4466)
[DW] bdMarketplace: executing task '99' (transaction ID: 4467)
[DW] bdMarketplace: executing task '99' (transaction ID: 4468)
[DW] bdMarketplace: executing task '99' (transaction ID: 4469)
[DW] bdMarketplace: executing task '99' (transaction ID: 4470)
[DW] bdMarketplace: executing task '99' (transaction ID: 4471)
[DW] bdMarketplace: executing task '99' (transaction ID: 4472)
[DW] bdMarketplace: executing task '99' (transaction ID: 4473)
[DW] bdMarketplace: executing task '99' (transaction ID: 4474)
[DW] bdMarketplace: executing task '99' (transaction ID: 4475)
[DW] bdMarketplace: executing task '99' (transaction ID: 4476)
[DW] bdMarketplace: executing task '99' (transaction ID: 4477)
[DW] bdMarketplace: executing task '99' (transaction ID: 4478)
[DW] bdMarketplace: executing task '99' (transaction ID: 4479)
[DW] bdMarketplace: executing task '99' (transaction ID: 4480)
[DW] bdMarketplace: executing task '99' (transaction ID: 4481)
[DW] bdMarketplace: executing task '99' (transaction ID: 4482)
[DW] bdMarketplace: executing task '99' (transaction ID: 4483)
[DW] bdMarketplace: executing task '99' (transaction ID: 4484)
[DW] bdMarketplace: executing task '99' (transaction ID: 4485)
[DW] bdMarketplace: executing task '99' (transaction ID: 4486)
[DW] bdMarketplace: executing task '99' (transaction ID: 4487)
[DW] bdMarketplace: executing task '99' (transaction ID: 4488)
[DW] bdMarketplace: executing task '99' (transaction ID: 4489)
[DW] bdMarketplace: executing task '99' (transaction ID: 4490)
[DW] bdMarketplace: executing task '99' (transaction ID: 4491)
[DW] bdMarketplace: executing task '99' (transaction ID: 4492)
[DW] bdMarketplace: executing task '99' (transaction ID: 4493)
[DW] bdMarketplace: executing task '99' (transaction ID: 4494)
[DW] bdMarketplace: executing task '99' (transaction ID: 4495)
[DW] bdMarketplace: executing task '99' (transaction ID: 4496)
[DW] bdMarketplace: executing task '99' (transaction ID: 4497)
[DW] bdMarketplace: executing task '99' (transaction ID: 4498)
[DW] bdMarketplace: executing task '99' (transaction ID: 4499)
[DW] bdMarketplace: executing task '99' (transaction ID: 4500)
[DW] bdMarketplace: executing task '99' (transaction ID: 4501)
[DW] bdMarketplace: executing task '99' (transaction ID: 4502)
[DW] bdMarketplace: executing task '99' (transaction ID: 4503)
[DW] bdMarketplace: executing task '99' (transaction ID: 4504)
[DW] bdMarketplace: executing task '99' (transaction ID: 4505)
[DW] bdMarketplace: executing task '99' (transaction ID: 4506)
[DW] bdMarketplace: executing task '99' (transaction ID: 4507)
[DW] bdMarketplace: executing task '99' (transaction ID: 4508)
[DW] bdMarketplace: executing task '99' (transaction ID: 4509)
[DW] bdMarketplace: executing task '99' (transaction ID: 4510)
[DW] bdMarketplace: executing task '99' (transaction ID: 4511)
[DW] bdMarketplace: executing task '99' (transaction ID: 4512)
[DW] bdMarketplace: executing task '99' (transaction ID: 4513)
[DW] bdMarketplace: executing task '99' (transaction ID: 4514)
[DW] bdMarketplace: executing task '99' (transaction ID: 4515)
[DW] bdMarketplace: executing task '99' (transaction ID: 4516)
[DW] bdMarketplace: executing task '99' (transaction ID: 4517)
[DW] bdMarketplace: executing task '99' (transaction ID: 4518)
[DW] bdMarketplace: executing task '99' (transaction ID: 4519)
[DW] bdMarketplace: executing task '99' (transaction ID: 4520)
[DW] bdMarketplace: executing task '99' (transaction ID: 4521)
[DW] bdMarketplace: executing task '99' (transaction ID: 4522)
[DW] bdMarketplace: executing task '99' (transaction ID: 4523)
[DW] bdMarketplace: executing task '99' (transaction ID: 4524)
[DW] bdMarketplace: executing task '99' (transaction ID: 4525)
[DW] bdMarketplace: executing task '99' (transaction ID: 4526)
[DW] bdMarketplace: executing task '99' (transaction ID: 4527)
[DW] bdMarketplace: executing task '99' (transaction ID: 4528)
[DW] bdMarketplace: executing task '99' (transaction ID: 4529)
[DW] bdMarketplace: executing task '99' (transaction ID: 4530)
[DW] bdMarketplace: executing task '99' (transaction ID: 4531)
[DW] bdMarketplace: executing task '99' (transaction ID: 4532)
[DW] bdMarketplace: executing task '99' (transaction ID: 4533)
[DW] bdMarketplace: executing task '99' (transaction ID: 4534)
[DW] bdMarketplace: executing task '99' (transaction ID: 4535)
[DW] bdMarketplace: executing task '99' (transaction ID: 4536)
[DW] bdMarketplace: executing task '99' (transaction ID: 4537)
[DW] bdMarketplace: executing task '99' (transaction ID: 4538)
[DW] bdMarketplace: executing task '99' (transaction ID: 4539)
[DW] bdMarketplace: executing task '99' (transaction ID: 4540)
[DW] bdMarketplace: executing task '99' (transaction ID: 4541)
[DW] bdMarketplace: executing task '99' (transaction ID: 4542)
[DW] bdMarketplace: executing task '99' (transaction ID: 4543)
[DW] bdMarketplace: executing task '99' (transaction ID: 4544)
[DW] bdMarketplace: executing task '99' (transaction ID: 4545)
[DW] bdMarketplace: executing task '99' (transaction ID: 4546)
[DW] bdMarketplace: executing task '99' (transaction ID: 4547)
[DW] bdMarketplace: executing task '99' (transaction ID: 4548)
[DW] bdMarketplace: executing task '99' (transaction ID: 4549)
[DW] bdMarketplace: executing task '99' (transaction ID: 4550)
[DW] bdMarketplace: executing task '99' (transaction ID: 4551)
[DW] bdMarketplace: executing task '99' (transaction ID: 4552)
[DW] bdMarketplace: executing task '99' (transaction ID: 4553)
[DW] bdMarketplace: executing task '99' (transaction ID: 4554)
[DW] bdMarketplace: executing task '99' (transaction ID: 4555)
[DW] bdMarketplace: executing task '99' (transaction ID: 4556)
[DW] bdMarketplace: executing task '99' (transaction ID: 4557)
[DW] bdMarketplace: executing task '99' (transaction ID: 4558)
[DW] bdMarketplace: executing task '99' (transaction ID: 4559)
[DW] bdMarketplace: executing task '99' (transaction ID: 4560)
[DW] bdMarketplace: executing task '99' (transaction ID: 4561)
[DW] bdMarketplace: executing task '99' (transaction ID: 4562)
[DW] bdMarketplace: executing task '99' (transaction ID: 4563)
[DW] bdMarketplace: executing task '99' (transaction ID: 4564)
[DW] bdMarketplace: executing task '99' (transaction ID: 4565)
[DW] bdMarketplace: executing task '99' (transaction ID: 4566)
[DW] bdMarketplace: executing task '99' (transaction ID: 4567)
[DW] bdMarketplace: executing task '99' (transaction ID: 4568)
[DW] bdMarketplace: executing task '99' (transaction ID: 4569)
[DW] bdMarketplace: executing task '99' (transaction ID: 4570)
[DW] bdMarketplace: executing task '99' (transaction ID: 4571)
[DW] bdMarketplace: executing task '99' (transaction ID: 4572)
[DW] bdMarketplace: executing task '99' (transaction ID: 4573)
[DW] bdMarketplace: executing task '99' (transaction ID: 4574)
[DW] bdMarketplace: executing task '99' (transaction ID: 4575)
[DW] bdMarketplace: executing task '99' (transaction ID: 4576)
[DW] bdMarketplace: executing task '99' (transaction ID: 4577)
[DW] bdMarketplace: executing task '99' (transaction ID: 4578)
[DW] bdMarketplace: executing task '99' (transaction ID: 4579)
[DW] bdMarketplace: executing task '99' (transaction ID: 4580)
[DW] bdMarketplace: executing task '99' (transaction ID: 4581)
[DW] bdMarketplace: executing task '99' (transaction ID: 4582)
[DW] bdMarketplace: executing task '99' (transaction ID: 4583)
[DW] bdMarketplace: executing task '99' (transaction ID: 4584)
[DW] bdMarketplace: executing task '99' (transaction ID: 4585)
[DW] bdMarketplace: executing task '99' (transaction ID: 4586)
[DW] bdMarketplace: executing task '99' (transaction ID: 4587)
[DW] bdMarketplace: executing task '99' (transaction ID: 4588)
[DW] bdMarketplace: executing task '99' (transaction ID: 4589)
[DW] bdMarketplace: executing task '99' (transaction ID: 4590)
[DW] bdMarketplace: executing task '99' (transaction ID: 4591)
[DW] bdMarketplace: executing task '99' (transaction ID: 4592)
[DW] bdMarketplace: executing task '99' (transaction ID: 4593)
[DW] bdMarketplace: executing task '99' (transaction ID: 4594)
[DW] bdMarketplace: executing task '99' (transaction ID: 4595)
[DW] bdMarketplace: executing task '99' (transaction ID: 4596)
[DW] bdMarketplace: executing task '99' (transaction ID: 4597)
[DW] bdMarketplace: executing task '99' (transaction ID: 4598)
[DW] bdMarketplace: executing task '99' (transaction ID: 4599)
[DW] bdMarketplace: executing task '99' (transaction ID: 4600)
[DW] bdMarketplace: executing task '99' (transaction ID: 4601)
[DW] bdMarketplace: executing task '99' (transaction ID: 4602)
[DW] bdMarketplace: executing task '99' (transaction ID: 4603)
[DW] bdMarketplace: executing task '99' (transaction ID: 4604)
[DW] bdMarketplace: executing task '99' (transaction ID: 4605)
[DW] bdMarketplace: executing task '99' (transaction ID: 4606)
[DW] bdMarketplace: executing task '99' (transaction ID: 4607)
[DW] bdMarketplace: executing task '99' (transaction ID: 4608)
[DW] bdMarketplace: executing task '99' (transaction ID: 4609)
[DW] bdMarketplace: executing task '99' (transaction ID: 4610)
[DW] bdMarketplace: executing task '99' (transaction ID: 4611)
[DW] bdMarketplace: executing task '99' (transaction ID: 4612)
[DW] bdMarketplace: executing task '99' (transaction ID: 4613)
[DW] bdMarketplace: executing task '99' (transaction ID: 4614)
[DW] bdMarketplace: executing task '99' (transaction ID: 4615)
[DW] bdMarketplace: executing task '99' (transaction ID: 4616)
[DW] bdMarketplace: executing task '99' (transaction ID: 4617)
[DW] bdMarketplace: executing task '99' (transaction ID: 4618)
[DW] bdMarketplace: executing task '99' (transaction ID: 4619)
[DW] bdReward: executing task '12' (transaction ID: 4620)
[HQ protocol] reward_12: 136 raw bytes at s2x/dump/dw/hq_reward_12_25248_94.bin
[HQ event] picked_up_payroll (picked_up_payroll), timestamp 1789272049000000, 2 parameters
  1=1
  2=0
[HQ event] picked_up_payroll (picked_up_payroll), timestamp 1789272064000000, 2 parameters
  1=1
  2=0
[DW] bdMarketplace: executing task '99' (transaction ID: 4621)
[DW] bdMarketplace: executing task '99' (transaction ID: 4622)
[DW] bdMarketplace: executing task '99' (transaction ID: 4623)
[DW] bdMarketplace: executing task '99' (transaction ID: 4624)
[DW] bdMarketplace: executing task '99' (transaction ID: 4625)
[DW] bdMarketplace: executing task '99' (transaction ID: 4626)
[DW] bdMarketplace: executing task '99' (transaction ID: 4627)
[DW] bdMarketplace: executing task '99' (transaction ID: 4628)
[DW] bdMarketplace: executing task '99' (transaction ID: 4629)
[DW] bdMarketplace: executing task '99' (transaction ID: 4630)
[DW] bdMarketplace: executing task '99' (transaction ID: 4631)
[DW] bdMarketplace: executing task '99' (transaction ID: 4632)
[DW] bdMarketplace: executing task '99' (transaction ID: 4633)
[DW] bdMarketplace: executing task '99' (transaction ID: 4634)
[DW] bdMarketplace: executing task '99' (transaction ID: 4635)
[DW] bdMarketplace: executing task '99' (transaction ID: 4636)
[DW] bdMarketplace: executing task '99' (transaction ID: 4637)
[DW] bdMarketplace: executing task '99' (transaction ID: 4638)
[DW] bdMarketplace: executing task '99' (transaction ID: 4639)
[DW] bdMarketplace: executing task '99' (transaction ID: 4640)
[DW] bdMarketplace: executing task '99' (transaction ID: 4641)
[DW] bdMarketplace: executing task '99' (transaction ID: 4642)
[DW] bdMarketplace: executing task '99' (transaction ID: 4643)
[DW] bdMarketplace: executing task '99' (transaction ID: 4644)
[DW] bdMarketplace: executing task '99' (transaction ID: 4645)
[DW] bdMarketplace: executing task '99' (transaction ID: 4646)
[DW] bdMarketplace: executing task '99' (transaction ID: 4647)
[DW] bdMarketplace: executing task '99' (transaction ID: 4648)
[DW] bdMarketplace: executing task '99' (transaction ID: 4649)
[DW] bdMarketplace: executing task '99' (transaction ID: 4650)
[DW] bdMarketplace: executing task '99' (transaction ID: 4651)
[DW] bdMarketplace: executing task '99' (transaction ID: 4652)
[DW] bdMarketplace: executing task '99' (transaction ID: 4653)
[DW] bdMarketplace: executing task '99' (transaction ID: 4654)
[DW] bdMarketplace: executing task '99' (transaction ID: 4655)
[DW] bdMarketplace: executing task '99' (transaction ID: 4656)
[DW] bdMarketplace: executing task '99' (transaction ID: 4657)
[DW] bdMarketplace: executing task '99' (transaction ID: 4658)
[DW] bdMarketplace: executing task '99' (transaction ID: 4659)
[DW] bdMarketplace: executing task '99' (transaction ID: 4660)
[DW] bdMarketplace: executing task '99' (transaction ID: 4661)
[DW] bdMarketplace: executing task '99' (transaction ID: 4662)
[DW] bdMarketplace: executing task '99' (transaction ID: 4663)
[DW] bdMarketplace: executing task '99' (transaction ID: 4664)
[DW] bdMarketplace: executing task '99' (transaction ID: 4665)
[DW] bdMarketplace: executing task '99' (transaction ID: 4666)
[DW] bdMarketplace: executing task '99' (transaction ID: 4667)
[DW] bdMarketplace: executing task '99' (transaction ID: 4668)
[DW] bdMarketplace: executing task '99' (transaction ID: 4669)
[DW] bdMarketplace: executing task '99' (transaction ID: 4670)
[DW] bdMarketplace: executing task '99' (transaction ID: 4671)
[DW] bdMarketplace: executing task '99' (transaction ID: 4672)
[DW] bdMarketplace: executing task '99' (transaction ID: 4673)
[DW] bdMarketplace: executing task '99' (transaction ID: 4674)
[DW] bdMarketplace: executing task '99' (transaction ID: 4675)
[DW] bdMarketplace: executing task '99' (transaction ID: 4676)
[DW] bdMarketplace: executing task '99' (transaction ID: 4677)
[DW] bdMarketplace: executing task '99' (transaction ID: 4678)
[DW] bdMarketplace: executing task '99' (transaction ID: 4679)
[DW] bdMarketplace: executing task '99' (transaction ID: 4680)
[DW] bdMarketplace: executing task '99' (transaction ID: 4681)
[DW] bdMarketplace: executing task '99' (transaction ID: 4682)
[DW] bdMarketplace: executing task '99' (transaction ID: 4683)
[DW] bdMarketplace: executing task '99' (transaction ID: 4684)
[DW] bdMarketplace: executing task '99' (transaction ID: 4685)
[DW] bdMarketplace: executing task '99' (transaction ID: 4686)
[DW] bdMarketplace: executing task '99' (transaction ID: 4687)
[DW] bdMarketplace: executing task '99' (transaction ID: 4688)
[DW] bdMarketplace: executing task '99' (transaction ID: 4689)
[DW] bdMarketplace: executing task '99' (transaction ID: 4690)
[DW] bdMarketplace: executing task '99' (transaction ID: 4691)
[DW] bdMarketplace: executing task '99' (transaction ID: 4692)
[DW] bdMarketplace: executing task '99' (transaction ID: 4693)
[DW] bdMarketplace: executing task '99' (transaction ID: 4694)
[DW] bdMarketplace: executing task '99' (transaction ID: 4695)
[DW] bdMarketplace: executing task '99' (transaction ID: 4696)
[DW] bdMarketplace: executing task '99' (transaction ID: 4697)
[DW] bdMarketplace: executing task '99' (transaction ID: 4698)
[DW] bdMarketplace: executing task '99' (transaction ID: 4699)
[DW] bdRichPresence: executing task '2' (transaction ID: 4700)
[DW] bdMarketplace: executing task '99' (transaction ID: 4701)
[DW] bdMarketplace: executing task '99' (transaction ID: 4702)
[DW] bdMarketplace: executing task '99' (transaction ID: 4703)
[DW] bdMarketplace: executing task '99' (transaction ID: 4704)
[DW] bdMarketplace: executing task '99' (transaction ID: 4705)
[DW] bdMarketplace: executing task '99' (transaction ID: 4706)
[DW] bdMarketplace: executing task '99' (transaction ID: 4707)
[DW] bdMarketplace: executing task '99' (transaction ID: 4708)
[DW] bdMarketplace: executing task '99' (transaction ID: 4709)
[DW] bdMarketplace: executing task '99' (transaction ID: 4710)
[DW] bdMarketplace: executing task '99' (transaction ID: 4711)
[DW] bdMarketplace: executing task '99' (transaction ID: 4712)
[DW] bdMarketplace: executing task '99' (transaction ID: 4713)
[DW] bdMarketplace: executing task '99' (transaction ID: 4714)
[DW] bdMarketplace: executing task '99' (transaction ID: 4715)
[DW] bdMarketplace: executing task '99' (transaction ID: 4716)
[DW] bdMarketplace: executing task '99' (transaction ID: 4717)
[DW] bdMarketplace: executing task '99' (transaction ID: 4718)
[DW] bdMarketplace: executing task '99' (transaction ID: 4719)
[DW] bdMarketplace: executing task '99' (transaction ID: 4720)
[DW] bdMarketplace: executing task '99' (transaction ID: 4721)
[DW] bdMarketplace: executing task '99' (transaction ID: 4722)
[DW] bdMarketplace: executing task '99' (transaction ID: 4723)
[DW] bdMarketplace: executing task '99' (transaction ID: 4724)
[DW] bdMarketplace: executing task '99' (transaction ID: 4725)
[DW] bdMarketplace: executing task '99' (transaction ID: 4726)
[DW] bdMarketplace: executing task '99' (transaction ID: 4727)
[DW] bdMarketplace: executing task '99' (transaction ID: 4728)
[DW] bdMarketplace: executing task '99' (transaction ID: 4729)
[DW] bdMarketplace: executing task '99' (transaction ID: 4730)
[DW] bdMarketplace: executing task '99' (transaction ID: 4731)
[DW] bdMarketplace: executing task '99' (transaction ID: 4732)
[DW] bdMarketplace: executing task '99' (transaction ID: 4733)
[DW] bdMarketplace: executing task '99' (transaction ID: 4734)
[DW] bdMarketplace: executing task '99' (transaction ID: 4735)
[DW] bdMarketplace: executing task '99' (transaction ID: 4736)
[DW] bdMarketplace: executing task '99' (transaction ID: 4737)
[DW] bdMarketplace: executing task '99' (transaction ID: 4738)
[DW] bdMarketplace: executing task '99' (transaction ID: 4739)
[DW] bdMarketplace: executing task '99' (transaction ID: 4740)
[DW] bdMarketplace: executing task '99' (transaction ID: 4741)
[DW] bdReward: executing task '11' (transaction ID: 4742)
[HQ event] enter_hub (enter_hub), timestamp 1789272014000000, 1 parameters
  1=1
[DW] bdMarketplace: executing task '99' (transaction ID: 4743)
[DW] bdMarketplace: executing task '99' (transaction ID: 4744)
[DW] bdMarketplace: executing task '99' (transaction ID: 4745)
[DW] bdMarketplace: executing task '99' (transaction ID: 4746)
[DW] bdMarketplace: executing task '99' (transaction ID: 4747)
[DW] bdMarketplace: executing task '99' (transaction ID: 4748)
[DW] bdMarketplace: executing task '99' (transaction ID: 4749)
[DW] bdMarketplace: executing task '99' (transaction ID: 4750)
[DW] bdMarketplace: executing task '99' (transaction ID: 4751)
[DW] bdMarketplace: executing task '99' (transaction ID: 4752)
[DW] bdMarketplace: executing task '99' (transaction ID: 4753)
[DW] bdMarketplace: executing task '99' (transaction ID: 4754)
[DW] bdMarketplace: executing task '99' (transaction ID: 4755)
[DW] bdMarketplace: executing task '99' (transaction ID: 4756)
[DW] bdMarketplace: executing task '99' (transaction ID: 4757)
[DW] bdMarketplace: executing task '99' (transaction ID: 4758)
[DW] bdMarketplace: executing task '99' (transaction ID: 4759)
[DW] bdMarketplace: executing task '99' (transaction ID: 4760)
[DW] bdMarketplace: executing task '99' (transaction ID: 4761)
[DW] bdMarketplace: executing task '99' (transaction ID: 4762)
[DW] bdMarketplace: executing task '99' (transaction ID: 4763)
[DW] bdMarketplace: executing task '99' (transaction ID: 4764)
[DW] bdMarketplace: executing task '99' (transaction ID: 4765)
[DW] bdMarketplace: executing task '99' (transaction ID: 4766)
[DW] bdMarketplace: executing task '99' (transaction ID: 4767)
[DW] bdMarketplace: executing task '99' (transaction ID: 4768)
[DW] bdMarketplace: executing task '99' (transaction ID: 4769)
[DW] bdMarketplace: executing task '99' (transaction ID: 4770)
[DW] bdMarketplace: executing task '99' (transaction ID: 4771)
[DW] bdMarketplace: executing task '99' (transaction ID: 4772)
[DW] bdMarketplace: executing task '99' (transaction ID: 4773)
[DW] bdMarketplace: executing task '99' (transaction ID: 4774)
[DW] bdMarketplace: executing task '99' (transaction ID: 4775)
[DW] bdMarketplace: executing task '99' (transaction ID: 4776)
[DW] bdMarketplace: executing task '99' (transaction ID: 4777)
[DW] bdMarketplace: executing task '99' (transaction ID: 4778)
[DW] bdMarketplace: executing task '99' (transaction ID: 4779)
[DW] bdMarketplace: executing task '99' (transaction ID: 4780)
[DW] bdMarketplace: executing task '99' (transaction ID: 4781)
[DW] bdMarketplace: executing task '99' (transaction ID: 4782)
[DW] bdMarketplace: executing task '99' (transaction ID: 4783)
[DW] bdMarketplace: executing task '99' (transaction ID: 4784)
[DW] bdMarketplace: executing task '99' (transaction ID: 4785)
[DW] bdMarketplace: executing task '99' (transaction ID: 4786)
[DW] bdMarketplace: executing task '99' (transaction ID: 4787)
[DW] bdMarketplace: executing task '99' (transaction ID: 4788)
[DW] bdMarketplace: executing task '99' (transaction ID: 4789)
[DW] bdMarketplace: executing task '99' (transaction ID: 4790)
[DW] bdMarketplace: executing task '99' (transaction ID: 4791)
[DW] bdMarketplace: executing task '99' (transaction ID: 4792)
[DW] bdMarketplace: executing task '99' (transaction ID: 4793)
[DW] bdMarketplace: executing task '99' (transaction ID: 4794)
[DW] bdMarketplace: executing task '99' (transaction ID: 4795)
[DW] bdMarketplace: executing task '99' (transaction ID: 4796)
[DW] bdMarketplace: executing task '99' (transaction ID: 4797)
[DW] bdMarketplace: executing task '99' (transaction ID: 4798)
[DW] bdMarketplace: executing task '99' (transaction ID: 4799)
[DW] bdMarketplace: executing task '99' (transaction ID: 4800)
[DW] bdMarketplace: executing task '99' (transaction ID: 4801)
[DW] bdMarketplace: executing task '99' (transaction ID: 4802)
[DW] bdMarketplace: executing task '99' (transaction ID: 4803)
[DW] bdMarketplace: executing task '99' (transaction ID: 4804)
[DW] bdMarketplace: executing task '99' (transaction ID: 4805)
[DW] bdMarketplace: executing task '99' (transaction ID: 4806)
[DW] bdMarketplace: executing task '99' (transaction ID: 4807)
[DW] bdMarketplace: executing task '99' (transaction ID: 4808)
[DW] bdMarketplace: executing task '99' (transaction ID: 4809)
[DW] bdMarketplace: executing task '99' (transaction ID: 4810)
[DW] bdMarketplace: executing task '99' (transaction ID: 4811)
[DW] bdMarketplace: executing task '99' (transaction ID: 4812)
[DW] bdMarketplace: executing task '99' (transaction ID: 4813)
[DW] bdMarketplace: executing task '99' (transaction ID: 4814)
[DW] bdMarketplace: executing task '99' (transaction ID: 4815)
[DW] bdMarketplace: executing task '99' (transaction ID: 4816)
[DW] bdMarketplace: executing task '99' (transaction ID: 4817)
[DW] bdMarketplace: executing task '99' (transaction ID: 4818)
[DW] bdMarketplace: executing task '99' (transaction ID: 4819)
[DW] bdMarketplace: executing task '99' (transaction ID: 4820)
[DW] bdMarketplace: executing task '99' (transaction ID: 4821)
[DW] bdMarketplace: executing task '99' (transaction ID: 4822)
[DW] bdMarketplace: executing task '99' (transaction ID: 4823)
[DW] bdMarketplace: executing task '99' (transaction ID: 4824)
[DW] bdMarketplace: executing task '99' (transaction ID: 4825)
[DW] bdMarketplace: executing task '99' (transaction ID: 4826)
[DW] bdMarketplace: executing task '99' (transaction ID: 4827)
[DW] bdMarketplace: executing task '99' (transaction ID: 4828)
[DW] bdMarketplace: executing task '99' (transaction ID: 4829)
[DW] bdMarketplace: executing task '99' (transaction ID: 4830)
[DW] bdMarketplace: executing task '99' (transaction ID: 4831)
[DW] bdMarketplace: executing task '99' (transaction ID: 4832)
[DW] bdMarketplace: executing task '99' (transaction ID: 4833)
[DW] bdMarketplace: executing task '99' (transaction ID: 4834)
[DW] bdMarketplace: executing task '99' (transaction ID: 4835)
[DW] bdMarketplace: executing task '99' (transaction ID: 4836)
[DW] bdMarketplace: executing task '99' (transaction ID: 4837)
[DW] bdMarketplace: executing task '99' (transaction ID: 4838)
[DW] bdMarketplace: executing task '99' (transaction ID: 4839)
[DW] bdMarketplace: executing task '99' (transaction ID: 4840)
[DW] bdMarketplace: executing task '99' (transaction ID: 4841)
[DW] bdMarketplace: executing task '99' (transaction ID: 4842)
[DW] bdMarketplace: executing task '99' (transaction ID: 4843)
[DW] bdMarketplace: executing task '99' (transaction ID: 4844)
[DW] bdMarketplace: executing task '99' (transaction ID: 4845)
[DW] bdMarketplace: executing task '99' (transaction ID: 4846)
[DW] bdMarketplace: executing task '99' (transaction ID: 4847)
[DW] bdMarketplace: executing task '99' (transaction ID: 4848)
[DW] bdMarketplace: executing task '99' (transaction ID: 4849)
[DW] bdMarketplace: executing task '99' (transaction ID: 4850)
[DW] bdMarketplace: executing task '99' (transaction ID: 4851)
[DW] bdMarketplace: executing task '99' (transaction ID: 4852)
[DW] bdMarketplace: executing task '99' (transaction ID: 4853)
[DW] bdMarketplace: executing task '99' (transaction ID: 4854)
[DW] bdMarketplace: executing task '99' (transaction ID: 4855)
[DW] bdMarketplace: executing task '99' (transaction ID: 4856)
[DW] bdMarketplace: executing task '99' (transaction ID: 4857)
[DW] bdMarketplace: executing task '99' (transaction ID: 4858)
[DW] bdMarketplace: executing task '99' (transaction ID: 4859)
[DW] bdMarketplace: executing task '99' (transaction ID: 4860)
[DW] bdMarketplace: executing task '99' (transaction ID: 4861)
[DW] bdMarketplace: executing task '99' (transaction ID: 4862)
[DW] bdMarketplace: executing task '99' (transaction ID: 4863)
[DW] bdMarketplace: executing task '99' (transaction ID: 4864)
[DW] bdMarketplace: executing task '99' (transaction ID: 4865)
[DW] bdMarketplace: executing task '99' (transaction ID: 4866)
[DW] bdMarketplace: executing task '99' (transaction ID: 4867)
[DW] bdMarketplace: executing task '99' (transaction ID: 4868)
[DW] bdMarketplace: executing task '99' (transaction ID: 4869)
[DW] bdMarketplace: executing task '99' (transaction ID: 4870)
[DW] bdMarketplace: executing task '99' (transaction ID: 4871)
[DW] bdMarketplace: executing task '99' (transaction ID: 4872)
[DW] bdMarketplace: executing task '99' (transaction ID: 4873)
[DW] bdMarketplace: executing task '99' (transaction ID: 4874)
[DW] bdMarketplace: executing task '99' (transaction ID: 4875)
[DW] bdMarketplace: executing task '99' (transaction ID: 4876)
[DW] bdMarketplace: executing task '99' (transaction ID: 4877)
[DW] bdMarketplace: executing task '99' (transaction ID: 4878)
[DW] bdMarketplace: executing task '99' (transaction ID: 4879)
[DW] bdMarketplace: executing task '99' (transaction ID: 4880)
[DW] bdMarketplace: executing task '99' (transaction ID: 4881)
[DW] bdMarketplace: executing task '99' (transaction ID: 4882)
[DW] bdMarketplace: executing task '99' (transaction ID: 4883)
[DW] bdMarketplace: executing task '99' (transaction ID: 4884)
[DW] bdMarketplace: executing task '99' (transaction ID: 4885)
[DW] bdMarketplace: executing task '99' (transaction ID: 4886)
[DW] bdMarketplace: executing task '99' (transaction ID: 4887)
[DW] bdMarketplace: executing task '99' (transaction ID: 4888)
[DW] bdMarketplace: executing task '99' (transaction ID: 4889)
[DW] bdMarketplace: executing task '99' (transaction ID: 4890)
[DW] bdMarketplace: executing task '99' (transaction ID: 4891)
[DW] bdMarketplace: executing task '99' (transaction ID: 4892)
[DW] bdMarketplace: executing task '99' (transaction ID: 4893)
[DW] bdMarketplace: executing task '99' (transaction ID: 4894)
[DW] bdMarketplace: executing task '99' (transaction ID: 4895)
[DW] bdMarketplace: executing task '99' (transaction ID: 4896)
[DW] bdMarketplace: executing task '99' (transaction ID: 4897)
[DW] bdMarketplace: executing task '99' (transaction ID: 4898)
[DW] bdMarketplace: executing task '99' (transaction ID: 4899)
[DW] bdMarketplace: executing task '99' (transaction ID: 4900)
[DW] bdMarketplace: executing task '99' (transaction ID: 4901)
[DW] bdMarketplace: executing task '99' (transaction ID: 4902)
[DW] bdMarketplace: executing task '99' (transaction ID: 4903)
[DW] bdMarketplace: executing task '99' (transaction ID: 4904)
[DW] bdMarketplace: executing task '99' (transaction ID: 4905)
[DW] bdMarketplace: executing task '99' (transaction ID: 4906)
[DW] bdMarketplace: executing task '99' (transaction ID: 4907)
[DW] bdMarketplace: executing task '99' (transaction ID: 4908)
[DW] bdMarketplace: executing task '99' (transaction ID: 4909)
[DW] bdMarketplace: executing task '99' (transaction ID: 4910)
[DW] bdMarketplace: executing task '99' (transaction ID: 4911)
[DW] bdMarketplace: executing task '99' (transaction ID: 4912)
[DW] bdMarketplace: executing task '99' (transaction ID: 4913)
[DW] bdMarketplace: executing task '99' (transaction ID: 4914)
[DW] bdMarketplace: executing task '99' (transaction ID: 4915)
[DW] bdMarketplace: executing task '99' (transaction ID: 4916)
[DW] bdMarketplace: executing task '99' (transaction ID: 4917)
[DW] bdMarketplace: executing task '99' (transaction ID: 4918)
[DW] bdMarketplace: executing task '99' (transaction ID: 4919)
[DW] bdMarketplace: executing task '99' (transaction ID: 4920)
[DW] bdMarketplace: executing task '99' (transaction ID: 4921)
[DW] bdMarketplace: executing task '99' (transaction ID: 4922)
[DW] bdMarketplace: executing task '99' (transaction ID: 4923)
[DW] bdMarketplace: executing task '99' (transaction ID: 4924)
[DW] bdMarketplace: executing task '99' (transaction ID: 4925)
[DW] bdMarketplace: executing task '99' (transaction ID: 4926)
[DW] bdMarketplace: executing task '99' (transaction ID: 4927)
[DW] bdMarketplace: executing task '99' (transaction ID: 4928)
[DW] bdMarketplace: executing task '99' (transaction ID: 4929)
[DW] bdMarketplace: executing task '99' (transaction ID: 4930)
[DW] bdMarketplace: executing task '99' (transaction ID: 4931)
[DW] bdMarketplace: executing task '99' (transaction ID: 4932)
[DW] bdMarketplace: executing task '99' (transaction ID: 4933)
[DW] bdMarketplace: executing task '99' (transaction ID: 4934)
[DW] bdMarketplace: executing task '99' (transaction ID: 4935)
[DW] bdMarketplace: executing task '99' (transaction ID: 4936)
[DW] bdMarketplace: executing task '99' (transaction ID: 4937)
[DW] bdMarketplace: executing task '99' (transaction ID: 4938)
[DW] bdMarketplace: executing task '99' (transaction ID: 4939)
[DW] bdMarketplace: executing task '99' (transaction ID: 4940)
[DW] bdMarketplace: executing task '99' (transaction ID: 4941)
[DW] bdMarketplace: executing task '99' (transaction ID: 4942)
[DW] bdMarketplace: executing task '99' (transaction ID: 4943)
[DW] bdMarketplace: executing task '99' (transaction ID: 4944)
[DW] bdMarketplace: executing task '99' (transaction ID: 4945)
[DW] bdMarketplace: executing task '99' (transaction ID: 4946)
[DW] bdMarketplace: executing task '99' (transaction ID: 4947)
[DW] bdMarketplace: executing task '99' (transaction ID: 4948)
[DW] bdMarketplace: executing task '99' (transaction ID: 4949)
[DW] bdMarketplace: executing task '99' (transaction ID: 4950)
[DW] bdMarketplace: executing task '99' (transaction ID: 4951)
[DW] bdMarketplace: executing task '99' (transaction ID: 4952)
[DW] bdMarketplace: executing task '99' (transaction ID: 4953)
[DW] bdMarketplace: executing task '99' (transaction ID: 4954)
[DW] bdMarketplace: executing task '99' (transaction ID: 4955)
[DW] bdMarketplace: executing task '99' (transaction ID: 4956)
[DW] bdMarketplace: executing task '99' (transaction ID: 4957)
[DW] bdMarketplace: executing task '99' (transaction ID: 4958)
[DW] bdMarketplace: executing task '99' (transaction ID: 4959)
[DW] bdMarketplace: executing task '99' (transaction ID: 4960)
[DW] bdMarketplace: executing task '99' (transaction ID: 4961)
[DW] bdMarketplace: executing task '99' (transaction ID: 4962)
[DW] bdMarketplace: executing task '99' (transaction ID: 4963)
[DW] bdMarketplace: executing task '99' (transaction ID: 4964)
[DW] bdMarketplace: executing task '99' (transaction ID: 4965)
[DW] bdMarketplace: executing task '99' (transaction ID: 4966)
[DW] bdMarketplace: executing task '99' (transaction ID: 4967)
[DW] bdMarketplace: executing task '99' (transaction ID: 4968)
[DW] bdMarketplace: executing task '99' (transaction ID: 4969)
[DW] bdMarketplace: executing task '99' (transaction ID: 4970)
[DW] bdMarketplace: executing task '99' (transaction ID: 4971)
[DW] bdMarketplace: executing task '99' (transaction ID: 4972)
[DW] bdMarketplace: executing task '99' (transaction ID: 4973)
[DW] bdMarketplace: executing task '99' (transaction ID: 4974)
[DW] bdMarketplace: executing task '99' (transaction ID: 4975)
[DW] bdMarketplace: executing task '99' (transaction ID: 4976)
[DW] bdMarketplace: executing task '99' (transaction ID: 4977)
[DW] bdMarketplace: executing task '99' (transaction ID: 4978)
[DW] bdMarketplace: executing task '99' (transaction ID: 4979)
[DW] bdMarketplace: executing task '99' (transaction ID: 4980)
[DW] bdMarketplace: executing task '99' (transaction ID: 4981)
[DW] bdMarketplace: executing task '99' (transaction ID: 4982)
[DW] bdMarketplace: executing task '99' (transaction ID: 4983)
[DW] bdMarketplace: executing task '99' (transaction ID: 4984)
[DW] bdMarketplace: executing task '99' (transaction ID: 4985)
[DW] bdMarketplace: executing task '99' (transaction ID: 4986)
[DW] bdMarketplace: executing task '99' (transaction ID: 4987)
[DW] bdMarketplace: executing task '99' (transaction ID: 4988)
[DW] bdMarketplace: executing task '99' (transaction ID: 4989)
[DW] bdMarketplace: executing task '99' (transaction ID: 4990)
[DW] bdMarketplace: executing task '99' (transaction ID: 4991)
[DW] bdMarketplace: executing task '99' (transaction ID: 4992)
[DW] bdMarketplace: executing task '99' (transaction ID: 4993)
[DW] bdMarketplace: executing task '99' (transaction ID: 4994)
[DW] bdMarketplace: executing task '99' (transaction ID: 4995)
[DW] bdMarketplace: executing task '99' (transaction ID: 4996)
[DW] bdMarketplace: executing task '99' (transaction ID: 4997)
[DW] bdMarketplace: executing task '99' (transaction ID: 4998)
[DW] bdMarketplace: executing task '99' (transaction ID: 4999)
[DW] bdMarketplace: executing task '99' (transaction ID: 5000)
[DW] bdMarketplace: executing task '99' (transaction ID: 5001)
[DW] bdMarketplace: executing task '99' (transaction ID: 5002)
[DW] bdMarketplace: executing task '99' (transaction ID: 5003)
[DW] bdMarketplace: executing task '99' (transaction ID: 5004)
[DW] bdMarketplace: executing task '99' (transaction ID: 5005)
[DW] bdMarketplace: executing task '99' (transaction ID: 5006)
[DW] bdMarketplace: executing task '99' (transaction ID: 5007)
[DW] bdMarketplace: executing task '99' (transaction ID: 5008)
[DW] bdMarketplace: executing task '99' (transaction ID: 5009)
[DW] bdMarketplace: executing task '99' (transaction ID: 5010)
[DW] bdMarketplace: executing task '99' (transaction ID: 5011)
[DW] bdMarketplace: executing task '99' (transaction ID: 5012)
[DW] bdMarketplace: executing task '99' (transaction ID: 5013)
[DW] bdMarketplace: executing task '99' (transaction ID: 5014)
[DW] bdMarketplace: executing task '99' (transaction ID: 5015)
[DW] bdMarketplace: executing task '99' (transaction ID: 5016)
[DW] bdMarketplace: executing task '99' (transaction ID: 5017)
[DW] bdMarketplace: executing task '99' (transaction ID: 5018)
[DW] bdMarketplace: executing task '99' (transaction ID: 5019)
[DW] bdMarketplace: executing task '99' (transaction ID: 5020)
[DW] bdMarketplace: executing task '99' (transaction ID: 5021)
[DW] bdMarketplace: executing task '99' (transaction ID: 5022)
[DW] bdMarketplace: executing task '99' (transaction ID: 5023)
[DW] bdMarketplace: executing task '99' (transaction ID: 5024)
[DW] bdMarketplace: executing task '99' (transaction ID: 5025)
[DW] bdMarketplace: executing task '99' (transaction ID: 5026)
[DW] bdMarketplace: executing task '99' (transaction ID: 5027)
[DW] bdMarketplace: executing task '99' (transaction ID: 5028)
[DW] bdMarketplace: executing task '99' (transaction ID: 5029)
[DW] bdMarketplace: executing task '99' (transaction ID: 5030)
[DW] bdMarketplace: executing task '99' (transaction ID: 5031)
[DW] bdMarketplace: executing task '99' (transaction ID: 5032)
[DW] bdMarketplace: executing task '99' (transaction ID: 5033)
[DW] bdMarketplace: executing task '99' (transaction ID: 5034)
[DW] bdMarketplace: executing task '99' (transaction ID: 5035)
[DW] bdMarketplace: executing task '99' (transaction ID: 5036)
[DW] bdMarketplace: executing task '99' (transaction ID: 5037)
[DW] bdMarketplace: executing task '99' (transaction ID: 5038)
[DW] bdMarketplace: executing task '99' (transaction ID: 5039)
[DW] bdMarketplace: executing task '99' (transaction ID: 5040)
[DW] bdMarketplace: executing task '99' (transaction ID: 5041)
[DW] bdMarketplace: executing task '99' (transaction ID: 5042)
[DW] bdMarketplace: executing task '99' (transaction ID: 5043)
[DW] bdMarketplace: executing task '99' (transaction ID: 5044)
[DW] bdMarketplace: executing task '99' (transaction ID: 5045)
[DW] bdMarketplace: executing task '99' (transaction ID: 5046)
[DW] bdMarketplace: executing task '99' (transaction ID: 5047)
[DW] bdMarketplace: executing task '99' (transaction ID: 5048)
[DW] bdMarketplace: executing task '99' (transaction ID: 5049)
[DW] bdMarketplace: executing task '99' (transaction ID: 5050)
[DW] bdMarketplace: executing task '99' (transaction ID: 5051)
[DW] bdMarketplace: executing task '99' (transaction ID: 5052)
[DW] bdMarketplace: executing task '99' (transaction ID: 5053)
[DW] bdMarketplace: executing task '99' (transaction ID: 5054)
[DW] bdMarketplace: executing task '99' (transaction ID: 5055)
[DW] bdMarketplace: executing task '99' (transaction ID: 5056)
[DW] bdMarketplace: executing task '99' (transaction ID: 5057)
[DW] bdMarketplace: executing task '99' (transaction ID: 5058)
[DW] bdMarketplace: executing task '99' (transaction ID: 5059)
[DW] bdMarketplace: executing task '99' (transaction ID: 5060)
[DW] bdMarketplace: executing task '99' (transaction ID: 5061)
[DW] bdMarketplace: executing task '99' (transaction ID: 5062)
[DW] bdMarketplace: executing task '99' (transaction ID: 5063)
[DW] bdMarketplace: executing task '99' (transaction ID: 5064)
[DW] bdMarketplace: executing task '99' (transaction ID: 5065)
[DW] bdMarketplace: executing task '99' (transaction ID: 5066)
[DW] bdMarketplace: executing task '99' (transaction ID: 5067)
[DW] bdMarketplace: executing task '99' (transaction ID: 5068)
[DW] bdMarketplace: executing task '99' (transaction ID: 5069)
[DW] bdMarketplace: executing task '99' (transaction ID: 5070)
[DW] bdMarketplace: executing task '99' (transaction ID: 5071)
[DW] bdMarketplace: executing task '99' (transaction ID: 5072)
[DW] bdMarketplace: executing task '99' (transaction ID: 5073)
[DW] bdMarketplace: executing task '99' (transaction ID: 5074)
[DW] bdMarketplace: executing task '99' (transaction ID: 5075)
[DW] bdMarketplace: executing task '99' (transaction ID: 5076)
[DW] bdMarketplace: executing task '99' (transaction ID: 5077)
[DW] bdMarketplace: executing task '99' (transaction ID: 5078)
[DW] bdMarketplace: executing task '99' (transaction ID: 5079)
[DW] bdMarketplace: executing task '99' (transaction ID: 5080)
[DW] bdMarketplace: executing task '99' (transaction ID: 5081)
[DW] bdMarketplace: executing task '99' (transaction ID: 5082)
[DW] bdMarketplace: executing task '99' (transaction ID: 5083)
[DW] bdMarketplace: executing task '99' (transaction ID: 5084)
[DW] bdMarketplace: executing task '99' (transaction ID: 5085)
[DW] bdMarketplace: executing task '99' (transaction ID: 5086)
[DW] bdMarketplace: executing task '99' (transaction ID: 5087)
[DW] bdMarketplace: executing task '99' (transaction ID: 5088)
[DW] bdMarketplace: executing task '99' (transaction ID: 5089)
[DW] bdMarketplace: executing task '99' (transaction ID: 5090)
[DW] bdMarketplace: executing task '99' (transaction ID: 5091)
[DW] bdMarketplace: executing task '99' (transaction ID: 5092)
[DW] bdMarketplace: executing task '99' (transaction ID: 5093)
[DW] bdMarketplace: executing task '99' (transaction ID: 5094)
[DW] bdMarketplace: executing task '99' (transaction ID: 5095)
[DW] bdMarketplace: executing task '99' (transaction ID: 5096)
[DW] bdMarketplace: executing task '99' (transaction ID: 5097)
[DW] bdMarketplace: executing task '99' (transaction ID: 5098)
[DW] bdMarketplace: executing task '99' (transaction ID: 5099)
[DW] bdMarketplace: executing task '99' (transaction ID: 5100)
[DW] bdMarketplace: executing task '99' (transaction ID: 5101)
[DW] bdMarketplace: executing task '99' (transaction ID: 5102)
[DW] bdMarketplace: executing task '99' (transaction ID: 5103)
[DW] bdMarketplace: executing task '99' (transaction ID: 5104)
[DW] bdMarketplace: executing task '99' (transaction ID: 5105)
[DW] bdMarketplace: executing task '99' (transaction ID: 5106)
[DW] bdMarketplace: executing task '99' (transaction ID: 5107)
[DW] bdMarketplace: executing task '99' (transaction ID: 5108)
[DW] bdMarketplace: executing task '99' (transaction ID: 5109)
[DW] bdMarketplace: executing task '99' (transaction ID: 5110)
[DW] bdMarketplace: executing task '99' (transaction ID: 5111)
[DW] bdMarketplace: executing task '99' (transaction ID: 5112)
[DW] bdMarketplace: executing task '99' (transaction ID: 5113)
[DW] bdMarketplace: executing task '99' (transaction ID: 5114)
[DW] bdMarketplace: executing task '99' (transaction ID: 5115)
[DW] bdMarketplace: executing task '99' (transaction ID: 5116)
[DW] bdMarketplace: executing task '99' (transaction ID: 5117)
[DW] bdMarketplace: executing task '99' (transaction ID: 5118)
[DW] bdMarketplace: executing task '99' (transaction ID: 5119)
[DW] bdMarketplace: executing task '99' (transaction ID: 5120)
[DW] bdMarketplace: executing task '99' (transaction ID: 5121)
[DW] bdMarketplace: executing task '99' (transaction ID: 5122)
[DW] bdMarketplace: executing task '99' (transaction ID: 5123)
[DW] bdMarketplace: executing task '99' (transaction ID: 5124)
[DW] bdMarketplace: executing task '99' (transaction ID: 5125)
[DW] bdMarketplace: executing task '99' (transaction ID: 5126)
[DW] bdMarketplace: executing task '99' (transaction ID: 5127)
[DW] bdMarketplace: executing task '99' (transaction ID: 5128)
[DW] bdMarketplace: executing task '99' (transaction ID: 5129)
[DW] bdMarketplace: executing task '99' (transaction ID: 5130)
[DW] bdMarketplace: executing task '99' (transaction ID: 5131)
[DW] bdMarketplace: executing task '99' (transaction ID: 5132)
[DW] bdMarketplace: executing task '99' (transaction ID: 5133)
[DW] bdMarketplace: executing task '99' (transaction ID: 5134)
[DW] bdMarketplace: executing task '99' (transaction ID: 5135)
[DW] bdMarketplace: executing task '99' (transaction ID: 5136)
[DW] bdMarketplace: executing task '99' (transaction ID: 5137)
[DW] bdMarketplace: executing task '99' (transaction ID: 5138)
[DW] bdMarketplace: executing task '99' (transaction ID: 5139)
[DW] bdMarketplace: executing task '99' (transaction ID: 5140)
[DW] bdMarketplace: executing task '99' (transaction ID: 5141)
[DW] bdMarketplace: executing task '99' (transaction ID: 5142)
[DW] bdMarketplace: executing task '99' (transaction ID: 5143)
[DW] bdMarketplace: executing task '99' (transaction ID: 5144)
[DW] bdMarketplace: executing task '99' (transaction ID: 5145)
[DW] bdMarketplace: executing task '99' (transaction ID: 5146)
[DW] bdMarketplace: executing task '99' (transaction ID: 5147)
[DW] bdMarketplace: executing task '99' (transaction ID: 5148)
[DW] bdMarketplace: executing task '99' (transaction ID: 5149)
[DW] bdMarketplace: executing task '99' (transaction ID: 5150)
[DW] bdMarketplace: executing task '99' (transaction ID: 5151)
[DW] bdMarketplace: executing task '99' (transaction ID: 5152)
[DW] bdMarketplace: executing task '99' (transaction ID: 5153)
[DW] bdMarketplace: executing task '99' (transaction ID: 5154)
[DW] bdMarketplace: executing task '99' (transaction ID: 5155)
[DW] bdMarketplace: executing task '99' (transaction ID: 5156)
[DW] bdMarketplace: executing task '99' (transaction ID: 5157)
[DW] bdMarketplace: executing task '99' (transaction ID: 5158)
[DW] bdMarketplace: executing task '99' (transaction ID: 5159)
[DW] bdMarketplace: executing task '99' (transaction ID: 5160)
[DW] bdMarketplace: executing task '99' (transaction ID: 5161)
[DW] bdMarketplace: executing task '99' (transaction ID: 5162)
[DW] bdMarketplace: executing task '99' (transaction ID: 5163)
[DW] bdMarketplace: executing task '99' (transaction ID: 5164)
[DW] bdMarketplace: executing task '99' (transaction ID: 5165)
[DW] bdMarketplace: executing task '99' (transaction ID: 5166)
[DW] bdMarketplace: executing task '99' (transaction ID: 5167)
[DW] bdMarketplace: executing task '99' (transaction ID: 5168)
[DW] bdMarketplace: executing task '99' (transaction ID: 5169)
[DW] bdMarketplace: executing task '99' (transaction ID: 5170)
[DW] bdMarketplace: executing task '99' (transaction ID: 5171)
[DW] bdMarketplace: executing task '99' (transaction ID: 5172)
[DW] bdMarketplace: executing task '99' (transaction ID: 5173)
[DW] bdMarketplace: executing task '99' (transaction ID: 5174)
[DW] bdMarketplace: executing task '99' (transaction ID: 5175)
[DW] bdMarketplace: executing task '99' (transaction ID: 5176)
[DW] bdMarketplace: executing task '99' (transaction ID: 5177)
[DW] bdMarketplace: executing task '99' (transaction ID: 5178)
[DW] bdMarketplace: executing task '99' (transaction ID: 5179)
[DW] bdMarketplace: executing task '99' (transaction ID: 5180)
[DW] bdMarketplace: executing task '99' (transaction ID: 5181)
[DW] bdMarketplace: executing task '99' (transaction ID: 5182)
[DW] bdMarketplace: executing task '99' (transaction ID: 5183)
[DW] bdMarketplace: executing task '99' (transaction ID: 5184)
[DW] bdMarketplace: executing task '99' (transaction ID: 5185)
[DW] bdMarketplace: executing task '99' (transaction ID: 5186)
[DW] bdMarketplace: executing task '99' (transaction ID: 5187)
[DW] bdMarketplace: executing task '99' (transaction ID: 5188)
[DW] bdMarketplace: executing task '99' (transaction ID: 5189)
[DW] bdMarketplace: executing task '99' (transaction ID: 5190)
[DW] bdMarketplace: executing task '99' (transaction ID: 5191)
[DW] bdMarketplace: executing task '99' (transaction ID: 5192)
[DW] bdMarketplace: executing task '99' (transaction ID: 5193)
[DW] bdMarketplace: executing task '99' (transaction ID: 5194)
[DW] bdMarketplace: executing task '99' (transaction ID: 5195)
[DW] bdMarketplace: executing task '99' (transaction ID: 5196)
[DW] bdMarketplace: executing task '99' (transaction ID: 5197)
[DW] bdMarketplace: executing task '99' (transaction ID: 5198)
[DW] bdMarketplace: executing task '99' (transaction ID: 5199)
[DW] bdMarketplace: executing task '99' (transaction ID: 5200)
[DW] bdMarketplace: executing task '99' (transaction ID: 5201)
[DW] bdMarketplace: executing task '99' (transaction ID: 5202)
[DW] bdMarketplace: executing task '99' (transaction ID: 5203)
[DW] bdMarketplace: executing task '99' (transaction ID: 5204)
[DW] bdMarketplace: executing task '99' (transaction ID: 5205)
[DW] bdMarketplace: executing task '99' (transaction ID: 5206)
[DW] bdMarketplace: executing task '99' (transaction ID: 5207)
[DW] bdMarketplace: executing task '99' (transaction ID: 5208)
[DW] bdMarketplace: executing task '99' (transaction ID: 5209)
[DW] bdMarketplace: executing task '99' (transaction ID: 5210)
[DW] bdMarketplace: executing task '99' (transaction ID: 5211)
[DW] bdMarketplace: executing task '99' (transaction ID: 5212)
[DW] bdMarketplace: executing task '99' (transaction ID: 5213)
[DW] bdMarketplace: executing task '99' (transaction ID: 5214)
[DW] bdMarketplace: executing task '99' (transaction ID: 5215)
[DW] bdMarketplace: executing task '99' (transaction ID: 5216)
[DW] bdMarketplace: executing task '99' (transaction ID: 5217)
[DW] bdMarketplace: executing task '99' (transaction ID: 5218)
[DW] bdMarketplace: executing task '99' (transaction ID: 5219)
[DW] bdMarketplace: executing task '99' (transaction ID: 5220)
[DW] bdMarketplace: executing task '99' (transaction ID: 5221)
[DW] bdMarketplace: executing task '99' (transaction ID: 5222)
[DW] bdMarketplace: executing task '99' (transaction ID: 5223)
[DW] bdMarketplace: executing task '99' (transaction ID: 5224)
[DW] bdMarketplace: executing task '99' (transaction ID: 5225)
[DW] bdMarketplace: executing task '99' (transaction ID: 5226)
[DW] bdMarketplace: executing task '99' (transaction ID: 5227)
[DW] bdMarketplace: executing task '99' (transaction ID: 5228)
[DW] bdMarketplace: executing task '99' (transaction ID: 5229)
[DW] bdMarketplace: executing task '99' (transaction ID: 5230)
[DW] bdMarketplace: executing task '99' (transaction ID: 5231)
[DW] bdMarketplace: executing task '99' (transaction ID: 5232)
[DW] bdMarketplace: executing task '99' (transaction ID: 5233)
[DW] bdMarketplace: executing task '99' (transaction ID: 5234)
[DW] bdMarketplace: executing task '99' (transaction ID: 5235)
[DW] bdMarketplace: executing task '99' (transaction ID: 5236)
[DW] bdMarketplace: executing task '99' (transaction ID: 5237)
[DW] bdMarketplace: executing task '99' (transaction ID: 5238)
[DW] bdMarketplace: executing task '99' (transaction ID: 5239)
[DW] bdMarketplace: executing task '99' (transaction ID: 5240)
[DW] bdMarketplace: executing task '99' (transaction ID: 5241)
[DW] bdMarketplace: executing task '99' (transaction ID: 5242)
[DW] bdMarketplace: executing task '99' (transaction ID: 5243)
[DW] bdMarketplace: executing task '99' (transaction ID: 5244)
[DW] bdMarketplace: executing task '99' (transaction ID: 5245)
[DW] bdMarketplace: executing task '99' (transaction ID: 5246)
[DW] bdMarketplace: executing task '99' (transaction ID: 5247)
[DW] bdMarketplace: executing task '99' (transaction ID: 5248)
[DW] bdMarketplace: executing task '99' (transaction ID: 5249)
[DW] bdMarketplace: executing task '99' (transaction ID: 5250)
[DW] bdMarketplace: executing task '99' (transaction ID: 5251)
[DW] bdMarketplace: executing task '99' (transaction ID: 5252)
[DW] bdMarketplace: executing task '99' (transaction ID: 5253)
[DW] bdMarketplace: executing task '99' (transaction ID: 5254)
[DW] bdMarketplace: executing task '99' (transaction ID: 5255)
[DW] bdMarketplace: executing task '99' (transaction ID: 5256)
[DW] bdMarketplace: executing task '99' (transaction ID: 5257)
[DW] bdMarketplace: executing task '99' (transaction ID: 5258)
[DW] bdMarketplace: executing task '99' (transaction ID: 5259)
[DW] bdMarketplace: executing task '99' (transaction ID: 5260)
[DW] bdMarketplace: executing task '99' (transaction ID: 5261)
[DW] bdMarketplace: executing task '99' (transaction ID: 5262)
[DW] bdMarketplace: executing task '99' (transaction ID: 5263)
[DW] bdMarketplace: executing task '99' (transaction ID: 5264)
[DW] bdMarketplace: executing task '99' (transaction ID: 5265)
[DW] bdMarketplace: executing task '99' (transaction ID: 5266)
[DW] bdMarketplace: executing task '99' (transaction ID: 5267)
[DW] bdMarketplace: executing task '99' (transaction ID: 5268)
[DW] bdMarketplace: executing task '99' (transaction ID: 5269)
[DW] bdMarketplace: executing task '99' (transaction ID: 5270)
[DW] bdMarketplace: executing task '99' (transaction ID: 5271)
[DW] bdMarketplace: executing task '99' (transaction ID: 5272)
[DW] bdMarketplace: executing task '99' (transaction ID: 5273)
[DW] bdMarketplace: executing task '99' (transaction ID: 5274)
[DW] bdMarketplace: executing task '99' (transaction ID: 5275)
[DW] bdMarketplace: executing task '99' (transaction ID: 5276)
[DW] bdMarketplace: executing task '99' (transaction ID: 5277)
[DW] bdMarketplace: executing task '99' (transaction ID: 5278)
[DW] bdMarketplace: executing task '99' (transaction ID: 5279)
[DW] bdMarketplace: executing task '99' (transaction ID: 5280)
[DW] bdMarketplace: executing task '99' (transaction ID: 5281)
[DW] bdMarketplace: executing task '99' (transaction ID: 5282)
[DW] bdMarketplace: executing task '99' (transaction ID: 5283)
[DW] bdMarketplace: executing task '99' (transaction ID: 5284)
[DW] bdMarketplace: executing task '99' (transaction ID: 5285)
[DW] bdMarketplace: executing task '99' (transaction ID: 5286)
[DW] bdMarketplace: executing task '99' (transaction ID: 5287)
[DW] bdMarketplace: executing task '99' (transaction ID: 5288)
[DW] bdMarketplace: executing task '99' (transaction ID: 5289)
[DW] bdMarketplace: executing task '99' (transaction ID: 5290)
[DW] bdMarketplace: executing task '99' (transaction ID: 5291)
[DW] bdMarketplace: executing task '99' (transaction ID: 5292)
[DW] bdMarketplace: executing task '99' (transaction ID: 5293)
[DW] bdMarketplace: executing task '99' (transaction ID: 5294)
[DW] bdMarketplace: executing task '99' (transaction ID: 5295)
[DW] bdMarketplace: executing task '99' (transaction ID: 5296)
[DW] bdMarketplace: executing task '99' (transaction ID: 5297)
[DW] bdMarketplace: executing task '99' (transaction ID: 5298)
[DW] bdMarketplace: executing task '99' (transaction ID: 5299)
[DW] bdMarketplace: executing task '99' (transaction ID: 5300)
[DW] bdMarketplace: executing task '99' (transaction ID: 5301)
[DW] bdMarketplace: executing task '99' (transaction ID: 5302)
[DW] bdMarketplace: executing task '99' (transaction ID: 5303)
[DW] bdMarketplace: executing task '99' (transaction ID: 5304)
[DW] bdMarketplace: executing task '99' (transaction ID: 5305)
[DW] bdMarketplace: executing task '99' (transaction ID: 5306)
[DW] bdMarketplace: executing task '99' (transaction ID: 5307)
[DW] bdMarketplace: executing task '99' (transaction ID: 5308)
[DW] bdMarketplace: executing task '99' (transaction ID: 5309)
[DW] bdMarketplace: executing task '99' (transaction ID: 5310)
[DW] bdMarketplace: executing task '99' (transaction ID: 5311)
[DW] bdMarketplace: executing task '99' (transaction ID: 5312)
[DW] bdMarketplace: executing task '99' (transaction ID: 5313)
[DW] bdMarketplace: executing task '99' (transaction ID: 5314)
[DW] bdMarketplace: executing task '99' (transaction ID: 5315)
[DW] bdMarketplace: executing task '99' (transaction ID: 5316)
[DW] bdMarketplace: executing task '99' (transaction ID: 5317)
[DW] bdMarketplace: executing task '99' (transaction ID: 5318)
[DW] bdMarketplace: executing task '99' (transaction ID: 5319)
[DW] bdMarketplace: executing task '99' (transaction ID: 5320)
[DW] bdMarketplace: executing task '99' (transaction ID: 5321)
[DW] bdMarketplace: executing task '99' (transaction ID: 5322)
[DW] bdMarketplace: executing task '99' (transaction ID: 5323)
[DW] bdMarketplace: executing task '99' (transaction ID: 5324)
[DW] bdMarketplace: executing task '99' (transaction ID: 5325)
[DW] bdMarketplace: executing task '99' (transaction ID: 5326)
[DW] bdMarketplace: executing task '99' (transaction ID: 5327)
[DW] bdMarketplace: executing task '99' (transaction ID: 5328)
[DW] bdMarketplace: executing task '99' (transaction ID: 5329)
[DW] bdMarketplace: executing task '99' (transaction ID: 5330)
[DW] bdMarketplace: executing task '99' (transaction ID: 5331)
[DW] bdMarketplace: executing task '99' (transaction ID: 5332)
[DW] bdMarketplace: executing task '99' (transaction ID: 5333)
[DW] bdMarketplace: executing task '99' (transaction ID: 5334)
[DW] bdMarketplace: executing task '99' (transaction ID: 5335)
[DW] bdMarketplace: executing task '99' (transaction ID: 5336)
[DW] bdMarketplace: executing task '99' (transaction ID: 5337)
[DW] bdMarketplace: executing task '99' (transaction ID: 5338)
[DW] bdMarketplace: executing task '99' (transaction ID: 5339)
[DW] bdMarketplace: executing task '99' (transaction ID: 5340)
[DW] bdMarketplace: executing task '99' (transaction ID: 5341)
[DW] bdMarketplace: executing task '99' (transaction ID: 5342)
[DW] bdMarketplace: executing task '99' (transaction ID: 5343)
[DW] bdMarketplace: executing task '99' (transaction ID: 5344)
[DW] bdMarketplace: executing task '99' (transaction ID: 5345)
[DW] bdMarketplace: executing task '99' (transaction ID: 5346)
[DW] bdMarketplace: executing task '99' (transaction ID: 5347)
[DW] bdMarketplace: executing task '99' (transaction ID: 5348)
[DW] bdMarketplace: executing task '99' (transaction ID: 5349)
[DW] bdMarketplace: executing task '99' (transaction ID: 5350)
[DW] bdMarketplace: executing task '99' (transaction ID: 5351)
[DW] bdMarketplace: executing task '99' (transaction ID: 5352)
[DW] bdMarketplace: executing task '99' (transaction ID: 5353)
[DW] bdMarketplace: executing task '99' (transaction ID: 5354)
[DW] bdMarketplace: executing task '99' (transaction ID: 5355)
[DW] bdMarketplace: executing task '99' (transaction ID: 5356)
[DW] bdMarketplace: executing task '99' (transaction ID: 5357)
[DW] bdMarketplace: executing task '99' (transaction ID: 5358)
[DW] bdMarketplace: executing task '99' (transaction ID: 5359)
[DW] bdMarketplace: executing task '99' (transaction ID: 5360)
[DW] bdMarketplace: executing task '99' (transaction ID: 5361)
[DW] bdMarketplace: executing task '99' (transaction ID: 5362)
[DW] bdMarketplace: executing task '99' (transaction ID: 5363)
[DW] bdMarketplace: executing task '99' (transaction ID: 5364)
[DW] bdMarketplace: executing task '99' (transaction ID: 5365)
[DW] bdMarketplace: executing task '99' (transaction ID: 5366)
[DW] bdMarketplace: executing task '99' (transaction ID: 5367)
[DW] bdMarketplace: executing task '99' (transaction ID: 5368)
[DW] bdMarketplace: executing task '99' (transaction ID: 5369)
[DW] bdMarketplace: executing task '99' (transaction ID: 5370)
[DW] bdMarketplace: executing task '99' (transaction ID: 5371)
[DW] bdMarketplace: executing task '99' (transaction ID: 5372)
[DW] bdMarketplace: executing task '99' (transaction ID: 5373)
[DW] bdMarketplace: executing task '99' (transaction ID: 5374)
[DW] bdMarketplace: executing task '99' (transaction ID: 5375)
[DW] bdMarketplace: executing task '99' (transaction ID: 5376)
[DW] bdMarketplace: executing task '99' (transaction ID: 5377)
[DW] bdMarketplace: executing task '99' (transaction ID: 5378)
[DW] bdMarketplace: executing task '99' (transaction ID: 5379)
[DW] bdMarketplace: executing task '99' (transaction ID: 5380)
[DW] bdMarketplace: executing task '99' (transaction ID: 5381)
[DW] bdMarketplace: executing task '99' (transaction ID: 5382)
[DW] bdMarketplace: executing task '99' (transaction ID: 5383)
[DW] bdMarketplace: executing task '99' (transaction ID: 5384)
[DW] bdMarketplace: executing task '99' (transaction ID: 5385)
[DW] bdMarketplace: executing task '99' (transaction ID: 5386)
[DW] bdMarketplace: executing task '99' (transaction ID: 5387)
[DW] bdMarketplace: executing task '99' (transaction ID: 5388)
[DW] bdMarketplace: executing task '99' (transaction ID: 5389)
[DW] bdMarketplace: executing task '99' (transaction ID: 5390)
[DW] bdMarketplace: executing task '99' (transaction ID: 5391)
[DW] bdMarketplace: executing task '99' (transaction ID: 5392)
[DW] bdMarketplace: executing task '99' (transaction ID: 5393)
[DW] bdMarketplace: executing task '99' (transaction ID: 5394)
[DW] bdMarketplace: executing task '99' (transaction ID: 5395)
[DW] bdMarketplace: executing task '99' (transaction ID: 5396)
[DW] bdMarketplace: executing task '99' (transaction ID: 5397)
[DW] bdMarketplace: executing task '99' (transaction ID: 5398)
[DW] bdMarketplace: executing task '99' (transaction ID: 5399)
[DW] bdMarketplace: executing task '99' (transaction ID: 5400)
[DW] bdMarketplace: executing task '99' (transaction ID: 5401)
[DW] bdMarketplace: executing task '99' (transaction ID: 5402)
[DW] bdMarketplace: executing task '99' (transaction ID: 5403)
[DW] bdMarketplace: executing task '99' (transaction ID: 5404)
[DW] bdMarketplace: executing task '99' (transaction ID: 5405)
[DW] bdMarketplace: executing task '99' (transaction ID: 5406)
[DW] bdMarketplace: executing task '99' (transaction ID: 5407)
[DW] bdMarketplace: executing task '99' (transaction ID: 5408)
[DW] bdMarketplace: executing task '99' (transaction ID: 5409)
[DW] bdMarketplace: executing task '99' (transaction ID: 5410)
[DW] bdMarketplace: executing task '99' (transaction ID: 5411)
[DW] bdMarketplace: executing task '99' (transaction ID: 5412)
[DW] bdMarketplace: executing task '99' (transaction ID: 5413)
[DW] bdMarketplace: executing task '99' (transaction ID: 5414)
[DW] bdMarketplace: executing task '99' (transaction ID: 5415)
[DW] bdMarketplace: executing task '99' (transaction ID: 5416)
[DW] bdMarketplace: executing task '99' (transaction ID: 5417)
[DW] bdMarketplace: executing task '99' (transaction ID: 5418)
[DW] bdMarketplace: executing task '99' (transaction ID: 5419)
[DW] bdMarketplace: executing task '99' (transaction ID: 5420)
[DW] bdMarketplace: executing task '99' (transaction ID: 5421)
[DW] bdMarketplace: executing task '99' (transaction ID: 5422)
[DW] bdMarketplace: executing task '99' (transaction ID: 5423)
[DW] bdMarketplace: executing task '99' (transaction ID: 5424)
[DW] bdMarketplace: executing task '99' (transaction ID: 5425)
[DW] bdMarketplace: executing task '99' (transaction ID: 5426)
[DW] bdMarketplace: executing task '99' (transaction ID: 5427)
[DW] bdMarketplace: executing task '99' (transaction ID: 5428)
[DW] bdMarketplace: executing task '99' (transaction ID: 5429)
[DW] bdMarketplace: executing task '99' (transaction ID: 5430)
[DW] bdMarketplace: executing task '99' (transaction ID: 5431)
[DW] bdMarketplace: executing task '99' (transaction ID: 5432)
[DW] bdMarketplace: executing task '99' (transaction ID: 5433)
[DW] bdMarketplace: executing task '99' (transaction ID: 5434)
[DW] bdMarketplace: executing task '99' (transaction ID: 5435)
[DW] bdMarketplace: executing task '99' (transaction ID: 5436)
[DW] bdMarketplace: executing task '99' (transaction ID: 5437)
[DW] bdMarketplace: executing task '99' (transaction ID: 5438)
[DW] bdMarketplace: executing task '99' (transaction ID: 5439)
[DW] bdMarketplace: executing task '99' (transaction ID: 5440)
[DW] bdMarketplace: executing task '99' (transaction ID: 5441)
[DW] bdMarketplace: executing task '99' (transaction ID: 5442)
[DW] bdMarketplace: executing task '99' (transaction ID: 5443)
[DW] bdMarketplace: executing task '99' (transaction ID: 5444)
[DW] bdMarketplace: executing task '99' (transaction ID: 5445)
[DW] bdMarketplace: executing task '99' (transaction ID: 5446)
[DW] bdMarketplace: executing task '99' (transaction ID: 5447)
[DW] bdMarketplace: executing task '99' (transaction ID: 5448)
[DW] bdMarketplace: executing task '99' (transaction ID: 5449)
[DW] bdMarketplace: executing task '99' (transaction ID: 5450)
[DW] bdMarketplace: executing task '99' (transaction ID: 5451)
[DW] bdMarketplace: executing task '99' (transaction ID: 5452)
[DW] bdMarketplace: executing task '99' (transaction ID: 5453)
[DW] bdMarketplace: executing task '99' (transaction ID: 5454)
[DW] bdMarketplace: executing task '99' (transaction ID: 5455)
[DW] bdMarketplace: executing task '99' (transaction ID: 5456)
[DW] bdMarketplace: executing task '99' (transaction ID: 5457)
[DW] bdMarketplace: executing task '99' (transaction ID: 5458)
[DW] bdMarketplace: executing task '99' (transaction ID: 5459)
[DW] bdMarketplace: executing task '99' (transaction ID: 5460)
[DW] bdMarketplace: executing task '99' (transaction ID: 5461)
[DW] bdMarketplace: executing task '99' (transaction ID: 5462)
[DW] bdMarketplace: executing task '99' (transaction ID: 5463)
[DW] bdMarketplace: executing task '99' (transaction ID: 5464)
[DW] bdMarketplace: executing task '99' (transaction ID: 5465)
[DW] bdMarketplace: executing task '99' (transaction ID: 5466)
[DW] bdMarketplace: executing task '99' (transaction ID: 5467)
[DW] bdMarketplace: executing task '99' (transaction ID: 5468)
[DW] bdMarketplace: executing task '99' (transaction ID: 5469)
[DW] bdMarketplace: executing task '99' (transaction ID: 5470)
[DW] bdMarketplace: executing task '99' (transaction ID: 5471)
[DW] bdMarketplace: executing task '99' (transaction ID: 5472)
[DW] bdMarketplace: executing task '99' (transaction ID: 5473)
[DW] bdMarketplace: executing task '99' (transaction ID: 5474)
[DW] bdMarketplace: executing task '99' (transaction ID: 5475)
[DW] bdMarketplace: executing task '99' (transaction ID: 5476)
[DW] bdMarketplace: executing task '99' (transaction ID: 5477)
[DW] bdMarketplace: executing task '99' (transaction ID: 5478)
[DW] bdMarketplace: executing task '99' (transaction ID: 5479)
[DW] bdMarketplace: executing task '99' (transaction ID: 5480)
[DW] bdMarketplace: executing task '99' (transaction ID: 5481)
[DW] bdMarketplace: executing task '99' (transaction ID: 5482)
[DW] bdMarketplace: executing task '99' (transaction ID: 5483)
[DW] bdMarketplace: executing task '99' (transaction ID: 5484)
[DW] bdMarketplace: executing task '99' (transaction ID: 5485)
[DW] bdMarketplace: executing task '99' (transaction ID: 5486)
[DW] bdMarketplace: executing task '99' (transaction ID: 5487)
[DW] bdMarketplace: executing task '99' (transaction ID: 5488)
[DW] bdMarketplace: executing task '99' (transaction ID: 5489)
[DW] bdMarketplace: executing task '99' (transaction ID: 5490)
[DW] bdMarketplace: executing task '99' (transaction ID: 5491)
[DW] bdMarketplace: executing task '99' (transaction ID: 5492)
[DW] bdMarketplace: executing task '99' (transaction ID: 5493)
[DW] bdMarketplace: executing task '99' (transaction ID: 5494)
[DW] bdMarketplace: executing task '99' (transaction ID: 5495)
[DW] bdMarketplace: executing task '99' (transaction ID: 5496)
[DW] bdMarketplace: executing task '99' (transaction ID: 5497)
[DW] bdMarketplace: executing task '99' (transaction ID: 5498)
[DW] bdMarketplace: executing task '99' (transaction ID: 5499)
[DW] bdMarketplace: executing task '99' (transaction ID: 5500)
[DW] bdMarketplace: executing task '99' (transaction ID: 5501)
[DW] bdMarketplace: executing task '99' (transaction ID: 5502)
[DW] bdMarketplace: executing task '99' (transaction ID: 5503)
[DW] bdMarketplace: executing task '99' (transaction ID: 5504)
[DW] bdMarketplace: executing task '99' (transaction ID: 5505)
[DW] bdMarketplace: executing task '99' (transaction ID: 5506)
[DW] bdMarketplace: executing task '99' (transaction ID: 5507)
[DW] bdMarketplace: executing task '99' (transaction ID: 5508)
[DW] bdMarketplace: executing task '99' (transaction ID: 5509)
[DW] bdMarketplace: executing task '99' (transaction ID: 5510)
[DW] bdMarketplace: executing task '99' (transaction ID: 5511)
[DW] bdMarketplace: executing task '99' (transaction ID: 5512)
[DW] bdMarketplace: executing task '99' (transaction ID: 5513)
[DW] bdMarketplace: executing task '99' (transaction ID: 5514)
[DW] bdMarketplace: executing task '99' (transaction ID: 5515)
[DW] bdMarketplace: executing task '99' (transaction ID: 5516)
[DW] bdMarketplace: executing task '99' (transaction ID: 5517)
[DW] bdMarketplace: executing task '99' (transaction ID: 5518)
[DW] bdMarketplace: executing task '99' (transaction ID: 5519)
[DW] bdMarketplace: executing task '99' (transaction ID: 5520)
[DW] bdMarketplace: executing task '99' (transaction ID: 5521)
[DW] bdMarketplace: executing task '99' (transaction ID: 5522)
[DW] bdMarketplace: executing task '99' (transaction ID: 5523)
[DW] bdMarketplace: executing task '99' (transaction ID: 5524)
[DW] bdMarketplace: executing task '99' (transaction ID: 5525)
[DW] bdMarketplace: executing task '99' (transaction ID: 5526)
[DW] bdMarketplace: executing task '99' (transaction ID: 5527)
[DW] bdMarketplace: executing task '99' (transaction ID: 5528)
[DW] bdMarketplace: executing task '99' (transaction ID: 5529)
[DW] bdMarketplace: executing task '99' (transaction ID: 5530)
[DW] bdMarketplace: executing task '99' (transaction ID: 5531)
[DW] bdMarketplace: executing task '99' (transaction ID: 5532)
[DW] bdMarketplace: executing task '99' (transaction ID: 5533)
[DW] bdMarketplace: executing task '99' (transaction ID: 5534)
[DW] bdMarketplace: executing task '99' (transaction ID: 5535)
[DW] bdMarketplace: executing task '99' (transaction ID: 5536)
[DW] bdMarketplace: executing task '99' (transaction ID: 5537)
[DW] bdMarketplace: executing task '99' (transaction ID: 5538)
[DW] bdMarketplace: executing task '99' (transaction ID: 5539)
[DW] bdMarketplace: executing task '99' (transaction ID: 5540)
[DW] bdMarketplace: executing task '99' (transaction ID: 5541)
[DW] bdMarketplace: executing task '99' (transaction ID: 5542)
[DW] bdMarketplace: executing task '99' (transaction ID: 5543)
[DW] bdMarketplace: executing task '99' (transaction ID: 5544)
[DW] bdMarketplace: executing task '99' (transaction ID: 5545)
[DW] bdMarketplace: executing task '99' (transaction ID: 5546)
[DW] bdMarketplace: executing task '99' (transaction ID: 5547)
[DW] bdMarketplace: executing task '99' (transaction ID: 5548)
[DW] bdMarketplace: executing task '99' (transaction ID: 5549)
[DW] bdMarketplace: executing task '99' (transaction ID: 5550)
[DW] bdMarketplace: executing task '99' (transaction ID: 5551)
[DW] bdMarketplace: executing task '99' (transaction ID: 5552)
[DW] bdMarketplace: executing task '99' (transaction ID: 5553)
[DW] bdMarketplace: executing task '99' (transaction ID: 5554)
[DW] bdMarketplace: executing task '99' (transaction ID: 5555)
[DW] bdMarketplace: executing task '99' (transaction ID: 5556)
[DW] bdMarketplace: executing task '99' (transaction ID: 5557)
[DW] bdMarketplace: executing task '99' (transaction ID: 5558)
[DW] bdMarketplace: executing task '99' (transaction ID: 5559)
[DW] bdMarketplace: executing task '99' (transaction ID: 5560)
[DW] bdMarketplace: executing task '99' (transaction ID: 5561)
[DW] bdMarketplace: executing task '99' (transaction ID: 5562)
[DW] bdMarketplace: executing task '99' (transaction ID: 5563)
[DW] bdMarketplace: executing task '99' (transaction ID: 5564)
[DW] bdMarketplace: executing task '99' (transaction ID: 5565)
[DW] bdMarketplace: executing task '99' (transaction ID: 5566)
[DW] bdMarketplace: executing task '99' (transaction ID: 5567)
[DW] bdMarketplace: executing task '99' (transaction ID: 5568)
[DW] bdMarketplace: executing task '99' (transaction ID: 5569)
[DW] bdMarketplace: executing task '99' (transaction ID: 5570)
[DW] bdMarketplace: executing task '99' (transaction ID: 5571)
[DW] bdMarketplace: executing task '99' (transaction ID: 5572)
[DW] bdMarketplace: executing task '99' (transaction ID: 5573)
[DW] bdMarketplace: executing task '99' (transaction ID: 5574)
[DW] bdMarketplace: executing task '99' (transaction ID: 5575)
[DW] bdMarketplace: executing task '99' (transaction ID: 5576)
[DW] bdMarketplace: executing task '99' (transaction ID: 5577)
[DW] bdMarketplace: executing task '99' (transaction ID: 5578)
[DW] bdMarketplace: executing task '99' (transaction ID: 5579)
[DW] bdMarketplace: executing task '99' (transaction ID: 5580)
[DW] bdMarketplace: executing task '99' (transaction ID: 5581)
[DW] bdMarketplace: executing task '99' (transaction ID: 5582)
[DW] bdMarketplace: executing task '99' (transaction ID: 5583)
[DW] bdMarketplace: executing task '99' (transaction ID: 5584)
[DW] bdMarketplace: executing task '99' (transaction ID: 5585)
[DW] bdMarketplace: executing task '99' (transaction ID: 5586)
[DW] bdMarketplace: executing task '99' (transaction ID: 5587)
[DW] bdMarketplace: executing task '99' (transaction ID: 5588)
[DW] bdMarketplace: executing task '99' (transaction ID: 5589)
[DW] bdMarketplace: executing task '99' (transaction ID: 5590)
[DW] bdMarketplace: executing task '99' (transaction ID: 5591)
[DW] bdMarketplace: executing task '99' (transaction ID: 5592)
[DW] bdMarketplace: executing task '99' (transaction ID: 5593)
[DW] bdMarketplace: executing task '99' (transaction ID: 5594)
[DW] bdMarketplace: executing task '99' (transaction ID: 5595)
[DW] bdMarketplace: executing task '99' (transaction ID: 5596)
[DW] bdMarketplace: executing task '99' (transaction ID: 5597)
[DW] bdMarketplace: executing task '99' (transaction ID: 5598)
[DW] bdMarketplace: executing task '99' (transaction ID: 5599)
[DW] bdMarketplace: executing task '99' (transaction ID: 5600)
[DW] bdMarketplace: executing task '99' (transaction ID: 5601)
[DW] bdMarketplace: executing task '99' (transaction ID: 5602)
[DW] bdMarketplace: executing task '99' (transaction ID: 5603)
[DW] bdMarketplace: executing task '99' (transaction ID: 5604)
[DW] bdMarketplace: executing task '99' (transaction ID: 5605)
[DW] bdMarketplace: executing task '99' (transaction ID: 5606)
[DW] bdMarketplace: executing task '99' (transaction ID: 5607)
[DW] bdMarketplace: executing task '99' (transaction ID: 5608)
[DW] bdMarketplace: executing task '99' (transaction ID: 5609)
[DW] bdMarketplace: executing task '99' (transaction ID: 5610)
[DW] bdMarketplace: executing task '99' (transaction ID: 5611)
[DW] bdMarketplace: executing task '99' (transaction ID: 5612)
[DW] bdMarketplace: executing task '99' (transaction ID: 5613)
[DW] bdMarketplace: executing task '99' (transaction ID: 5614)
[DW] bdMarketplace: executing task '99' (transaction ID: 5615)
[DW] bdMarketplace: executing task '99' (transaction ID: 5616)
[DW] bdMarketplace: executing task '99' (transaction ID: 5617)
[DW] bdMarketplace: executing task '99' (transaction ID: 5618)
[DW] bdMarketplace: executing task '99' (transaction ID: 5619)
[DW] bdMarketplace: executing task '99' (transaction ID: 5620)
[DW] bdMarketplace: executing task '99' (transaction ID: 5621)
[DW] bdMarketplace: executing task '99' (transaction ID: 5622)
[DW] bdMarketplace: executing task '99' (transaction ID: 5623)
[DW] bdMarketplace: executing task '99' (transaction ID: 5624)
[DW] bdMarketplace: executing task '99' (transaction ID: 5625)
[DW] bdMarketplace: executing task '99' (transaction ID: 5626)
[DW] bdMarketplace: executing task '99' (transaction ID: 5627)
[DW] bdMarketplace: executing task '99' (transaction ID: 5628)
[DW] bdMarketplace: executing task '99' (transaction ID: 5629)
[DW] bdMarketplace: executing task '99' (transaction ID: 5630)
[DW] bdMarketplace: executing task '99' (transaction ID: 5631)
[DW] bdMarketplace: executing task '99' (transaction ID: 5632)
[DW] bdMarketplace: executing task '99' (transaction ID: 5633)
[DW] bdMarketplace: executing task '99' (transaction ID: 5634)
[DW] bdMarketplace: executing task '99' (transaction ID: 5635)
[DW] bdMarketplace: executing task '99' (transaction ID: 5636)
[DW] bdMarketplace: executing task '99' (transaction ID: 5637)
[DW] bdMarketplace: executing task '99' (transaction ID: 5638)
[DW] bdMarketplace: executing task '99' (transaction ID: 5639)
[DW] bdMarketplace: executing task '99' (transaction ID: 5640)
[DW] bdMarketplace: executing task '99' (transaction ID: 5641)
[DW] bdMarketplace: executing task '99' (transaction ID: 5642)
[DW] bdMarketplace: executing task '99' (transaction ID: 5643)
[DW] bdMarketplace: executing task '99' (transaction ID: 5644)
[DW] bdMarketplace: executing task '99' (transaction ID: 5645)
[DW] bdMarketplace: executing task '99' (transaction ID: 5646)
[DW] bdMarketplace: executing task '99' (transaction ID: 5647)
[DW] bdMarketplace: executing task '99' (transaction ID: 5648)
[DW] bdMarketplace: executing task '99' (transaction ID: 5649)
[DW] bdMarketplace: executing task '99' (transaction ID: 5650)
[DW] bdMarketplace: executing task '99' (transaction ID: 5651)
[DW] bdMarketplace: executing task '99' (transaction ID: 5652)
[DW] bdMarketplace: executing task '99' (transaction ID: 5653)
[DW] bdMarketplace: executing task '99' (transaction ID: 5654)
[DW] bdMarketplace: executing task '99' (transaction ID: 5655)
[DW] bdMarketplace: executing task '99' (transaction ID: 5656)
[DW] bdMarketplace: executing task '99' (transaction ID: 5657)
[DW] bdMarketplace: executing task '99' (transaction ID: 5658)
[DW] bdMarketplace: executing task '99' (transaction ID: 5659)
[DW] bdMarketplace: executing task '99' (transaction ID: 5660)
[DW] bdMarketplace: executing task '99' (transaction ID: 5661)
[DW] bdMarketplace: executing task '99' (transaction ID: 5662)
[DW] bdMarketplace: executing task '99' (transaction ID: 5663)
[DW] bdMarketplace: executing task '99' (transaction ID: 5664)
[DW] bdMarketplace: executing task '99' (transaction ID: 5665)
[DW] bdMarketplace: executing task '99' (transaction ID: 5666)
[DW] bdMarketplace: executing task '99' (transaction ID: 5667)
[DW] bdMarketplace: executing task '99' (transaction ID: 5668)
[DW] bdMarketplace: executing task '99' (transaction ID: 5669)
[DW] bdMarketplace: executing task '99' (transaction ID: 5670)
[DW] bdMarketplace: executing task '99' (transaction ID: 5671)
[DW] bdMarketplace: executing task '99' (transaction ID: 5672)
[DW] bdMarketplace: executing task '99' (transaction ID: 5673)
[DW] bdMarketplace: executing task '99' (transaction ID: 5674)
[DW] bdMarketplace: executing task '99' (transaction ID: 5675)
[DW] bdMarketplace: executing task '99' (transaction ID: 5676)
[DW] bdMarketplace: executing task '99' (transaction ID: 5677)
[DW] bdMarketplace: executing task '99' (transaction ID: 5678)
[DW] bdMarketplace: executing task '99' (transaction ID: 5679)
[DW] bdMarketplace: executing task '99' (transaction ID: 5680)
[DW] bdMarketplace: executing task '99' (transaction ID: 5681)
[DW] bdMarketplace: executing task '99' (transaction ID: 5682)
[DW] bdMarketplace: executing task '99' (transaction ID: 5683)
[DW] bdMarketplace: executing task '99' (transaction ID: 5684)
[DW] bdMarketplace: executing task '99' (transaction ID: 5685)
[DW] bdMarketplace: executing task '99' (transaction ID: 5686)
[DW] bdMarketplace: executing task '99' (transaction ID: 5687)
[DW] bdMarketplace: executing task '99' (transaction ID: 5688)
[DW] bdMarketplace: executing task '99' (transaction ID: 5689)
[DW] bdMarketplace: executing task '99' (transaction ID: 5690)
[DW] bdMarketplace: executing task '99' (transaction ID: 5691)
[DW] bdMarketplace: executing task '99' (transaction ID: 5692)
[DW] bdMarketplace: executing task '99' (transaction ID: 5693)
[DW] bdMarketplace: executing task '99' (transaction ID: 5694)
[DW] bdMarketplace: executing task '99' (transaction ID: 5695)
[DW] bdMarketplace: executing task '99' (transaction ID: 5696)
[DW] bdMarketplace: executing task '99' (transaction ID: 5697)
[DW] bdMarketplace: executing task '99' (transaction ID: 5698)
[DW] bdMarketplace: executing task '99' (transaction ID: 5699)
[DW] bdMarketplace: executing task '99' (transaction ID: 5700)
[DW] bdMarketplace: executing task '99' (transaction ID: 5701)
[DW] bdMarketplace: executing task '99' (transaction ID: 5702)
[DW] bdMarketplace: executing task '99' (transaction ID: 5703)
[DW] bdMarketplace: executing task '99' (transaction ID: 5704)
[DW] bdMarketplace: executing task '99' (transaction ID: 5705)
[DW] bdMarketplace: executing task '99' (transaction ID: 5706)
[DW] bdMarketplace: executing task '99' (transaction ID: 5707)
[DW] bdMarketplace: executing task '99' (transaction ID: 5708)
[DW] bdMarketplace: executing task '99' (transaction ID: 5709)
[DW] bdMarketplace: executing task '99' (transaction ID: 5710)
[DW] bdMarketplace: executing task '99' (transaction ID: 5711)
[DW] bdMarketplace: executing task '99' (transaction ID: 5712)
[DW] bdMarketplace: executing task '99' (transaction ID: 5713)
[DW] bdMarketplace: executing task '99' (transaction ID: 5714)
[DW] bdMarketplace: executing task '99' (transaction ID: 5715)
[DW] bdMarketplace: executing task '99' (transaction ID: 5716)
[DW] bdMarketplace: executing task '99' (transaction ID: 5717)
[DW] bdMarketplace: executing task '99' (transaction ID: 5718)
[DW] bdMarketplace: executing task '99' (transaction ID: 5719)
[DW] bdMarketplace: executing task '99' (transaction ID: 5720)
[DW] bdMarketplace: executing task '99' (transaction ID: 5721)
[DW] bdMarketplace: executing task '99' (transaction ID: 5722)
[DW] bdMarketplace: executing task '99' (transaction ID: 5723)
[DW] bdMarketplace: executing task '99' (transaction ID: 5724)
[DW] bdMarketplace: executing task '99' (transaction ID: 5725)
[DW] bdMarketplace: executing task '99' (transaction ID: 5726)
[DW] bdMarketplace: executing task '99' (transaction ID: 5727)
[DW] bdMarketplace: executing task '99' (transaction ID: 5728)
[DW] bdMarketplace: executing task '99' (transaction ID: 5729)
[DW] bdMarketplace: executing task '99' (transaction ID: 5730)
[DW] bdMarketplace: executing task '99' (transaction ID: 5731)
[DW] bdMarketplace: executing task '99' (transaction ID: 5732)
[DW] bdMarketplace: executing task '99' (transaction ID: 5733)
[DW] bdMarketplace: executing task '99' (transaction ID: 5734)
[DW] bdMarketplace: executing task '99' (transaction ID: 5735)
[DW] bdMarketplace: executing task '99' (transaction ID: 5736)
[DW] bdMarketplace: executing task '99' (transaction ID: 5737)
[DW] bdMarketplace: executing task '99' (transaction ID: 5738)
[DW] bdMarketplace: executing task '99' (transaction ID: 5739)
[DW] bdMarketplace: executing task '99' (transaction ID: 5740)
[DW] bdMarketplace: executing task '99' (transaction ID: 5741)
[DW] bdMarketplace: executing task '99' (transaction ID: 5742)
[DW] bdMarketplace: executing task '99' (transaction ID: 5743)
[DW] bdMarketplace: executing task '99' (transaction ID: 5744)
[DW] bdMarketplace: executing task '99' (transaction ID: 5745)
[DW] bdMarketplace: executing task '99' (transaction ID: 5746)
[DW] bdMarketplace: executing task '99' (transaction ID: 5747)
[DW] bdMarketplace: executing task '99' (transaction ID: 5748)
[DW] bdMarketplace: executing task '99' (transaction ID: 5749)
[DW] bdMarketplace: executing task '99' (transaction ID: 5750)
[DW] bdMarketplace: executing task '99' (transaction ID: 5751)
[DW] bdMarketplace: executing task '99' (transaction ID: 5752)
[DW] bdMarketplace: executing task '99' (transaction ID: 5753)
[DW] bdMarketplace: executing task '99' (transaction ID: 5754)
[DW] bdMarketplace: executing task '99' (transaction ID: 5755)
[DW] bdMarketplace: executing task '99' (transaction ID: 5756)
[DW] bdMarketplace: executing task '99' (transaction ID: 5757)
[DW] bdGroup: executing task '1' (transaction ID: 5758)
[DW] bdMarketplace: executing task '99' (transaction ID: 5759)
[DW] bdMarketplace: executing task '99' (transaction ID: 5760)
[DW] bdMarketplace: executing task '99' (transaction ID: 5761)
[DW] bdMarketplace: executing task '99' (transaction ID: 5762)
[DW] bdMarketplace: executing task '99' (transaction ID: 5763)
[DW] bdStorage: executing task '20' (transaction ID: 5764)
[DW]: [bdStorage]: list publisher files: playlists_tu26.aggr
[DW] bdMarketplace: executing task '99' (transaction ID: 5765)
[DW] bdMarketplace: executing task '99' (transaction ID: 5766)
[DW] bdMarketplace: executing task '99' (transaction ID: 5767)
[DW] bdStorage: executing task '20' (transaction ID: 5768)
[DW]: [bdStorage]: list publisher files: ffotd-2.20.1.ff
[DW]: [bdStorage]: missing publisher file: ffotd-2.20.1.ff
[DW] bdMarketplace: executing task '99' (transaction ID: 5769)
[DW] bdMarketplace: executing task '99' (transaction ID: 5770)
[DW] bdMarketplace: executing task '99' (transaction ID: 5771)
[DW] bdMarketplace: executing task '99' (transaction ID: 5772)
[DW] bdMarketplace: executing task '99' (transaction ID: 5773)
[DW] bdMarketplace: executing task '99' (transaction ID: 5774)
[DW] bdMarketplace: executing task '99' (transaction ID: 5775)
[DW] bdMarketplace: executing task '99' (transaction ID: 5776)
[DW] bdMarketplace: executing task '99' (transaction ID: 5777)
[DW] bdMarketplace: executing task '99' (transaction ID: 5778)
[DW] bdMarketplace: executing task '99' (transaction ID: 5779)
[DW] bdMarketplace: executing task '99' (transaction ID: 5780)
[DW] bdMarketplace: executing task '99' (transaction ID: 5781)
[DW] bdMarketplace: executing task '99' (transaction ID: 5782)
[DW] bdMarketplace: executing task '99' (transaction ID: 5783)
[DW] bdMarketplace: executing task '99' (transaction ID: 5784)
[DW] bdMarketplace: executing task '99' (transaction ID: 5785)
[DW] bdMarketplace: executing task '99' (transaction ID: 5786)
[DW] bdMarketplace: executing task '99' (transaction ID: 5787)
[DW] bdMarketplace: executing task '99' (transaction ID: 5788)
[DW] bdMarketplace: executing task '99' (transaction ID: 5789)
[DW] bdMarketplace: executing task '99' (transaction ID: 5790)
[DW] bdMarketplace: executing task '99' (transaction ID: 5791)
[DW] bdMarketplace: executing task '99' (transaction ID: 5792)
[DW] bdMarketplace: executing task '99' (transaction ID: 5793)
[DW] bdMarketplace: executing task '99' (transaction ID: 5794)
[DW] bdMarketplace: executing task '99' (transaction ID: 5795)
[DW] bdMarketplace: executing task '99' (transaction ID: 5796)
[DW] bdMarketplace: executing task '99' (transaction ID: 5797)
[DW] bdMarketplace: executing task '99' (transaction ID: 5798)
[DW] bdMarketplace: executing task '99' (transaction ID: 5799)
[DW] bdMarketplace: executing task '99' (transaction ID: 5800)
[DW] bdMarketplace: executing task '99' (transaction ID: 5801)
[DW] bdMarketplace: executing task '99' (transaction ID: 5802)
[DW] bdMarketplace: executing task '99' (transaction ID: 5803)
[DW] bdMarketplace: executing task '99' (transaction ID: 5804)
[DW] bdReward: executing task '12' (transaction ID: 5805)
[HQ protocol] reward_12: 136 raw bytes at s2x/dump/dw/hq_reward_12_25248_95.bin
[HQ event] picked_up_payroll (picked_up_payroll), timestamp 1789272049000000, 2 parameters
  1=1
  2=0
[HQ event] picked_up_payroll (picked_up_payroll), timestamp 1789272064000000, 2 parameters
  1=1
  2=0
[DW] bdMarketplace: executing task '99' (transaction ID: 5806)
[DW] bdMarketplace: executing task '99' (transaction ID: 5807)
[DW] bdMarketplace: executing task '99' (transaction ID: 5808)
[DW] bdMarketplace: executing task '99' (transaction ID: 5809)
[DW] bdMarketplace: executing task '99' (transaction ID: 5810)
[DW] bdMarketplace: executing task '99' (transaction ID: 5811)
[DW] bdMarketplace: executing task '99' (transaction ID: 5812)
[DW] bdMarketplace: executing task '99' (transaction ID: 5813)
[DW] bdMarketplace: executing task '99' (transaction ID: 5814)
[DW] bdMarketplace: executing task '99' (transaction ID: 5815)
[DW] bdMarketplace: executing task '99' (transaction ID: 5816)
[DW] bdMarketplace: executing task '99' (transaction ID: 5817)
[DW] bdMarketplace: executing task '99' (transaction ID: 5818)
[DW] bdMarketplace: executing task '99' (transaction ID: 5819)
[DW] bdMarketplace: executing task '99' (transaction ID: 5820)
[DW] bdMarketplace: executing task '99' (transaction ID: 5821)
[DW] bdMarketplace: executing task '99' (transaction ID: 5822)
[DW] bdMarketplace: executing task '99' (transaction ID: 5823)
[DW] bdMarketplace: executing task '99' (transaction ID: 5824)
[DW] bdMarketplace: executing task '99' (transaction ID: 5825)
[DW] bdMarketplace: executing task '99' (transaction ID: 5826)
[DW] bdMarketplace: executing task '99' (transaction ID: 5827)
[DW] bdMarketplace: executing task '99' (transaction ID: 5828)
[DW] bdMarketplace: executing task '99' (transaction ID: 5829)
[DW] bdMarketplace: executing task '99' (transaction ID: 5830)
[DW] bdMarketplace: executing task '99' (transaction ID: 5831)
[DW] bdMarketplace: executing task '99' (transaction ID: 5832)
[DW] bdMarketplace: executing task '99' (transaction ID: 5833)
[DW] bdMarketplace: executing task '99' (transaction ID: 5834)
[DW] bdMarketplace: executing task '99' (transaction ID: 5835)
[DW] bdMarketplace: executing task '99' (transaction ID: 5836)
[DW] bdMarketplace: executing task '99' (transaction ID: 5837)
[DW] bdMarketplace: executing task '99' (transaction ID: 5838)
[DW] bdMarketplace: executing task '99' (transaction ID: 5839)
[DW] bdMarketplace: executing task '99' (transaction ID: 5840)
[DW] bdMarketplace: executing task '99' (transaction ID: 5841)
[DW] bdMarketplace: executing task '99' (transaction ID: 5842)
[DW] bdMarketplace: executing task '99' (transaction ID: 5843)
[DW] bdMarketplace: executing task '99' (transaction ID: 5844)
[DW] bdMarketplace: executing task '99' (transaction ID: 5845)
[DW] bdMarketplace: executing task '99' (transaction ID: 5846)
[DW] bdMarketplace: executing task '99' (transaction ID: 5847)
[DW] bdMarketplace: executing task '99' (transaction ID: 5848)
[DW] bdMarketplace: executing task '99' (transaction ID: 5849)
[DW] bdMarketplace: executing task '99' (transaction ID: 5850)
[DW] bdMarketplace: executing task '99' (transaction ID: 5851)
[DW] bdMarketplace: executing task '99' (transaction ID: 5852)
[DW] bdMarketplace: executing task '99' (transaction ID: 5853)
[DW] bdMarketplace: executing task '99' (transaction ID: 5854)
[DW] bdMarketplace: executing task '99' (transaction ID: 5855)
[DW] bdMarketplace: executing task '99' (transaction ID: 5856)
[DW] bdMarketplace: executing task '99' (transaction ID: 5857)
[DW] bdMarketplace: executing task '99' (transaction ID: 5858)
[DW] bdMarketplace: executing task '99' (transaction ID: 5859)
[DW] bdMarketplace: executing task '99' (transaction ID: 5860)
[DW] bdMarketplace: executing task '99' (transaction ID: 5861)
[DW] bdMarketplace: executing task '99' (transaction ID: 5862)
[DW] bdMarketplace: executing task '99' (transaction ID: 5863)
[DW] bdMarketplace: executing task '99' (transaction ID: 5864)
[DW] bdMarketplace: executing task '99' (transaction ID: 5865)
[DW] bdMarketplace: executing task '99' (transaction ID: 5866)
[DW] bdMarketplace: executing task '99' (transaction ID: 5867)
[DW] bdMarketplace: executing task '99' (transaction ID: 5868)
[DW] bdMarketplace: executing task '99' (transaction ID: 5869)
[DW] bdMarketplace: executing task '99' (transaction ID: 5870)
[DW] bdMarketplace: executing task '99' (transaction ID: 5871)
[DW] bdMarketplace: executing task '99' (transaction ID: 5872)
[DW] bdMarketplace: executing task '99' (transaction ID: 5873)
[DW] bdMarketplace: executing task '99' (transaction ID: 5874)
[DW] bdMarketplace: executing task '99' (transaction ID: 5875)
[DW] bdMarketplace: executing task '99' (transaction ID: 5876)
[DW] bdMarketplace: executing task '99' (transaction ID: 5877)
[DW] bdMarketplace: executing task '99' (transaction ID: 5878)
[DW] bdMarketplace: executing task '99' (transaction ID: 5879)
[DW] bdMarketplace: executing task '99' (transaction ID: 5880)
[DW] bdMarketplace: executing task '99' (transaction ID: 5881)
[DW] bdMarketplace: executing task '99' (transaction ID: 5882)
[DW] bdMarketplace: executing task '99' (transaction ID: 5883)
[DW] bdMarketplace: executing task '99' (transaction ID: 5884)
[DW] bdMarketplace: executing task '99' (transaction ID: 5885)
[DW] bdMarketplace: executing task '99' (transaction ID: 5886)
[DW] bdMarketplace: executing task '99' (transaction ID: 5887)
[DW] bdMarketplace: executing task '99' (transaction ID: 5888)
[DW] bdMarketplace: executing task '99' (transaction ID: 5889)
[DW] bdMarketplace: executing task '99' (transaction ID: 5890)
[DW] bdMarketplace: executing task '99' (transaction ID: 5891)
[DW] bdMarketplace: executing task '99' (transaction ID: 5892)
[DW] bdMarketplace: executing task '99' (transaction ID: 5893)
[DW] bdMarketplace: executing task '99' (transaction ID: 5894)
[DW] bdMarketplace: executing task '99' (transaction ID: 5895)
[DW] bdMarketplace: executing task '99' (transaction ID: 5896)
[DW] bdMarketplace: executing task '99' (transaction ID: 5897)
[DW] bdMarketplace: executing task '99' (transaction ID: 5898)
[DW] bdMarketplace: executing task '99' (transaction ID: 5899)
[DW] bdMarketplace: executing task '99' (transaction ID: 5900)
[DW] bdMarketplace: executing task '99' (transaction ID: 5901)
[DW] bdMarketplace: executing task '99' (transaction ID: 5902)
[DW] bdMarketplace: executing task '99' (transaction ID: 5903)
[DW] bdMarketplace: executing task '99' (transaction ID: 5904)
[DW] bdMarketplace: executing task '99' (transaction ID: 5905)
[DW] bdMarketplace: executing task '99' (transaction ID: 5906)
[DW] bdMarketplace: executing task '99' (transaction ID: 5907)
[DW] bdMarketplace: executing task '99' (transaction ID: 5908)
[DW] bdMarketplace: executing task '99' (transaction ID: 5909)
[DW] bdMarketplace: executing task '99' (transaction ID: 5910)
[DW] bdMarketplace: executing task '99' (transaction ID: 5911)
[DW] bdMarketplace: executing task '99' (transaction ID: 5912)
[DW] bdMarketplace: executing task '99' (transaction ID: 5913)
[DW] bdMarketplace: executing task '99' (transaction ID: 5914)
[DW] bdMarketplace: executing task '99' (transaction ID: 5915)
[DW] bdMarketplace: executing task '99' (transaction ID: 5916)
[DW] bdMarketplace: executing task '99' (transaction ID: 5917)
[DW] bdMarketplace: executing task '99' (transaction ID: 5918)
[DW] bdMarketplace: executing task '99' (transaction ID: 5919)
[DW] bdMarketplace: executing task '99' (transaction ID: 5920)
[DW] bdMarketplace: executing task '99' (transaction ID: 5921)
[DW] bdMarketplace: executing task '99' (transaction ID: 5922)
[DW] bdMarketplace: executing task '99' (transaction ID: 5923)
[DW] bdMarketplace: executing task '99' (transaction ID: 5924)
[DW] bdReward: executing task '11' (transaction ID: 5925)
[HQ event] enter_hub (enter_hub), timestamp 1789272014000000, 1 parameters
  1=1
[DW] bdMarketplace: executing task '99' (transaction ID: 5926)
[DW] bdMarketplace: executing task '99' (transaction ID: 5927)
[DW] bdMarketplace: executing task '99' (transaction ID: 5928)
[DW] bdMarketplace: executing task '99' (transaction ID: 5929)
[DW] bdMarketplace: executing task '99' (transaction ID: 5930)
[DW] bdMarketplace: executing task '99' (transaction ID: 5931)
[DW] bdMarketplace: executing task '99' (transaction ID: 5932)
[DW] bdMarketplace: executing task '99' (transaction ID: 5933)
[DW] bdMarketplace: executing task '99' (transaction ID: 5934)
[DW] bdMarketplace: executing task '99' (transaction ID: 5935)
[DW] bdMarketplace: executing task '99' (transaction ID: 5936)
[DW] bdMarketplace: executing task '99' (transaction ID: 5937)
[DW] bdMarketplace: executing task '99' (transaction ID: 5938)
[DW] bdMarketplace: executing task '99' (transaction ID: 5939)
[DW] bdMarketplace: executing task '99' (transaction ID: 5940)
[DW] bdMarketplace: executing task '99' (transaction ID: 5941)
[DW] bdMarketplace: executing task '99' (transaction ID: 5942)
[DW] bdMarketplace: executing task '99' (transaction ID: 5943)
[DW] bdMarketplace: executing task '99' (transaction ID: 5944)
[DW] bdMarketplace: executing task '99' (transaction ID: 5945)
[DW] bdRichPresence: executing task '1' (transaction ID: 5946)
[DW] bdMarketplace: executing task '99' (transaction ID: 5947)
[DW] bdMarketplace: executing task '99' (transaction ID: 5948)
[DW] bdMarketplace: executing task '99' (transaction ID: 5949)
[DW] bdMarketplace: executing task '99' (transaction ID: 5950)
[DW] bdMarketplace: executing task '99' (transaction ID: 5951)
[DW] bdMarketplace: executing task '99' (transaction ID: 5952)
[DW] bdMarketplace: executing task '99' (transaction ID: 5953)
[DW] bdMarketplace: executing task '99' (transaction ID: 5954)
[DW] bdMarketplace: executing task '99' (transaction ID: 5955)
[DW] bdMarketplace: executing task '99' (transaction ID: 5956)
[DW] bdMarketplace: executing task '99' (transaction ID: 5957)
[DW] bdMarketplace: executing task '99' (transaction ID: 5958)
[DW] bdMarketplace: executing task '99' (transaction ID: 5959)
[DW] bdMarketplace: executing task '99' (transaction ID: 5960)
[DW] bdMarketplace: executing task '99' (transaction ID: 5961)
[DW] bdMarketplace: executing task '99' (transaction ID: 5962)
[DW] bdMarketplace: executing task '99' (transaction ID: 5963)
[DW] bdMarketplace: executing task '99' (transaction ID: 5964)
[DW] bdMarketplace: executing task '99' (transaction ID: 5965)
[DW] bdMarketplace: executing task '99' (transaction ID: 5966)
[DW] bdMarketplace: executing task '99' (transaction ID: 5967)
[DW] bdMarketplace: executing task '99' (transaction ID: 5968)
[DW] bdMarketplace: executing task '99' (transaction ID: 5969)
[DW] bdMarketplace: executing task '99' (transaction ID: 5970)
[DW] bdMarketplace: executing task '99' (transaction ID: 5971)
[DW] bdMarketplace: executing task '99' (transaction ID: 5972)
[DW] bdMarketplace: executing task '99' (transaction ID: 5973)
[DW] bdMarketplace: executing task '99' (transaction ID: 5974)
[DW] bdMarketplace: executing task '99' (transaction ID: 5975)
[DW] bdMarketplace: executing task '99' (transaction ID: 5976)
[DW] bdMarketplace: executing task '99' (transaction ID: 5977)
[DW] bdMarketplace: executing task '99' (transaction ID: 5978)
[DW] bdMarketplace: executing task '99' (transaction ID: 5979)
[DW] bdMarketplace: executing task '99' (transaction ID: 5980)
[DW] bdMarketplace: executing task '99' (transaction ID: 5981)
[DW] bdMarketplace: executing task '99' (transaction ID: 5982)
[DW] bdMarketplace: executing task '99' (transaction ID: 5983)
[DW] bdMarketplace: executing task '99' (transaction ID: 5984)
[DW] bdMarketplace: executing task '99' (transaction ID: 5985)
[DW] bdMarketplace: executing task '99' (transaction ID: 5986)
[DW] bdMarketplace: executing task '99' (transaction ID: 5987)
[DW] bdMarketplace: executing task '99' (transaction ID: 5988)
[DW] bdMarketplace: executing task '99' (transaction ID: 5989)
[DW] bdMarketplace: executing task '99' (transaction ID: 5990)
[DW] bdMarketplace: executing task '99' (transaction ID: 5991)
[DW] bdMarketplace: executing task '99' (transaction ID: 5992)
[DW] bdMarketplace: executing task '99' (transaction ID: 5993)
[DW] bdMarketplace: executing task '99' (transaction ID: 5994)
[DW] bdMarketplace: executing task '99' (transaction ID: 5995)
[DW] bdMarketplace: executing task '99' (transaction ID: 5996)
[DW] bdMarketplace: executing task '99' (transaction ID: 5997)
[DW] bdMarketplace: executing task '99' (transaction ID: 5998)
[DW] bdMarketplace: executing task '99' (transaction ID: 5999)
[DW] bdMarketplace: executing task '99' (transaction ID: 6000)
[DW] bdMarketplace: executing task '99' (transaction ID: 6001)
[DW] bdMarketplace: executing task '99' (transaction ID: 6002)
[DW] bdMarketplace: executing task '99' (transaction ID: 6003)
[DW] bdMarketplace: executing task '99' (transaction ID: 6004)
[DW] bdMarketplace: executing task '99' (transaction ID: 6005)
[DW] bdMarketplace: executing task '99' (transaction ID: 6006)
[DW] bdMarketplace: executing task '99' (transaction ID: 6007)
[DW] bdMarketplace: executing task '99' (transaction ID: 6008)
[DW] bdMarketplace: executing task '99' (transaction ID: 6009)
[DW] bdMarketplace: executing task '99' (transaction ID: 6010)
[DW] bdMarketplace: executing task '99' (transaction ID: 6011)
[DW] bdMarketplace: executing task '99' (transaction ID: 6012)
[DW] bdMarketplace: executing task '99' (transaction ID: 6013)
[DW] bdMarketplace: executing task '99' (transaction ID: 6014)
[DW] bdMarketplace: executing task '99' (transaction ID: 6015)
[DW] bdMarketplace: executing task '99' (transaction ID: 6016)
[DW] bdMarketplace: executing task '99' (transaction ID: 6017)
[DW] bdMarketplace: executing task '99' (transaction ID: 6018)
[DW] bdMarketplace: executing task '99' (transaction ID: 6019)
[DW] bdMarketplace: executing task '99' (transaction ID: 6020)
[DW] bdMarketplace: executing task '99' (transaction ID: 6021)
[DW] bdMarketplace: executing task '99' (transaction ID: 6022)
[DW] bdMarketplace: executing task '99' (transaction ID: 6023)
[DW] bdMarketplace: executing task '99' (transaction ID: 6024)
[DW] bdMarketplace: executing task '99' (transaction ID: 6025)
[DW] bdMarketplace: executing task '99' (transaction ID: 6026)
[DW] bdMarketplace: executing task '99' (transaction ID: 6027)
[DW] bdMarketplace: executing task '99' (transaction ID: 6028)
[DW] bdMarketplace: executing task '99' (transaction ID: 6029)
[DW] bdMarketplace: executing task '99' (transaction ID: 6030)
[DW] bdMarketplace: executing task '99' (transaction ID: 6031)
[DW] bdMarketplace: executing task '99' (transaction ID: 6032)
[DW] bdMarketplace: executing task '99' (transaction ID: 6033)
[DW] bdMarketplace: executing task '99' (transaction ID: 6034)
[DW] bdMarketplace: executing task '99' (transaction ID: 6035)
[DW] bdMarketplace: executing task '99' (transaction ID: 6036)
[DW] bdMarketplace: executing task '99' (transaction ID: 6037)
[DW] bdMarketplace: executing task '99' (transaction ID: 6038)
[DW] bdMarketplace: executing task '99' (transaction ID: 6039)
[DW] bdMarketplace: executing task '99' (transaction ID: 6040)
[DW] bdMarketplace: executing task '99' (transaction ID: 6041)
[DW] bdMarketplace: executing task '99' (transaction ID: 6042)
[DW] bdMarketplace: executing task '99' (transaction ID: 6043)
[DW] bdMarketplace: executing task '99' (transaction ID: 6044)
[DW] bdMarketplace: executing task '99' (transaction ID: 6045)
[DW] bdMarketplace: executing task '99' (transaction ID: 6046)
[DW] bdMarketplace: executing task '99' (transaction ID: 6047)
[DW] bdMarketplace: executing task '99' (transaction ID: 6048)
[DW] bdMarketplace: executing task '99' (transaction ID: 6049)
[DW] bdMarketplace: executing task '99' (transaction ID: 6050)
[DW] bdMarketplace: executing task '99' (transaction ID: 6051)
[DW] bdMarketplace: executing task '99' (transaction ID: 6052)
[DW] bdMarketplace: executing task '99' (transaction ID: 6053)
[DW] bdMarketplace: executing task '99' (transaction ID: 6054)
[DW] bdMarketplace: executing task '99' (transaction ID: 6055)
[DW] bdMarketplace: executing task '99' (transaction ID: 6056)
[DW] bdMarketplace: executing task '99' (transaction ID: 6057)
[DW] bdMarketplace: executing task '99' (transaction ID: 6058)
[DW] bdMarketplace: executing task '99' (transaction ID: 6059)
[DW] bdMarketplace: executing task '99' (transaction ID: 6060)
[DW] bdMarketplace: executing task '99' (transaction ID: 6061)
[DW] bdMarketplace: executing task '99' (transaction ID: 6062)
[DW] bdMarketplace: executing task '99' (transaction ID: 6063)
[DW] bdMarketplace: executing task '99' (transaction ID: 6064)
[DW] bdMarketplace: executing task '99' (transaction ID: 6065)
[DW] bdMarketplace: executing task '99' (transaction ID: 6066)
[DW] bdMarketplace: executing task '99' (transaction ID: 6067)
[DW] bdMarketplace: executing task '99' (transaction ID: 6068)
[DW] bdMarketplace: executing task '99' (transaction ID: 6069)
[DW] bdMarketplace: executing task '99' (transaction ID: 6070)
[DW] bdMarketplace: executing task '99' (transaction ID: 6071)
[DW] bdMarketplace: executing task '99' (transaction ID: 6072)
[DW] bdMarketplace: executing task '99' (transaction ID: 6073)
[DW] bdMarketplace: executing task '99' (transaction ID: 6074)
[DW] bdMarketplace: executing task '99' (transaction ID: 6075)
[DW] bdMarketplace: executing task '99' (transaction ID: 6076)
[DW] bdMarketplace: executing task '99' (transaction ID: 6077)
[DW] bdMarketplace: executing task '99' (transaction ID: 6078)
[DW] bdMarketplace: executing task '99' (transaction ID: 6079)
[DW] bdMarketplace: executing task '99' (transaction ID: 6080)
[DW] bdMarketplace: executing task '99' (transaction ID: 6081)
[DW] bdMarketplace: executing task '99' (transaction ID: 6082)
[DW] bdMarketplace: executing task '99' (transaction ID: 6083)
[DW] bdMarketplace: executing task '99' (transaction ID: 6084)
[DW] bdMarketplace: executing task '99' (transaction ID: 6085)
[DW] bdMarketplace: executing task '99' (transaction ID: 6086)
[DW] bdMarketplace: executing task '99' (transaction ID: 6087)
[DW] bdMarketplace: executing task '99' (transaction ID: 6088)
[DW] bdMarketplace: executing task '99' (transaction ID: 6089)
[DW] bdMarketplace: executing task '99' (transaction ID: 6090)
[DW] bdMarketplace: executing task '99' (transaction ID: 6091)
[DW] bdMarketplace: executing task '99' (transaction ID: 6092)
[DW] bdMarketplace: executing task '99' (transaction ID: 6093)
[DW] bdMarketplace: executing task '99' (transaction ID: 6094)
[DW] bdMarketplace: executing task '99' (transaction ID: 6095)
[DW] bdMarketplace: executing task '99' (transaction ID: 6096)
[DW] bdMarketplace: executing task '99' (transaction ID: 6097)
[DW] bdMarketplace: executing task '99' (transaction ID: 6098)
[DW] bdMarketplace: executing task '99' (transaction ID: 6099)
[DW] bdMarketplace: executing task '99' (transaction ID: 6100)
[DW] bdMarketplace: executing task '99' (transaction ID: 6101)
[DW] bdMarketplace: executing task '99' (transaction ID: 6102)
[DW] bdMarketplace: executing task '99' (transaction ID: 6103)
[DW] bdMarketplace: executing task '99' (transaction ID: 6104)
[DW] bdMarketplace: executing task '99' (transaction ID: 6105)
[DW] bdMarketplace: executing task '99' (transaction ID: 6106)
[DW] bdMarketplace: executing task '99' (transaction ID: 6107)
[DW] bdMarketplace: executing task '99' (transaction ID: 6108)
[DW] bdMarketplace: executing task '99' (transaction ID: 6109)
[DW] bdMarketplace: executing task '99' (transaction ID: 6110)
[DW] bdMarketplace: executing task '99' (transaction ID: 6111)
[DW] bdMarketplace: executing task '99' (transaction ID: 6112)
[DW] bdMarketplace: executing task '99' (transaction ID: 6113)
[DW] bdMarketplace: executing task '99' (transaction ID: 6114)
[DW] bdMarketplace: executing task '99' (transaction ID: 6115)
[DW] bdMarketplace: executing task '99' (transaction ID: 6116)
[DW] bdMarketplace: executing task '99' (transaction ID: 6117)
[DW] bdMarketplace: executing task '99' (transaction ID: 6118)
[DW] bdMarketplace: executing task '99' (transaction ID: 6119)
[DW] bdMarketplace: executing task '99' (transaction ID: 6120)
[DW] bdMarketplace: executing task '99' (transaction ID: 6121)
[DW] bdMarketplace: executing task '99' (transaction ID: 6122)
[DW] bdMarketplace: executing task '99' (transaction ID: 6123)
[DW] bdMarketplace: executing task '99' (transaction ID: 6124)
[DW] bdMarketplace: executing task '99' (transaction ID: 6125)
[DW] bdMarketplace: executing task '99' (transaction ID: 6126)
[DW] bdMarketplace: executing task '99' (transaction ID: 6127)
[DW] bdMarketplace: executing task '99' (transaction ID: 6128)
[DW] bdMarketplace: executing task '99' (transaction ID: 6129)
[DW] bdMarketplace: executing task '99' (transaction ID: 6130)
[DW] bdMarketplace: executing task '99' (transaction ID: 6131)
[DW] bdMarketplace: executing task '99' (transaction ID: 6132)
[DW] bdMarketplace: executing task '99' (transaction ID: 6133)
[DW] bdMarketplace: executing task '99' (transaction ID: 6134)
[DW] bdMarketplace: executing task '99' (transaction ID: 6135)
[DW] bdMarketplace: executing task '99' (transaction ID: 6136)
[DW] bdMarketplace: executing task '99' (transaction ID: 6137)
[DW] bdMarketplace: executing task '99' (transaction ID: 6138)
[DW] bdMarketplace: executing task '99' (transaction ID: 6139)
[DW] bdMarketplace: executing task '99' (transaction ID: 6140)
[DW] bdMarketplace: executing task '99' (transaction ID: 6141)
[DW] bdMarketplace: executing task '99' (transaction ID: 6142)
[DW] bdMarketplace: executing task '99' (transaction ID: 6143)
[DW] bdMarketplace: executing task '99' (transaction ID: 6144)
[DW] bdMarketplace: executing task '99' (transaction ID: 6145)
[DW] bdMarketplace: executing task '99' (transaction ID: 6146)
[DW] bdMarketplace: executing task '99' (transaction ID: 6147)
[DW] bdMarketplace: executing task '99' (transaction ID: 6148)
[DW] bdMarketplace: executing task '99' (transaction ID: 6149)
[DW] bdMarketplace: executing task '99' (transaction ID: 6150)
[DW] bdMarketplace: executing task '99' (transaction ID: 6151)
[DW] bdMarketplace: executing task '99' (transaction ID: 6152)
[DW] bdMarketplace: executing task '99' (transaction ID: 6153)
[DW] bdMarketplace: executing task '99' (transaction ID: 6154)
[DW] bdMarketplace: executing task '99' (transaction ID: 6155)
[DW] bdMarketplace: executing task '99' (transaction ID: 6156)
[DW] bdMarketplace: executing task '99' (transaction ID: 6157)
[DW] bdMarketplace: executing task '99' (transaction ID: 6158)
[DW] bdMarketplace: executing task '99' (transaction ID: 6159)
[DW] bdMarketplace: executing task '99' (transaction ID: 6160)
[DW] bdMarketplace: executing task '99' (transaction ID: 6161)
[DW] bdMarketplace: executing task '99' (transaction ID: 6162)
[DW] bdMarketplace: executing task '99' (transaction ID: 6163)
[DW] bdMarketplace: executing task '99' (transaction ID: 6164)
[DW] bdMarketplace: executing task '99' (transaction ID: 6165)
[DW] bdMarketplace: executing task '99' (transaction ID: 6166)
[DW] bdMarketplace: executing task '99' (transaction ID: 6167)
[DW] bdMarketplace: executing task '99' (transaction ID: 6168)
[DW] bdMarketplace: executing task '99' (transaction ID: 6169)
[DW] bdMarketplace: executing task '99' (transaction ID: 6170)
[DW] bdMarketplace: executing task '99' (transaction ID: 6171)
[DW] bdMarketplace: executing task '99' (transaction ID: 6172)
[DW] bdMarketplace: executing task '99' (transaction ID: 6173)
[DW] bdMarketplace: executing task '99' (transaction ID: 6174)
[DW] bdMarketplace: executing task '99' (transaction ID: 6175)
[DW] bdMarketplace: executing task '99' (transaction ID: 6176)
[DW] bdMarketplace: executing task '99' (transaction ID: 6177)
[DW] bdMarketplace: executing task '99' (transaction ID: 6178)
[DW] bdMarketplace: executing task '99' (transaction ID: 6179)
[DW] bdMarketplace: executing task '99' (transaction ID: 6180)
[DW] bdMarketplace: executing task '99' (transaction ID: 6181)
[DW] bdMarketplace: executing task '99' (transaction ID: 6182)
[DW] bdMarketplace: executing task '99' (transaction ID: 6183)
[DW] bdMarketplace: executing task '99' (transaction ID: 6184)
[DW] bdMarketplace: executing task '99' (transaction ID: 6185)
[DW] bdMarketplace: executing task '99' (transaction ID: 6186)
[DW] bdMarketplace: executing task '99' (transaction ID: 6187)
[DW] bdMarketplace: executing task '99' (transaction ID: 6188)
[DW] bdMarketplace: executing task '99' (transaction ID: 6189)
[DW] bdMarketplace: executing task '99' (transaction ID: 6190)
[DW] bdMarketplace: executing task '99' (transaction ID: 6191)
[DW] bdMarketplace: executing task '99' (transaction ID: 6192)
[DW] bdMarketplace: executing task '99' (transaction ID: 6193)
[DW] bdMarketplace: executing task '99' (transaction ID: 6194)
[DW] bdMarketplace: executing task '99' (transaction ID: 6195)
[DW] bdMarketplace: executing task '99' (transaction ID: 6196)
[DW] bdMarketplace: executing task '99' (transaction ID: 6197)
[DW] bdMarketplace: executing task '99' (transaction ID: 6198)
[DW] bdMarketplace: executing task '99' (transaction ID: 6199)
[DW] bdMarketplace: executing task '99' (transaction ID: 6200)
[DW] bdMarketplace: executing task '99' (transaction ID: 6201)
[DW] bdMarketplace: executing task '99' (transaction ID: 6202)
[DW] bdMarketplace: executing task '99' (transaction ID: 6203)
[DW] bdMarketplace: executing task '99' (transaction ID: 6204)
[DW] bdMarketplace: executing task '99' (transaction ID: 6205)
[DW] bdMarketplace: executing task '99' (transaction ID: 6206)
[DW] bdMarketplace: executing task '99' (transaction ID: 6207)
[DW] bdMarketplace: executing task '99' (transaction ID: 6208)
[DW] bdMarketplace: executing task '99' (transaction ID: 6209)
[DW] bdMarketplace: executing task '99' (transaction ID: 6210)
[DW] bdMarketplace: executing task '99' (transaction ID: 6211)
[DW] bdMarketplace: executing task '99' (transaction ID: 6212)
[DW] bdMarketplace: executing task '99' (transaction ID: 6213)
[DW] bdMarketplace: executing task '99' (transaction ID: 6214)
[DW] bdMarketplace: executing task '99' (transaction ID: 6215)
[DW] bdMarketplace: executing task '99' (transaction ID: 6216)
[DW] bdMarketplace: executing task '99' (transaction ID: 6217)
[DW] bdMarketplace: executing task '99' (transaction ID: 6218)
[DW] bdMarketplace: executing task '99' (transaction ID: 6219)
[DW] bdMarketplace: executing task '99' (transaction ID: 6220)
[DW] bdMarketplace: executing task '99' (transaction ID: 6221)
[DW] bdMarketplace: executing task '99' (transaction ID: 6222)
[DW] bdMarketplace: executing task '99' (transaction ID: 6223)
[DW] bdMarketplace: executing task '99' (transaction ID: 6224)
[DW] bdMarketplace: executing task '99' (transaction ID: 6225)
[DW] bdMarketplace: executing task '99' (transaction ID: 6226)
[DW] bdMarketplace: executing task '99' (transaction ID: 6227)
[DW] bdMarketplace: executing task '99' (transaction ID: 6228)
[DW] bdMarketplace: executing task '99' (transaction ID: 6229)
[DW] bdMarketplace: executing task '99' (transaction ID: 6230)
[DW] bdMarketplace: executing task '99' (transaction ID: 6231)
[DW] bdMarketplace: executing task '99' (transaction ID: 6232)
[DW] bdMarketplace: executing task '99' (transaction ID: 6233)
[DW] bdMarketplace: executing task '99' (transaction ID: 6234)
[DW] bdMarketplace: executing task '99' (transaction ID: 6235)
[DW] bdMarketplace: executing task '99' (transaction ID: 6236)
[DW] bdMarketplace: executing task '99' (transaction ID: 6237)
[DW] bdMarketplace: executing task '99' (transaction ID: 6238)
[DW] bdMarketplace: executing task '99' (transaction ID: 6239)
[DW] bdMarketplace: executing task '99' (transaction ID: 6240)
[DW] bdMarketplace: executing task '99' (transaction ID: 6241)
[DW] bdMarketplace: executing task '99' (transaction ID: 6242)
[DW] bdMarketplace: executing task '99' (transaction ID: 6243)
[DW] bdMarketplace: executing task '99' (transaction ID: 6244)
[DW] bdMarketplace: executing task '99' (transaction ID: 6245)
[DW] bdMarketplace: executing task '99' (transaction ID: 6246)
[DW] bdMarketplace: executing task '99' (transaction ID: 6247)
[DW] bdMarketplace: executing task '99' (transaction ID: 6248)
[DW] bdMarketplace: executing task '99' (transaction ID: 6249)
[DW] bdMarketplace: executing task '99' (transaction ID: 6250)
[DW] bdMarketplace: executing task '99' (transaction ID: 6251)
[DW] bdMarketplace: executing task '99' (transaction ID: 6252)
[DW] bdMarketplace: executing task '99' (transaction ID: 6253)
[DW] bdMarketplace: executing task '99' (transaction ID: 6254)
[DW] bdMarketplace: executing task '99' (transaction ID: 6255)
[DW] bdMarketplace: executing task '99' (transaction ID: 6256)
[DW] bdMarketplace: executing task '99' (transaction ID: 6257)
[DW] bdMarketplace: executing task '99' (transaction ID: 6258)
[DW] bdMarketplace: executing task '99' (transaction ID: 6259)
[DW] bdMarketplace: executing task '99' (transaction ID: 6260)
[DW] bdMarketplace: executing task '99' (transaction ID: 6261)
[DW] bdMarketplace: executing task '99' (transaction ID: 6262)
[DW] bdMarketplace: executing task '99' (transaction ID: 6263)
[DW] bdMarketplace: executing task '99' (transaction ID: 6264)
[DW] bdMarketplace: executing task '99' (transaction ID: 6265)
[DW] bdMarketplace: executing task '99' (transaction ID: 6266)
[DW] bdMarketplace: executing task '99' (transaction ID: 6267)
[DW] bdMarketplace: executing task '99' (transaction ID: 6268)
[DW] bdMarketplace: executing task '99' (transaction ID: 6269)
[DW] bdMarketplace: executing task '99' (transaction ID: 6270)
[DW] bdMarketplace: executing task '99' (transaction ID: 6271)
[DW] bdMarketplace: executing task '99' (transaction ID: 6272)
[DW] bdMarketplace: executing task '99' (transaction ID: 6273)
[DW] bdMarketplace: executing task '99' (transaction ID: 6274)
[DW] bdMarketplace: executing task '99' (transaction ID: 6275)
[DW] bdMarketplace: executing task '99' (transaction ID: 6276)
[DW] bdMarketplace: executing task '99' (transaction ID: 6277)
[DW] bdMarketplace: executing task '99' (transaction ID: 6278)
[DW] bdMarketplace: executing task '99' (transaction ID: 6279)
[DW] bdMarketplace: executing task '99' (transaction ID: 6280)
[DW] bdMarketplace: executing task '99' (transaction ID: 6281)
[DW] bdMarketplace: executing task '99' (transaction ID: 6282)
[DW] bdMarketplace: executing task '99' (transaction ID: 6283)
[DW] bdMarketplace: executing task '99' (transaction ID: 6284)
[DW] bdMarketplace: executing task '99' (transaction ID: 6285)
[DW] bdMarketplace: executing task '99' (transaction ID: 6286)
[DW] bdMarketplace: executing task '99' (transaction ID: 6287)
[DW] bdMarketplace: executing task '99' (transaction ID: 6288)
[DW] bdMarketplace: executing task '99' (transaction ID: 6289)
[DW] bdMarketplace: executing task '99' (transaction ID: 6290)
[DW] bdMarketplace: executing task '99' (transaction ID: 6291)
[DW] bdMarketplace: executing task '99' (transaction ID: 6292)
[DW] bdMarketplace: executing task '99' (transaction ID: 6293)
[DW] bdMarketplace: executing task '99' (transaction ID: 6294)
[DW] bdMarketplace: executing task '99' (transaction ID: 6295)
[DW] bdMarketplace: executing task '99' (transaction ID: 6296)
[DW] bdMarketplace: executing task '99' (transaction ID: 6297)
[DW] bdMarketplace: executing task '99' (transaction ID: 6298)
[DW] bdMarketplace: executing task '99' (transaction ID: 6299)
[DW] bdMarketplace: executing task '99' (transaction ID: 6300)
[DW] bdMarketplace: executing task '99' (transaction ID: 6301)
[DW] bdMarketplace: executing task '99' (transaction ID: 6302)
[DW] bdMarketplace: executing task '99' (transaction ID: 6303)
[DW] bdMarketplace: executing task '99' (transaction ID: 6304)
[DW] bdMarketplace: executing task '99' (transaction ID: 6305)
[DW] bdMarketplace: executing task '99' (transaction ID: 6306)
[DW] bdMarketplace: executing task '99' (transaction ID: 6307)
[DW] bdMarketplace: executing task '99' (transaction ID: 6308)
[DW] bdMarketplace: executing task '99' (transaction ID: 6309)
[DW] bdMarketplace: executing task '99' (transaction ID: 6310)
[DW] bdMarketplace: executing task '99' (transaction ID: 6311)
[DW] bdMarketplace: executing task '99' (transaction ID: 6312)
[DW] bdMarketplace: executing task '99' (transaction ID: 6313)
[DW] bdMarketplace: executing task '99' (transaction ID: 6314)
[DW] bdMarketplace: executing task '99' (transaction ID: 6315)
[DW] bdMarketplace: executing task '99' (transaction ID: 6316)
[DW] bdMarketplace: executing task '99' (transaction ID: 6317)
[DW] bdMarketplace: executing task '99' (transaction ID: 6318)
[DW] bdMarketplace: executing task '99' (transaction ID: 6319)
[DW] bdMarketplace: executing task '99' (transaction ID: 6320)
[DW] bdMarketplace: executing task '99' (transaction ID: 6321)
[DW] bdMarketplace: executing task '99' (transaction ID: 6322)
[DW] bdMarketplace: executing task '99' (transaction ID: 6323)
[DW] bdMarketplace: executing task '99' (transaction ID: 6324)
[DW] bdMarketplace: executing task '99' (transaction ID: 6325)
[DW] bdMarketplace: executing task '99' (transaction ID: 6326)
[DW] bdMarketplace: executing task '99' (transaction ID: 6327)
[DW] bdMarketplace: executing task '99' (transaction ID: 6328)
[DW] bdMarketplace: executing task '99' (transaction ID: 6329)
[DW] bdMarketplace: executing task '99' (transaction ID: 6330)
[DW] bdMarketplace: executing task '99' (transaction ID: 6331)
[DW] bdMarketplace: executing task '99' (transaction ID: 6332)
[DW] bdMarketplace: executing task '99' (transaction ID: 6333)
[DW] bdMarketplace: executing task '99' (transaction ID: 6334)
[DW] bdMarketplace: executing task '99' (transaction ID: 6335)
[DW] bdMarketplace: executing task '99' (transaction ID: 6336)
[DW] bdMarketplace: executing task '99' (transaction ID: 6337)
[DW] bdMarketplace: executing task '99' (transaction ID: 6338)
[DW] bdMarketplace: executing task '99' (transaction ID: 6339)
[DW] bdMarketplace: executing task '99' (transaction ID: 6340)
[DW] bdMarketplace: executing task '99' (transaction ID: 6341)
[DW] bdMarketplace: executing task '99' (transaction ID: 6342)
[DW] bdMarketplace: executing task '99' (transaction ID: 6343)
[DW] bdMarketplace: executing task '99' (transaction ID: 6344)
[DW] bdMarketplace: executing task '99' (transaction ID: 6345)
[DW] bdMarketplace: executing task '99' (transaction ID: 6346)
[DW] bdMarketplace: executing task '99' (transaction ID: 6347)
[DW] bdMarketplace: executing task '99' (transaction ID: 6348)
[DW] bdMarketplace: executing task '99' (transaction ID: 6349)
[DW] bdMarketplace: executing task '99' (transaction ID: 6350)
[DW] bdMarketplace: executing task '99' (transaction ID: 6351)
[DW] bdMarketplace: executing task '99' (transaction ID: 6352)
[DW] bdMarketplace: executing task '99' (transaction ID: 6353)
[DW] bdMarketplace: executing task '99' (transaction ID: 6354)
[DW] bdMarketplace: executing task '99' (transaction ID: 6355)
[DW] bdMarketplace: executing task '99' (transaction ID: 6356)
[DW] bdMarketplace: executing task '99' (transaction ID: 6357)
[DW] bdMarketplace: executing task '99' (transaction ID: 6358)
[DW] bdMarketplace: executing task '99' (transaction ID: 6359)
[DW] bdMarketplace: executing task '99' (transaction ID: 6360)
[DW] bdMarketplace: executing task '99' (transaction ID: 6361)
[DW] bdMarketplace: executing task '99' (transaction ID: 6362)
[DW] bdMarketplace: executing task '99' (transaction ID: 6363)
[DW] bdMarketplace: executing task '99' (transaction ID: 6364)
[DW] bdMarketplace: executing task '99' (transaction ID: 6365)
[DW] bdMarketplace: executing task '99' (transaction ID: 6366)
[DW] bdMarketplace: executing task '99' (transaction ID: 6367)
[DW] bdMarketplace: executing task '99' (transaction ID: 6368)
[DW] bdMarketplace: executing task '99' (transaction ID: 6369)
[DW] bdMarketplace: executing task '99' (transaction ID: 6370)
[DW] bdMarketplace: executing task '99' (transaction ID: 6371)
[DW] bdMarketplace: executing task '99' (transaction ID: 6372)
[DW] bdMarketplace: executing task '99' (transaction ID: 6373)
[DW] bdMarketplace: executing task '99' (transaction ID: 6374)
[DW] bdMarketplace: executing task '99' (transaction ID: 6375)
[DW] bdMarketplace: executing task '99' (transaction ID: 6376)
[DW] bdMarketplace: executing task '99' (transaction ID: 6377)
[DW] bdMarketplace: executing task '99' (transaction ID: 6378)
[DW] bdMarketplace: executing task '99' (transaction ID: 6379)
[DW] bdMarketplace: executing task '99' (transaction ID: 6380)
[DW] bdMarketplace: executing task '99' (transaction ID: 6381)
[DW] bdMarketplace: executing task '99' (transaction ID: 6382)
[DW] bdMarketplace: executing task '99' (transaction ID: 6383)
[DW] bdMarketplace: executing task '99' (transaction ID: 6384)
[DW] bdMarketplace: executing task '99' (transaction ID: 6385)
[DW] bdMarketplace: executing task '99' (transaction ID: 6386)
[DW] bdMarketplace: executing task '99' (transaction ID: 6387)
[DW] bdMarketplace: executing task '99' (transaction ID: 6388)
[DW] bdMarketplace: executing task '99' (transaction ID: 6389)
[DW] bdMarketplace: executing task '99' (transaction ID: 6390)
[DW] bdMarketplace: executing task '99' (transaction ID: 6391)
[DW] bdMarketplace: executing task '99' (transaction ID: 6392)
[DW] bdMarketplace: executing task '99' (transaction ID: 6393)
[DW] bdMarketplace: executing task '99' (transaction ID: 6394)
[DW] bdMarketplace: executing task '99' (transaction ID: 6395)
[DW] bdMarketplace: executing task '99' (transaction ID: 6396)
[DW] bdMarketplace: executing task '99' (transaction ID: 6397)
[DW] bdMarketplace: executing task '99' (transaction ID: 6398)
[DW] bdMarketplace: executing task '99' (transaction ID: 6399)
[DW] bdMarketplace: executing task '99' (transaction ID: 6400)
[DW] bdMarketplace: executing task '99' (transaction ID: 6401)
[DW] bdMarketplace: executing task '99' (transaction ID: 6402)
[DW] bdMarketplace: executing task '99' (transaction ID: 6403)
[DW] bdMarketplace: executing task '99' (transaction ID: 6404)
[DW] bdMarketplace: executing task '99' (transaction ID: 6405)
[DW] bdMarketplace: executing task '99' (transaction ID: 6406)
[DW] bdMarketplace: executing task '99' (transaction ID: 6407)
[DW] bdMarketplace: executing task '99' (transaction ID: 6408)
[DW] bdMarketplace: executing task '99' (transaction ID: 6409)
[DW] bdMarketplace: executing task '99' (transaction ID: 6410)
[DW] bdMarketplace: executing task '99' (transaction ID: 6411)
[DW] bdMarketplace: executing task '99' (transaction ID: 6412)
[DW] bdMarketplace: executing task '99' (transaction ID: 6413)
[DW] bdMarketplace: executing task '99' (transaction ID: 6414)
[DW] bdMarketplace: executing task '99' (transaction ID: 6415)
[DW] bdMarketplace: executing task '99' (transaction ID: 6416)
[DW] bdMarketplace: executing task '99' (transaction ID: 6417)
[DW] bdMarketplace: executing task '99' (transaction ID: 6418)
[DW] bdMarketplace: executing task '99' (transaction ID: 6419)
[DW] bdMarketplace: executing task '99' (transaction ID: 6420)
[DW] bdMarketplace: executing task '99' (transaction ID: 6421)
[DW] bdMarketplace: executing task '99' (transaction ID: 6422)
[DW] bdMarketplace: executing task '99' (transaction ID: 6423)
[DW] bdMarketplace: executing task '99' (transaction ID: 6424)
[DW] bdMarketplace: executing task '99' (transaction ID: 6425)
[DW] bdMarketplace: executing task '99' (transaction ID: 6426)
[DW] bdMarketplace: executing task '99' (transaction ID: 6427)
[DW] bdMarketplace: executing task '99' (transaction ID: 6428)
[DW] bdMarketplace: executing task '99' (transaction ID: 6429)
[DW] bdMarketplace: executing task '99' (transaction ID: 6430)
[DW] bdMarketplace: executing task '99' (transaction ID: 6431)
[DW] bdMarketplace: executing task '99' (transaction ID: 6432)
[DW] bdMarketplace: executing task '99' (transaction ID: 6433)
[DW] bdMarketplace: executing task '99' (transaction ID: 6434)
[DW] bdMarketplace: executing task '99' (transaction ID: 6435)
[DW] bdMarketplace: executing task '99' (transaction ID: 6436)
[DW] bdMarketplace: executing task '99' (transaction ID: 6437)
[DW] bdMarketplace: executing task '99' (transaction ID: 6438)
[DW] bdMarketplace: executing task '99' (transaction ID: 6439)
[DW] bdMarketplace: executing task '99' (transaction ID: 6440)
[DW] bdMarketplace: executing task '99' (transaction ID: 6441)
[DW] bdMarketplace: executing task '99' (transaction ID: 6442)
[DW] bdMarketplace: executing task '99' (transaction ID: 6443)
[DW] bdMarketplace: executing task '99' (transaction ID: 6444)
[DW] bdMarketplace: executing task '99' (transaction ID: 6445)
[DW] bdMarketplace: executing task '99' (transaction ID: 6446)
[DW] bdMarketplace: executing task '99' (transaction ID: 6447)
[DW] bdMarketplace: executing task '99' (transaction ID: 6448)
[DW] bdMarketplace: executing task '99' (transaction ID: 6449)
[DW] bdMarketplace: executing task '99' (transaction ID: 6450)
[DW] bdMarketplace: executing task '99' (transaction ID: 6451)
[DW] bdMarketplace: executing task '99' (transaction ID: 6452)
[DW] bdMarketplace: executing task '99' (transaction ID: 6453)
[DW] bdMarketplace: executing task '99' (transaction ID: 6454)
[DW] bdMarketplace: executing task '99' (transaction ID: 6455)
[DW] bdMarketplace: executing task '99' (transaction ID: 6456)
[DW] bdMarketplace: executing task '99' (transaction ID: 6457)
[DW] bdMarketplace: executing task '99' (transaction ID: 6458)
[DW] bdMarketplace: executing task '99' (transaction ID: 6459)
[DW] bdMarketplace: executing task '99' (transaction ID: 6460)
[DW] bdMarketplace: executing task '99' (transaction ID: 6461)
[DW] bdMarketplace: executing task '99' (transaction ID: 6462)
[DW] bdMarketplace: executing task '99' (transaction ID: 6463)
[DW] bdMarketplace: executing task '99' (transaction ID: 6464)
[DW] bdMarketplace: executing task '99' (transaction ID: 6465)
[DW] bdMarketplace: executing task '99' (transaction ID: 6466)
[DW] bdMarketplace: executing task '99' (transaction ID: 6467)
[DW] bdMarketplace: executing task '99' (transaction ID: 6468)
[DW] bdMarketplace: executing task '99' (transaction ID: 6469)
[DW] bdMarketplace: executing task '99' (transaction ID: 6470)
[DW] bdMarketplace: executing task '99' (transaction ID: 6471)
[DW] bdMarketplace: executing task '99' (transaction ID: 6472)
[DW] bdMarketplace: executing task '99' (transaction ID: 6473)
[DW] bdMarketplace: executing task '99' (transaction ID: 6474)
[DW] bdMarketplace: executing task '99' (transaction ID: 6475)
[DW] bdMarketplace: executing task '99' (transaction ID: 6476)
[DW] bdMarketplace: executing task '99' (transaction ID: 6477)
[DW] bdMarketplace: executing task '99' (transaction ID: 6478)
[DW] bdMarketplace: executing task '99' (transaction ID: 6479)
[DW] bdMarketplace: executing task '99' (transaction ID: 6480)
[DW] bdMarketplace: executing task '99' (transaction ID: 6481)
[DW] bdMarketplace: executing task '99' (transaction ID: 6482)
[DW] bdMarketplace: executing task '99' (transaction ID: 6483)
[DW] bdMarketplace: executing task '99' (transaction ID: 6484)
[DW] bdMarketplace: executing task '99' (transaction ID: 6485)
[DW] bdMarketplace: executing task '99' (transaction ID: 6486)
[DW] bdMarketplace: executing task '99' (transaction ID: 6487)
[DW] bdMarketplace: executing task '99' (transaction ID: 6488)
[DW] bdMarketplace: executing task '99' (transaction ID: 6489)
[DW] bdMarketplace: executing task '99' (transaction ID: 6490)
[DW] bdMarketplace: executing task '99' (transaction ID: 6491)
[DW] bdMarketplace: executing task '99' (transaction ID: 6492)
[DW] bdMarketplace: executing task '99' (transaction ID: 6493)
[DW] bdMarketplace: executing task '99' (transaction ID: 6494)
[DW] bdMarketplace: executing task '99' (transaction ID: 6495)
[DW] bdMarketplace: executing task '99' (transaction ID: 6496)
[DW] bdMarketplace: executing task '99' (transaction ID: 6497)
[DW] bdMarketplace: executing task '99' (transaction ID: 6498)
[DW] bdMarketplace: executing task '99' (transaction ID: 6499)
[DW] bdMarketplace: executing task '99' (transaction ID: 6500)
[DW] bdMarketplace: executing task '99' (transaction ID: 6501)
[DW] bdMarketplace: executing task '99' (transaction ID: 6502)
[DW] bdMarketplace: executing task '99' (transaction ID: 6503)
[DW] bdMarketplace: executing task '99' (transaction ID: 6504)
[DW] bdMarketplace: executing task '99' (transaction ID: 6505)
[DW] bdMarketplace: executing task '99' (transaction ID: 6506)
[DW] bdMarketplace: executing task '99' (transaction ID: 6507)
[DW] bdMarketplace: executing task '99' (transaction ID: 6508)
[DW] bdMarketplace: executing task '99' (transaction ID: 6509)
[DW] bdMarketplace: executing task '99' (transaction ID: 6510)
[DW] bdMarketplace: executing task '99' (transaction ID: 6511)
[DW] bdMarketplace: executing task '99' (transaction ID: 6512)
[DW] bdMarketplace: executing task '99' (transaction ID: 6513)
[DW] bdMarketplace: executing task '99' (transaction ID: 6514)
[DW] bdMarketplace: executing task '99' (transaction ID: 6515)
[DW] bdMarketplace: executing task '99' (transaction ID: 6516)
[DW] bdMarketplace: executing task '99' (transaction ID: 6517)
[DW] bdMarketplace: executing task '99' (transaction ID: 6518)
[DW] bdMarketplace: executing task '99' (transaction ID: 6519)
[DW] bdMarketplace: executing task '99' (transaction ID: 6520)
[DW] bdMarketplace: executing task '99' (transaction ID: 6521)
[DW] bdMarketplace: executing task '99' (transaction ID: 6522)
[DW] bdMarketplace: executing task '99' (transaction ID: 6523)
[DW] bdMarketplace: executing task '99' (transaction ID: 6524)
[DW] bdMarketplace: executing task '99' (transaction ID: 6525)
[DW] bdMarketplace: executing task '99' (transaction ID: 6526)
[DW] bdMarketplace: executing task '99' (transaction ID: 6527)
[DW] bdMarketplace: executing task '99' (transaction ID: 6528)
[DW] bdMarketplace: executing task '99' (transaction ID: 6529)
[DW] bdMarketplace: executing task '99' (transaction ID: 6530)
[DW] bdMarketplace: executing task '99' (transaction ID: 6531)
[DW] bdMarketplace: executing task '99' (transaction ID: 6532)
[DW] bdMarketplace: executing task '99' (transaction ID: 6533)
[DW] bdMarketplace: executing task '99' (transaction ID: 6534)
[DW] bdMarketplace: executing task '99' (transaction ID: 6535)
[DW] bdMarketplace: executing task '99' (transaction ID: 6536)
[DW] bdMarketplace: executing task '99' (transaction ID: 6537)
[DW] bdMarketplace: executing task '99' (transaction ID: 6538)
[DW] bdMarketplace: executing task '99' (transaction ID: 6539)
[DW] bdMarketplace: executing task '99' (transaction ID: 6540)
[DW] bdMarketplace: executing task '99' (transaction ID: 6541)
[DW] bdMarketplace: executing task '99' (transaction ID: 6542)
[DW] bdMarketplace: executing task '99' (transaction ID: 6543)
[DW] bdMarketplace: executing task '99' (transaction ID: 6544)
[DW] bdMarketplace: executing task '99' (transaction ID: 6545)
[DW] bdMarketplace: executing task '99' (transaction ID: 6546)
[DW] bdMarketplace: executing task '99' (transaction ID: 6547)
[DW] bdMarketplace: executing task '99' (transaction ID: 6548)
[DW] bdMarketplace: executing task '99' (transaction ID: 6549)
[DW] bdMarketplace: executing task '99' (transaction ID: 6550)
[DW] bdMarketplace: executing task '99' (transaction ID: 6551)
[DW] bdMarketplace: executing task '99' (transaction ID: 6552)
[DW] bdMarketplace: executing task '99' (transaction ID: 6553)
[DW] bdMarketplace: executing task '99' (transaction ID: 6554)
[DW] bdMarketplace: executing task '99' (transaction ID: 6555)
[DW] bdMarketplace: executing task '99' (transaction ID: 6556)
[DW] bdMarketplace: executing task '99' (transaction ID: 6557)
[DW] bdMarketplace: executing task '99' (transaction ID: 6558)
[DW] bdMarketplace: executing task '99' (transaction ID: 6559)
[DW] bdMarketplace: executing task '99' (transaction ID: 6560)
[DW] bdMarketplace: executing task '99' (transaction ID: 6561)
[DW] bdMarketplace: executing task '99' (transaction ID: 6562)
[DW] bdMarketplace: executing task '99' (transaction ID: 6563)
[DW] bdMarketplace: executing task '99' (transaction ID: 6564)
[DW] bdMarketplace: executing task '99' (transaction ID: 6565)
[DW] bdMarketplace: executing task '99' (transaction ID: 6566)
[DW] bdMarketplace: executing task '99' (transaction ID: 6567)
[DW] bdMarketplace: executing task '99' (transaction ID: 6568)
[DW] bdMarketplace: executing task '99' (transaction ID: 6569)
[DW] bdMarketplace: executing task '99' (transaction ID: 6570)
[DW] bdMarketplace: executing task '99' (transaction ID: 6571)
[DW] bdMarketplace: executing task '99' (transaction ID: 6572)
[DW] bdMarketplace: executing task '99' (transaction ID: 6573)
[DW] bdMarketplace: executing task '99' (transaction ID: 6574)
[DW] bdMarketplace: executing task '99' (transaction ID: 6575)
[DW] bdMarketplace: executing task '99' (transaction ID: 6576)
[DW] bdMarketplace: executing task '99' (transaction ID: 6577)
[DW] bdMarketplace: executing task '99' (transaction ID: 6578)
[DW] bdMarketplace: executing task '99' (transaction ID: 6579)
[DW] bdMarketplace: executing task '99' (transaction ID: 6580)
[DW] bdMarketplace: executing task '99' (transaction ID: 6581)
[DW] bdMarketplace: executing task '99' (transaction ID: 6582)
[DW] bdMarketplace: executing task '99' (transaction ID: 6583)
[DW] bdMarketplace: executing task '99' (transaction ID: 6584)
[DW] bdMarketplace: executing task '99' (transaction ID: 6585)
[DW] bdMarketplace: executing task '99' (transaction ID: 6586)
[DW] bdMarketplace: executing task '99' (transaction ID: 6587)
[DW] bdMarketplace: executing task '99' (transaction ID: 6588)
[DW] bdMarketplace: executing task '99' (transaction ID: 6589)
[DW] bdMarketplace: executing task '99' (transaction ID: 6590)
[DW] bdMarketplace: executing task '99' (transaction ID: 6591)
[DW] bdMarketplace: executing task '99' (transaction ID: 6592)
[DW] bdMarketplace: executing task '99' (transaction ID: 6593)
[DW] bdMarketplace: executing task '99' (transaction ID: 6594)
[DW] bdMarketplace: executing task '99' (transaction ID: 6595)
[DW] bdMarketplace: executing task '99' (transaction ID: 6596)
[DW] bdMarketplace: executing task '99' (transaction ID: 6597)
[DW] bdMarketplace: executing task '99' (transaction ID: 6598)
[DW] bdMarketplace: executing task '99' (transaction ID: 6599)
[DW] bdMarketplace: executing task '99' (transaction ID: 6600)
[DW] bdMarketplace: executing task '99' (transaction ID: 6601)
[DW] bdMarketplace: executing task '99' (transaction ID: 6602)
[DW] bdMarketplace: executing task '99' (transaction ID: 6603)
[DW] bdMarketplace: executing task '99' (transaction ID: 6604)
[DW] bdMarketplace: executing task '99' (transaction ID: 6605)
[DW] bdMarketplace: executing task '99' (transaction ID: 6606)
[DW] bdMarketplace: executing task '99' (transaction ID: 6607)
[DW] bdMarketplace: executing task '99' (transaction ID: 6608)
[DW] bdMarketplace: executing task '99' (transaction ID: 6609)
[DW] bdMarketplace: executing task '99' (transaction ID: 6610)
[DW] bdMarketplace: executing task '99' (transaction ID: 6611)
[DW] bdMarketplace: executing task '99' (transaction ID: 6612)
[DW] bdMarketplace: executing task '99' (transaction ID: 6613)
[DW] bdMarketplace: executing task '99' (transaction ID: 6614)
[DW] bdMarketplace: executing task '99' (transaction ID: 6615)
[DW] bdMarketplace: executing task '99' (transaction ID: 6616)
[DW] bdMarketplace: executing task '99' (transaction ID: 6617)
[DW] bdMarketplace: executing task '99' (transaction ID: 6618)
[DW] bdMarketplace: executing task '99' (transaction ID: 6619)
[DW] bdMarketplace: executing task '99' (transaction ID: 6620)
[DW] bdMarketplace: executing task '99' (transaction ID: 6621)
[DW] bdMarketplace: executing task '99' (transaction ID: 6622)
[DW] bdMarketplace: executing task '99' (transaction ID: 6623)
[DW] bdMarketplace: executing task '99' (transaction ID: 6624)
[DW] bdMarketplace: executing task '99' (transaction ID: 6625)
[DW] bdMarketplace: executing task '99' (transaction ID: 6626)
[DW] bdMarketplace: executing task '99' (transaction ID: 6627)
[DW] bdMarketplace: executing task '99' (transaction ID: 6628)
[DW] bdMarketplace: executing task '99' (transaction ID: 6629)
[DW] bdMarketplace: executing task '99' (transaction ID: 6630)
[DW] bdMarketplace: executing task '99' (transaction ID: 6631)
[DW] bdMarketplace: executing task '99' (transaction ID: 6632)
[DW] bdMarketplace: executing task '99' (transaction ID: 6633)
[DW] bdMarketplace: executing task '99' (transaction ID: 6634)
[DW] bdMarketplace: executing task '99' (transaction ID: 6635)
[DW] bdMarketplace: executing task '99' (transaction ID: 6636)
[DW] bdMarketplace: executing task '99' (transaction ID: 6637)
[DW] bdMarketplace: executing task '99' (transaction ID: 6638)
[DW] bdMarketplace: executing task '99' (transaction ID: 6639)
[DW] bdMarketplace: executing task '99' (transaction ID: 6640)
[DW] bdMarketplace: executing task '99' (transaction ID: 6641)
[DW] bdMarketplace: executing task '99' (transaction ID: 6642)
[DW] bdMarketplace: executing task '99' (transaction ID: 6643)
[DW] bdMarketplace: executing task '99' (transaction ID: 6644)
[DW] bdMarketplace: executing task '99' (transaction ID: 6645)
[DW] bdMarketplace: executing task '99' (transaction ID: 6646)
[DW] bdMarketplace: executing task '99' (transaction ID: 6647)
[DW] bdMarketplace: executing task '99' (transaction ID: 6648)
[DW] bdMarketplace: executing task '99' (transaction ID: 6649)
[DW] bdMarketplace: executing task '99' (transaction ID: 6650)
[DW] bdMarketplace: executing task '99' (transaction ID: 6651)
[DW] bdMarketplace: executing task '99' (transaction ID: 6652)
[DW] bdMarketplace: executing task '99' (transaction ID: 6653)
[DW] bdMarketplace: executing task '99' (transaction ID: 6654)
[DW] bdMarketplace: executing task '99' (transaction ID: 6655)
[DW] bdMarketplace: executing task '99' (transaction ID: 6656)
[DW] bdMarketplace: executing task '99' (transaction ID: 6657)
[DW] bdMarketplace: executing task '99' (transaction ID: 6658)
[DW] bdMarketplace: executing task '99' (transaction ID: 6659)
[DW] bdMarketplace: executing task '99' (transaction ID: 6660)
[DW] bdMarketplace: executing task '99' (transaction ID: 6661)
[DW] bdMarketplace: executing task '99' (transaction ID: 6662)
[DW] bdMarketplace: executing task '99' (transaction ID: 6663)
[DW] bdMarketplace: executing task '99' (transaction ID: 6664)
[DW] bdMarketplace: executing task '99' (transaction ID: 6665)
[DW] bdMarketplace: executing task '99' (transaction ID: 6666)
[DW] bdMarketplace: executing task '99' (transaction ID: 6667)
[DW] bdMarketplace: executing task '99' (transaction ID: 6668)
[DW] bdMarketplace: executing task '99' (transaction ID: 6669)
[DW] bdMarketplace: executing task '99' (transaction ID: 6670)
[DW] bdMarketplace: executing task '99' (transaction ID: 6671)
[DW] bdMarketplace: executing task '99' (transaction ID: 6672)
[DW] bdMarketplace: executing task '99' (transaction ID: 6673)
[DW] bdMarketplace: executing task '99' (transaction ID: 6674)
[DW] bdMarketplace: executing task '99' (transaction ID: 6675)
[DW] bdMarketplace: executing task '99' (transaction ID: 6676)
[DW] bdMarketplace: executing task '99' (transaction ID: 6677)
[DW] bdMarketplace: executing task '99' (transaction ID: 6678)
[DW] bdMarketplace: executing task '99' (transaction ID: 6679)
[DW] bdMarketplace: executing task '99' (transaction ID: 6680)
[DW] bdMarketplace: executing task '99' (transaction ID: 6681)
[DW] bdMarketplace: executing task '99' (transaction ID: 6682)
[DW] bdMarketplace: executing task '99' (transaction ID: 6683)
[DW] bdMarketplace: executing task '99' (transaction ID: 6684)
[DW] bdMarketplace: executing task '99' (transaction ID: 6685)
[DW] bdMarketplace: executing task '99' (transaction ID: 6686)
[DW] bdMarketplace: executing task '99' (transaction ID: 6687)
[DW] bdMarketplace: executing task '99' (transaction ID: 6688)
[DW] bdMarketplace: executing task '99' (transaction ID: 6689)
[DW] bdMarketplace: executing task '99' (transaction ID: 6690)
[DW] bdMarketplace: executing task '99' (transaction ID: 6691)
[DW] bdMarketplace: executing task '99' (transaction ID: 6692)
[DW] bdMarketplace: executing task '99' (transaction ID: 6693)
[DW] bdMarketplace: executing task '99' (transaction ID: 6694)
[DW] bdMarketplace: executing task '99' (transaction ID: 6695)
[DW] bdMarketplace: executing task '99' (transaction ID: 6696)
[DW] bdMarketplace: executing task '99' (transaction ID: 6697)
[DW] bdMarketplace: executing task '99' (transaction ID: 6698)
[DW] bdMarketplace: executing task '99' (transaction ID: 6699)
[DW] bdMarketplace: executing task '99' (transaction ID: 6700)
[DW] bdMarketplace: executing task '99' (transaction ID: 6701)
[DW] bdMarketplace: executing task '99' (transaction ID: 6702)
[DW] bdMarketplace: executing task '99' (transaction ID: 6703)
[DW] bdMarketplace: executing task '99' (transaction ID: 6704)
[DW] bdMarketplace: executing task '99' (transaction ID: 6705)
[DW] bdMarketplace: executing task '99' (transaction ID: 6706)
[DW] bdMarketplace: executing task '99' (transaction ID: 6707)
[DW] bdMarketplace: executing task '99' (transaction ID: 6708)
[DW] bdMarketplace: executing task '99' (transaction ID: 6709)
[DW] bdMarketplace: executing task '99' (transaction ID: 6710)
[DW] bdMarketplace: executing task '99' (transaction ID: 6711)
[DW] bdMarketplace: executing task '99' (transaction ID: 6712)
[DW] bdMarketplace: executing task '99' (transaction ID: 6713)
[DW] bdMarketplace: executing task '99' (transaction ID: 6714)
[DW] bdMarketplace: executing task '99' (transaction ID: 6715)
[DW] bdMarketplace: executing task '99' (transaction ID: 6716)
[DW] bdMarketplace: executing task '99' (transaction ID: 6717)
[DW] bdMarketplace: executing task '99' (transaction ID: 6718)
[DW] bdMarketplace: executing task '99' (transaction ID: 6719)
[DW] bdMarketplace: executing task '99' (transaction ID: 6720)
[DW] bdMarketplace: executing task '99' (transaction ID: 6721)
[DW] bdMarketplace: executing task '99' (transaction ID: 6722)
[DW] bdMarketplace: executing task '99' (transaction ID: 6723)
[DW] bdMarketplace: executing task '99' (transaction ID: 6724)
[DW] bdMarketplace: executing task '99' (transaction ID: 6725)
[DW] bdMarketplace: executing task '99' (transaction ID: 6726)
[DW] bdMarketplace: executing task '99' (transaction ID: 6727)
[DW] bdMarketplace: executing task '99' (transaction ID: 6728)
[DW] bdMarketplace: executing task '99' (transaction ID: 6729)
[DW] bdMarketplace: executing task '99' (transaction ID: 6730)
[DW] bdMarketplace: executing task '99' (transaction ID: 6731)
[DW] bdMarketplace: executing task '99' (transaction ID: 6732)
[DW] bdMarketplace: executing task '99' (transaction ID: 6733)
[DW] bdMarketplace: executing task '99' (transaction ID: 6734)
[DW] bdMarketplace: executing task '99' (transaction ID: 6735)
[DW] bdMarketplace: executing task '99' (transaction ID: 6736)
[DW] bdMarketplace: executing task '99' (transaction ID: 6737)
[DW] bdMarketplace: executing task '99' (transaction ID: 6738)
[DW] bdMarketplace: executing task '99' (transaction ID: 6739)
[DW] bdMarketplace: executing task '99' (transaction ID: 6740)
[DW] bdMarketplace: executing task '99' (transaction ID: 6741)
[DW] bdMarketplace: executing task '99' (transaction ID: 6742)
[DW] bdMarketplace: executing task '99' (transaction ID: 6743)
[DW] bdMarketplace: executing task '99' (transaction ID: 6744)
[DW] bdMarketplace: executing task '99' (transaction ID: 6745)
[DW] bdMarketplace: executing task '99' (transaction ID: 6746)
[DW] bdMarketplace: executing task '99' (transaction ID: 6747)
[DW] bdMarketplace: executing task '99' (transaction ID: 6748)
[DW] bdMarketplace: executing task '99' (transaction ID: 6749)
[DW] bdMarketplace: executing task '99' (transaction ID: 6750)
[DW] bdMarketplace: executing task '99' (transaction ID: 6751)
[DW] bdMarketplace: executing task '99' (transaction ID: 6752)
[DW] bdMarketplace: executing task '99' (transaction ID: 6753)
[DW] bdMarketplace: executing task '99' (transaction ID: 6754)
[DW] bdMarketplace: executing task '99' (transaction ID: 6755)
[DW] bdMarketplace: executing task '99' (transaction ID: 6756)
[DW] bdMarketplace: executing task '99' (transaction ID: 6757)
[DW] bdMarketplace: executing task '99' (transaction ID: 6758)
[DW] bdMarketplace: executing task '99' (transaction ID: 6759)
[DW] bdMarketplace: executing task '99' (transaction ID: 6760)
[DW] bdMarketplace: executing task '99' (transaction ID: 6761)
[DW] bdMarketplace: executing task '99' (transaction ID: 6762)
[DW] bdMarketplace: executing task '99' (transaction ID: 6763)
[DW] bdMarketplace: executing task '99' (transaction ID: 6764)
[DW] bdMarketplace: executing task '99' (transaction ID: 6765)
[DW] bdMarketplace: executing task '99' (transaction ID: 6766)
[DW] bdMarketplace: executing task '99' (transaction ID: 6767)
[DW] bdMarketplace: executing task '99' (transaction ID: 6768)
[DW] bdMarketplace: executing task '99' (transaction ID: 6769)
[DW] bdMarketplace: executing task '99' (transaction ID: 6770)
[DW] bdMarketplace: executing task '99' (transaction ID: 6771)
[DW] bdMarketplace: executing task '99' (transaction ID: 6772)
[DW] bdMarketplace: executing task '99' (transaction ID: 6773)
[DW] bdMarketplace: executing task '99' (transaction ID: 6774)
[DW] bdMarketplace: executing task '99' (transaction ID: 6775)
[DW] bdMarketplace: executing task '99' (transaction ID: 6776)
[DW] bdMarketplace: executing task '99' (transaction ID: 6777)
[DW] bdMarketplace: executing task '99' (transaction ID: 6778)
[DW] bdMarketplace: executing task '99' (transaction ID: 6779)
[DW] bdMarketplace: executing task '99' (transaction ID: 6780)
[DW] bdMarketplace: executing task '99' (transaction ID: 6781)
[DW] bdMarketplace: executing task '99' (transaction ID: 6782)
[DW] bdMarketplace: executing task '99' (transaction ID: 6783)
[DW] bdMarketplace: executing task '99' (transaction ID: 6784)
[DW] bdMarketplace: executing task '99' (transaction ID: 6785)
[DW] bdMarketplace: executing task '99' (transaction ID: 6786)
[DW] bdMarketplace: executing task '99' (transaction ID: 6787)
[DW] bdMarketplace: executing task '99' (transaction ID: 6788)
[DW] bdMarketplace: executing task '99' (transaction ID: 6789)
[DW] bdMarketplace: executing task '99' (transaction ID: 6790)
[DW] bdMarketplace: executing task '99' (transaction ID: 6791)
[DW] bdMarketplace: executing task '99' (transaction ID: 6792)
[DW] bdMarketplace: executing task '99' (transaction ID: 6793)
[DW] bdMarketplace: executing task '99' (transaction ID: 6794)
[DW] bdMarketplace: executing task '99' (transaction ID: 6795)
[DW] bdMarketplace: executing task '99' (transaction ID: 6796)
[DW] bdMarketplace: executing task '99' (transaction ID: 6797)
[DW] bdMarketplace: executing task '99' (transaction ID: 6798)
[DW] bdMarketplace: executing task '99' (transaction ID: 6799)
[DW] bdMarketplace: executing task '99' (transaction ID: 6800)
[DW] bdMarketplace: executing task '99' (transaction ID: 6801)
[DW] bdMarketplace: executing task '99' (transaction ID: 6802)
[DW] bdMarketplace: executing task '99' (transaction ID: 6803)
[DW] bdMarketplace: executing task '99' (transaction ID: 6804)
[DW] bdMarketplace: executing task '99' (transaction ID: 6805)
[DW] bdMarketplace: executing task '99' (transaction ID: 6806)
[DW] bdMarketplace: executing task '99' (transaction ID: 6807)
[DW] bdMarketplace: executing task '99' (transaction ID: 6808)
[DW] bdMarketplace: executing task '99' (transaction ID: 6809)
[DW] bdMarketplace: executing task '99' (transaction ID: 6810)
[DW] bdMarketplace: executing task '99' (transaction ID: 6811)
[DW] bdMarketplace: executing task '99' (transaction ID: 6812)
[DW] bdMarketplace: executing task '99' (transaction ID: 6813)
[DW] bdMarketplace: executing task '99' (transaction ID: 6814)
[DW] bdMarketplace: executing task '99' (transaction ID: 6815)
[DW] bdMarketplace: executing task '99' (transaction ID: 6816)
[DW] bdMarketplace: executing task '99' (transaction ID: 6817)
[DW] bdMarketplace: executing task '99' (transaction ID: 6818)
[DW] bdMarketplace: executing task '99' (transaction ID: 6819)
[DW] bdMarketplace: executing task '99' (transaction ID: 6820)
[DW] bdMarketplace: executing task '99' (transaction ID: 6821)
[DW] bdMarketplace: executing task '99' (transaction ID: 6822)
[DW] bdMarketplace: executing task '99' (transaction ID: 6823)
[DW] bdMarketplace: executing task '99' (transaction ID: 6824)
[DW] bdMarketplace: executing task '99' (transaction ID: 6825)
[DW] bdMarketplace: executing task '99' (transaction ID: 6826)
[DW] bdMarketplace: executing task '99' (transaction ID: 6827)
[DW] bdMarketplace: executing task '99' (transaction ID: 6828)
[DW] bdMarketplace: executing task '99' (transaction ID: 6829)
[DW] bdMarketplace: executing task '99' (transaction ID: 6830)
[DW] bdMarketplace: executing task '99' (transaction ID: 6831)
[DW] bdMarketplace: executing task '99' (transaction ID: 6832)
[DW] bdMarketplace: executing task '99' (transaction ID: 6833)
[DW] bdMarketplace: executing task '99' (transaction ID: 6834)
[DW] bdMarketplace: executing task '99' (transaction ID: 6835)
[DW] bdMarketplace: executing task '99' (transaction ID: 6836)
[DW] bdMarketplace: executing task '99' (transaction ID: 6837)
[DW] bdMarketplace: executing task '99' (transaction ID: 6838)
[DW] bdMarketplace: executing task '99' (transaction ID: 6839)
[DW] bdMarketplace: executing task '99' (transaction ID: 6840)
[DW] bdMarketplace: executing task '99' (transaction ID: 6841)
[DW] bdMarketplace: executing task '99' (transaction ID: 6842)
[DW] bdMarketplace: executing task '99' (transaction ID: 6843)
[DW] bdMarketplace: executing task '99' (transaction ID: 6844)
[DW] bdMarketplace: executing task '99' (transaction ID: 6845)
[DW] bdMarketplace: executing task '99' (transaction ID: 6846)
[DW] bdMarketplace: executing task '99' (transaction ID: 6847)
[DW] bdMarketplace: executing task '99' (transaction ID: 6848)
[DW] bdMarketplace: executing task '99' (transaction ID: 6849)
[DW] bdMarketplace: executing task '99' (transaction ID: 6850)
[DW] bdMarketplace: executing task '99' (transaction ID: 6851)
[DW] bdMarketplace: executing task '99' (transaction ID: 6852)
[DW] bdMarketplace: executing task '99' (transaction ID: 6853)
[DW] bdMarketplace: executing task '99' (transaction ID: 6854)
[DW] bdMarketplace: executing task '99' (transaction ID: 6855)
[DW] bdMarketplace: executing task '99' (transaction ID: 6856)
[DW] bdMarketplace: executing task '99' (transaction ID: 6857)
[DW] bdMarketplace: executing task '99' (transaction ID: 6858)
[DW] bdMarketplace: executing task '99' (transaction ID: 6859)
[DW] bdMarketplace: executing task '99' (transaction ID: 6860)
[DW] bdMarketplace: executing task '99' (transaction ID: 6861)
[DW] bdMarketplace: executing task '99' (transaction ID: 6862)
[DW] bdMarketplace: executing task '99' (transaction ID: 6863)
[DW] bdMarketplace: executing task '99' (transaction ID: 6864)
[DW] bdMarketplace: executing task '99' (transaction ID: 6865)
[DW] bdMarketplace: executing task '99' (transaction ID: 6866)
[DW] bdMarketplace: executing task '99' (transaction ID: 6867)
[DW] bdMarketplace: executing task '99' (transaction ID: 6868)
[DW] bdMarketplace: executing task '99' (transaction ID: 6869)
[DW] bdMarketplace: executing task '99' (transaction ID: 6870)
[DW] bdMarketplace: executing task '99' (transaction ID: 6871)
[DW] bdMarketplace: executing task '99' (transaction ID: 6872)
[DW] bdMarketplace: executing task '99' (transaction ID: 6873)
[DW] bdMarketplace: executing task '99' (transaction ID: 6874)
[DW] bdMarketplace: executing task '99' (transaction ID: 6875)
[DW] bdMarketplace: executing task '99' (transaction ID: 6876)
[DW] bdMarketplace: executing task '99' (transaction ID: 6877)
[DW] bdMarketplace: executing task '99' (transaction ID: 6878)
[DW] bdMarketplace: executing task '99' (transaction ID: 6879)
[DW] bdMarketplace: executing task '99' (transaction ID: 6880)
[DW] bdMarketplace: executing task '99' (transaction ID: 6881)
[DW] bdMarketplace: executing task '99' (transaction ID: 6882)
[DW] bdMarketplace: executing task '99' (transaction ID: 6883)
[DW] bdMarketplace: executing task '99' (transaction ID: 6884)
[DW] bdMarketplace: executing task '99' (transaction ID: 6885)
[DW] bdMarketplace: executing task '99' (transaction ID: 6886)
[DW] bdMarketplace: executing task '99' (transaction ID: 6887)
[DW] bdMarketplace: executing task '99' (transaction ID: 6888)
[DW] bdMarketplace: executing task '99' (transaction ID: 6889)
[DW] bdMarketplace: executing task '99' (transaction ID: 6890)
[DW] bdMarketplace: executing task '99' (transaction ID: 6891)
[DW] bdMarketplace: executing task '99' (transaction ID: 6892)
[DW] bdMarketplace: executing task '99' (transaction ID: 6893)
[DW] bdMarketplace: executing task '99' (transaction ID: 6894)
[DW] bdMarketplace: executing task '99' (transaction ID: 6895)
[DW] bdMarketplace: executing task '99' (transaction ID: 6896)
[DW] bdMarketplace: executing task '99' (transaction ID: 6897)
[DW] bdMarketplace: executing task '99' (transaction ID: 6898)
[DW] bdMarketplace: executing task '99' (transaction ID: 6899)
[DW] bdMarketplace: executing task '99' (transaction ID: 6900)
[DW] bdMarketplace: executing task '99' (transaction ID: 6901)
[DW] bdMarketplace: executing task '99' (transaction ID: 6902)
[DW] bdMarketplace: executing task '99' (transaction ID: 6903)
[DW] bdMarketplace: executing task '99' (transaction ID: 6904)
[DW] bdMarketplace: executing task '99' (transaction ID: 6905)
[DW] bdMarketplace: executing task '99' (transaction ID: 6906)
[DW] bdMarketplace: executing task '99' (transaction ID: 6907)
[DW] bdMarketplace: executing task '99' (transaction ID: 6908)
[DW] bdMarketplace: executing task '99' (transaction ID: 6909)
[DW] bdMarketplace: executing task '99' (transaction ID: 6910)
[DW] bdMarketplace: executing task '99' (transaction ID: 6911)
[DW] bdMarketplace: executing task '99' (transaction ID: 6912)
[DW] bdMarketplace: executing task '99' (transaction ID: 6913)
[DW] bdMarketplace: executing task '99' (transaction ID: 6914)
[DW] bdMarketplace: executing task '99' (transaction ID: 6915)
[DW] bdMarketplace: executing task '99' (transaction ID: 6916)
[DW] bdMarketplace: executing task '99' (transaction ID: 6917)
[DW] bdMarketplace: executing task '99' (transaction ID: 6918)
[DW] bdMarketplace: executing task '99' (transaction ID: 6919)
[DW] bdMarketplace: executing task '99' (transaction ID: 6920)
[DW] bdMarketplace: executing task '99' (transaction ID: 6921)
[DW] bdMarketplace: executing task '99' (transaction ID: 6922)
[DW] bdMarketplace: executing task '99' (transaction ID: 6923)
[DW] bdMarketplace: executing task '99' (transaction ID: 6924)
[DW] bdMarketplace: executing task '99' (transaction ID: 6925)
[DW] bdMarketplace: executing task '99' (transaction ID: 6926)
[DW] bdMarketplace: executing task '99' (transaction ID: 6927)
[DW] bdMarketplace: executing task '99' (transaction ID: 6928)
[DW] bdMarketplace: executing task '99' (transaction ID: 6929)
[DW] bdMarketplace: executing task '99' (transaction ID: 6930)
[DW] bdMarketplace: executing task '99' (transaction ID: 6931)
[DW] bdMarketplace: executing task '99' (transaction ID: 6932)
[DW] bdMarketplace: executing task '99' (transaction ID: 6933)
[DW] bdMarketplace: executing task '99' (transaction ID: 6934)
[DW] bdMarketplace: executing task '99' (transaction ID: 6935)
[DW] bdMarketplace: executing task '99' (transaction ID: 6936)
[DW] bdMarketplace: executing task '99' (transaction ID: 6937)
[DW] bdMarketplace: executing task '99' (transaction ID: 6938)
[DW] bdMarketplace: executing task '99' (transaction ID: 6939)
[DW] bdMarketplace: executing task '99' (transaction ID: 6940)
[DW] bdMarketplace: executing task '99' (transaction ID: 6941)
[DW] bdMarketplace: executing task '99' (transaction ID: 6942)
[DW] bdMarketplace: executing task '99' (transaction ID: 6943)
[DW] bdMarketplace: executing task '99' (transaction ID: 6944)
[DW] bdMarketplace: executing task '99' (transaction ID: 6945)
[DW] bdMarketplace: executing task '99' (transaction ID: 6946)
[DW] bdMarketplace: executing task '99' (transaction ID: 6947)
[DW] bdMarketplace: executing task '99' (transaction ID: 6948)
[DW] bdMarketplace: executing task '99' (transaction ID: 6949)
[DW] bdMarketplace: executing task '99' (transaction ID: 6950)
[DW] bdMarketplace: executing task '99' (transaction ID: 6951)
[DW] bdMarketplace: executing task '99' (transaction ID: 6952)
[DW] bdMarketplace: executing task '99' (transaction ID: 6953)
[DW] bdMarketplace: executing task '99' (transaction ID: 6954)
[DW] bdMarketplace: executing task '99' (transaction ID: 6955)
[DW] bdMarketplace: executing task '99' (transaction ID: 6956)
[DW] bdMarketplace: executing task '99' (transaction ID: 6957)
[DW] bdMarketplace: executing task '99' (transaction ID: 6958)
[DW] bdMarketplace: executing task '99' (transaction ID: 6959)
[DW] bdMarketplace: executing task '99' (transaction ID: 6960)
[DW] bdMarketplace: executing task '99' (transaction ID: 6961)
[DW] bdMarketplace: executing task '99' (transaction ID: 6962)
[DW] bdMarketplace: executing task '99' (transaction ID: 6963)
[DW] bdMarketplace: executing task '99' (transaction ID: 6964)
[DW] bdMarketplace: executing task '99' (transaction ID: 6965)
[DW] bdMarketplace: executing task '99' (transaction ID: 6966)
[DW] bdMarketplace: executing task '99' (transaction ID: 6967)
[DW] bdMarketplace: executing task '99' (transaction ID: 6968)
[DW] bdMarketplace: executing task '99' (transaction ID: 6969)
[DW] bdMarketplace: executing task '99' (transaction ID: 6970)
[DW] bdMarketplace: executing task '99' (transaction ID: 6971)
[DW] bdMarketplace: executing task '99' (transaction ID: 6972)
[DW] bdMarketplace: executing task '99' (transaction ID: 6973)
[DW] bdMarketplace: executing task '99' (transaction ID: 6974)
[DW] bdMarketplace: executing task '99' (transaction ID: 6975)
[DW] bdMarketplace: executing task '99' (transaction ID: 6976)
[DW] bdMarketplace: executing task '99' (transaction ID: 6977)
[DW] bdMarketplace: executing task '99' (transaction ID: 6978)
[DW] bdMarketplace: executing task '99' (transaction ID: 6979)
[DW] bdMarketplace: executing task '99' (transaction ID: 6980)
[DW] bdMarketplace: executing task '99' (transaction ID: 6981)
[DW] bdMarketplace: executing task '99' (transaction ID: 6982)
[DW] bdMarketplace: executing task '99' (transaction ID: 6983)
[DW] bdMarketplace: executing task '99' (transaction ID: 6984)
[DW] bdMarketplace: executing task '99' (transaction ID: 6985)
[DW] bdReward: executing task '12' (transaction ID: 6986)
[HQ protocol] reward_12: 136 raw bytes at s2x/dump/dw/hq_reward_12_25248_96.bin
[HQ event] picked_up_payroll (picked_up_payroll), timestamp 1789272049000000, 2 parameters
  1=1
  2=0
[HQ event] picked_up_payroll (picked_up_payroll), timestamp 1789272064000000, 2 parameters
  1=1
  2=0
[DW] bdMarketplace: executing task '99' (transaction ID: 6987)
[DW] bdMarketplace: executing task '99' (transaction ID: 6988)
[DW] bdMarketplace: executing task '99' (transaction ID: 6989)
[DW] bdMarketplace: executing task '99' (transaction ID: 6990)
[DW] bdMarketplace: executing task '99' (transaction ID: 6991)
[DW] bdMarketplace: executing task '99' (transaction ID: 6992)
[DW] bdMarketplace: executing task '99' (transaction ID: 6993)
[DW] bdMarketplace: executing task '99' (transaction ID: 6994)
[DW] bdMarketplace: executing task '99' (transaction ID: 6995)
[DW] bdMarketplace: executing task '99' (transaction ID: 6996)
[DW] bdMarketplace: executing task '99' (transaction ID: 6997)
[DW] bdMarketplace: executing task '99' (transaction ID: 6998)
[DW] bdMarketplace: executing task '99' (transaction ID: 6999)
[DW] bdMarketplace: executing task '99' (transaction ID: 7000)
[DW] bdMarketplace: executing task '99' (transaction ID: 7001)
[DW] bdMarketplace: executing task '99' (transaction ID: 7002)
[DW] bdMarketplace: executing task '99' (transaction ID: 7003)
[DW] bdMarketplace: executing task '99' (transaction ID: 7004)
[DW] bdMarketplace: executing task '99' (transaction ID: 7005)
[DW] bdMarketplace: executing task '99' (transaction ID: 7006)
[DW] bdMarketplace: executing task '99' (transaction ID: 7007)
[DW] bdMarketplace: executing task '99' (transaction ID: 7008)
[DW] bdMarketplace: executing task '99' (transaction ID: 7009)
[DW] bdMarketplace: executing task '99' (transaction ID: 7010)
[DW] bdMarketplace: executing task '99' (transaction ID: 7011)
[DW] bdMarketplace: executing task '99' (transaction ID: 7012)
[DW] bdMarketplace: executing task '99' (transaction ID: 7013)
[DW] bdMarketplace: executing task '99' (transaction ID: 7014)
[DW] bdMarketplace: executing task '99' (transaction ID: 7015)
[DW] bdMarketplace: executing task '99' (transaction ID: 7016)
[DW] bdMarketplace: executing task '99' (transaction ID: 7017)
[DW] bdMarketplace: executing task '99' (transaction ID: 7018)
[DW] bdMarketplace: executing task '99' (transaction ID: 7019)
[DW] bdMarketplace: executing task '99' (transaction ID: 7020)
[DW] bdMarketplace: executing task '99' (transaction ID: 7021)
[DW] bdMarketplace: executing task '99' (transaction ID: 7022)
[DW] bdMarketplace: executing task '99' (transaction ID: 7023)
[DW] bdMarketplace: executing task '99' (transaction ID: 7024)
[DW] bdMarketplace: executing task '99' (transaction ID: 7025)
[DW] bdMarketplace: executing task '99' (transaction ID: 7026)
[DW] bdMarketplace: executing task '99' (transaction ID: 7027)
[DW] bdMarketplace: executing task '99' (transaction ID: 7028)
[DW] bdMarketplace: executing task '99' (transaction ID: 7029)
[DW] bdMarketplace: executing task '99' (transaction ID: 7030)
[DW] bdMarketplace: executing task '99' (transaction ID: 7031)
[DW] bdMarketplace: executing task '99' (transaction ID: 7032)
[DW] bdMarketplace: executing task '99' (transaction ID: 7033)
[DW] bdMarketplace: executing task '99' (transaction ID: 7034)
[DW] bdMarketplace: executing task '99' (transaction ID: 7035)
[DW] bdMarketplace: executing task '99' (transaction ID: 7036)
[DW] bdMarketplace: executing task '99' (transaction ID: 7037)
[DW] bdMarketplace: executing task '99' (transaction ID: 7038)
[DW] bdMarketplace: executing task '99' (transaction ID: 7039)
[DW] bdMarketplace: executing task '99' (transaction ID: 7040)
[DW] bdMarketplace: executing task '99' (transaction ID: 7041)
[DW] bdMarketplace: executing task '99' (transaction ID: 7042)
[DW] bdMarketplace: executing task '99' (transaction ID: 7043)
[DW] bdMarketplace: executing task '99' (transaction ID: 7044)
[DW] bdMarketplace: executing task '99' (transaction ID: 7045)
[DW] bdMarketplace: executing task '99' (transaction ID: 7046)
[DW] bdMarketplace: executing task '99' (transaction ID: 7047)
[DW] bdMarketplace: executing task '99' (transaction ID: 7048)
[DW] bdMarketplace: executing task '99' (transaction ID: 7049)
[DW] bdMarketplace: executing task '99' (transaction ID: 7050)
[DW] bdMarketplace: executing task '99' (transaction ID: 7051)
[DW] bdMarketplace: executing task '99' (transaction ID: 7052)
[DW] bdMarketplace: executing task '99' (transaction ID: 7053)
[DW] bdMarketplace: executing task '99' (transaction ID: 7054)
[DW] bdMarketplace: executing task '99' (transaction ID: 7055)
[DW] bdMarketplace: executing task '99' (transaction ID: 7056)
[DW] bdMarketplace: executing task '99' (transaction ID: 7057)
[DW] bdMarketplace: executing task '99' (transaction ID: 7058)
[DW] bdMarketplace: executing task '99' (transaction ID: 7059)
[DW] bdMarketplace: executing task '99' (transaction ID: 7060)
[DW] bdMarketplace: executing task '99' (transaction ID: 7061)
[DW] bdMarketplace: executing task '99' (transaction ID: 7062)
[DW] bdMarketplace: executing task '99' (transaction ID: 7063)
[DW] bdMarketplace: executing task '99' (transaction ID: 7064)
[DW] bdRichPresence: executing task '2' (transaction ID: 7065)
[DW] bdMarketplace: executing task '99' (transaction ID: 7066)
[DW] bdMarketplace: executing task '99' (transaction ID: 7067)
[DW] bdMarketplace: executing task '99' (transaction ID: 7068)
[DW] bdMarketplace: executing task '99' (transaction ID: 7069)
[DW] bdMarketplace: executing task '99' (transaction ID: 7070)
[DW] bdMarketplace: executing task '99' (transaction ID: 7071)
[DW] bdMarketplace: executing task '99' (transaction ID: 7072)
[DW] bdMarketplace: executing task '99' (transaction ID: 7073)
[DW] bdMarketplace: executing task '99' (transaction ID: 7074)
[DW] bdMarketplace: executing task '99' (transaction ID: 7075)
[DW] bdMarketplace: executing task '99' (transaction ID: 7076)
[DW] bdMarketplace: executing task '99' (transaction ID: 7077)
[DW] bdMarketplace: executing task '99' (transaction ID: 7078)
[DW] bdMarketplace: executing task '99' (transaction ID: 7079)
[DW] bdMarketplace: executing task '99' (transaction ID: 7080)
[DW] bdMarketplace: executing task '99' (transaction ID: 7081)
[DW] bdMarketplace: executing task '99' (transaction ID: 7082)
[DW] bdMarketplace: executing task '99' (transaction ID: 7083)
[DW] bdMarketplace: executing task '99' (transaction ID: 7084)
[DW] bdMarketplace: executing task '99' (transaction ID: 7085)
[DW] bdMarketplace: executing task '99' (transaction ID: 7086)
[DW] bdMarketplace: executing task '99' (transaction ID: 7087)
[DW] bdMarketplace: executing task '99' (transaction ID: 7088)
[DW] bdMarketplace: executing task '99' (transaction ID: 7089)
[DW] bdMarketplace: executing task '99' (transaction ID: 7090)
[DW] bdMarketplace: executing task '99' (transaction ID: 7091)
[DW] bdMarketplace: executing task '99' (transaction ID: 7092)
[DW] bdMarketplace: executing task '99' (transaction ID: 7093)
[DW] bdMarketplace: executing task '99' (transaction ID: 7094)
[DW] bdMarketplace: executing task '99' (transaction ID: 7095)
[DW] bdMarketplace: executing task '99' (transaction ID: 7096)
[DW] bdMarketplace: executing task '99' (transaction ID: 7097)
[DW] bdMarketplace: executing task '99' (transaction ID: 7098)
[DW] bdMarketplace: executing task '99' (transaction ID: 7099)
[DW] bdMarketplace: executing task '99' (transaction ID: 7100)
[DW] bdMarketplace: executing task '99' (transaction ID: 7101)
[DW] bdMarketplace: executing task '99' (transaction ID: 7102)
[DW] bdMarketplace: executing task '99' (transaction ID: 7103)
[DW] bdMarketplace: executing task '99' (transaction ID: 7104)
[DW] bdMarketplace: executing task '99' (transaction ID: 7105)
[DW] bdMarketplace: executing task '99' (transaction ID: 7106)
[DW] bdReward: executing task '11' (transaction ID: 7107)
[HQ event] enter_hub (enter_hub), timestamp 1789272014000000, 1 parameters
  1=1
[DW] bdMarketplace: executing task '99' (transaction ID: 7108)
[DW] bdMarketplace: executing task '99' (transaction ID: 7109)
[DW] bdMarketplace: executing task '99' (transaction ID: 7110)
[DW] bdMarketplace: executing task '99' (transaction ID: 7111)
[DW] bdMarketplace: executing task '99' (transaction ID: 7112)
[DW] bdMarketplace: executing task '99' (transaction ID: 7113)
[DW] bdMarketplace: executing task '99' (transaction ID: 7114)
[DW] bdMarketplace: executing task '99' (transaction ID: 7115)
[DW] bdMarketplace: executing task '99' (transaction ID: 7116)
[DW] bdMarketplace: executing task '99' (transaction ID: 7117)
[DW] bdMarketplace: executing task '99' (transaction ID: 7118)
[DW] bdMarketplace: executing task '99' (transaction ID: 7119)
[DW] bdMarketplace: executing task '99' (transaction ID: 7120)
[DW] bdMarketplace: executing task '99' (transaction ID: 7121)
[DW] bdMarketplace: executing task '99' (transaction ID: 7122)
[DW] bdMarketplace: executing task '99' (transaction ID: 7123)
[DW] bdMarketplace: executing task '99' (transaction ID: 7124)
[DW] bdMarketplace: executing task '99' (transaction ID: 7125)
[DW] bdMarketplace: executing task '99' (transaction ID: 7126)
[DW] bdMarketplace: executing task '99' (transaction ID: 7127)
[DW] bdMarketplace: executing task '99' (transaction ID: 7128)
[DW] bdMarketplace: executing task '99' (transaction ID: 7129)
[DW] bdMarketplace: executing task '99' (transaction ID: 7130)
[DW] bdMarketplace: executing task '99' (transaction ID: 7131)
[DW] bdMarketplace: executing task '99' (transaction ID: 7132)
[DW] bdMarketplace: executing task '99' (transaction ID: 7133)
[DW] bdMarketplace: executing task '99' (transaction ID: 7134)
[DW] bdMarketplace: executing task '99' (transaction ID: 7135)
[DW] bdMarketplace: executing task '99' (transaction ID: 7136)
[DW] bdMarketplace: executing task '99' (transaction ID: 7137)
[DW] bdMarketplace: executing task '99' (transaction ID: 7138)
[DW] bdMarketplace: executing task '99' (transaction ID: 7139)
[DW] bdMarketplace: executing task '99' (transaction ID: 7140)
[DW] bdMarketplace: executing task '99' (transaction ID: 7141)
[DW] bdMarketplace: executing task '99' (transaction ID: 7142)
[DW] bdMarketplace: executing task '99' (transaction ID: 7143)
[DW] bdMarketplace: executing task '99' (transaction ID: 7144)
[DW] bdMarketplace: executing task '99' (transaction ID: 7145)
[DW] bdMarketplace: executing task '99' (transaction ID: 7146)
[DW] bdMarketplace: executing task '99' (transaction ID: 7147)
[DW] bdMarketplace: executing task '99' (transaction ID: 7148)
[DW] bdMarketplace: executing task '99' (transaction ID: 7149)
[DW] bdMarketplace: executing task '99' (transaction ID: 7150)
[DW] bdMarketplace: executing task '99' (transaction ID: 7151)
[DW] bdMarketplace: executing task '99' (transaction ID: 7152)
[DW] bdMarketplace: executing task '99' (transaction ID: 7153)
[DW] bdMarketplace: executing task '99' (transaction ID: 7154)
[DW] bdMarketplace: executing task '99' (transaction ID: 7155)
[DW] bdMarketplace: executing task '99' (transaction ID: 7156)
[DW] bdMarketplace: executing task '99' (transaction ID: 7157)
[DW] bdMarketplace: executing task '99' (transaction ID: 7158)
[DW] bdMarketplace: executing task '99' (transaction ID: 7159)
[DW] bdMarketplace: executing task '99' (transaction ID: 7160)
[DW] bdMarketplace: executing task '99' (transaction ID: 7161)
[DW] bdMarketplace: executing task '99' (transaction ID: 7162)
[DW] bdMarketplace: executing task '99' (transaction ID: 7163)
[DW] bdMarketplace: executing task '99' (transaction ID: 7164)
[DW] bdMarketplace: executing task '99' (transaction ID: 7165)
[DW] bdMarketplace: executing task '99' (transaction ID: 7166)
[DW] bdMarketplace: executing task '99' (transaction ID: 7167)
[DW] bdMarketplace: executing task '99' (transaction ID: 7168)
[DW] bdMarketplace: executing task '99' (transaction ID: 7169)
[DW] bdMarketplace: executing task '99' (transaction ID: 7170)
[DW] bdMarketplace: executing task '99' (transaction ID: 7171)
[DW] bdMarketplace: executing task '99' (transaction ID: 7172)
[DW] bdMarketplace: executing task '99' (transaction ID: 7173)
[DW] bdMarketplace: executing task '99' (transaction ID: 7174)
[DW] bdMarketplace: executing task '99' (transaction ID: 7175)
[DW] bdMarketplace: executing task '99' (transaction ID: 7176)
[DW] bdMarketplace: executing task '99' (transaction ID: 7177)
[DW] bdMarketplace: executing task '99' (transaction ID: 7178)
[DW] bdMarketplace: executing task '99' (transaction ID: 7179)
[DW] bdMarketplace: executing task '99' (transaction ID: 7180)
[DW] bdMarketplace: executing task '99' (transaction ID: 7181)
[DW] bdMarketplace: executing task '99' (transaction ID: 7182)
[DW] bdMarketplace: executing task '99' (transaction ID: 7183)
[DW] bdMarketplace: executing task '99' (transaction ID: 7184)
[DW] bdMarketplace: executing task '99' (transaction ID: 7185)
[DW] bdMarketplace: executing task '99' (transaction ID: 7186)
[DW] bdMarketplace: executing task '99' (transaction ID: 7187)
[DW] bdMarketplace: executing task '99' (transaction ID: 7188)
[DW] bdMarketplace: executing task '99' (transaction ID: 7189)
[DW] bdMarketplace: executing task '99' (transaction ID: 7190)
[DW] bdMarketplace: executing task '99' (transaction ID: 7191)
[DW] bdMarketplace: executing task '99' (transaction ID: 7192)
[DW] bdMarketplace: executing task '99' (transaction ID: 7193)
[DW] bdMarketplace: executing task '99' (transaction ID: 7194)
[DW] bdMarketplace: executing task '99' (transaction ID: 7195)
[DW] bdMarketplace: executing task '99' (transaction ID: 7196)
[DW] bdMarketplace: executing task '99' (transaction ID: 7197)
[DW] bdMarketplace: executing task '99' (transaction ID: 7198)
[DW] bdMarketplace: executing task '99' (transaction ID: 7199)
[DW] bdMarketplace: executing task '99' (transaction ID: 7200)
[DW] bdMarketplace: executing task '99' (transaction ID: 7201)
[DW] bdMarketplace: executing task '99' (transaction ID: 7202)
[DW] bdMarketplace: executing task '99' (transaction ID: 7203)
[DW] bdMarketplace: executing task '99' (transaction ID: 7204)
[DW] bdMarketplace: executing task '99' (transaction ID: 7205)
[DW] bdMarketplace: executing task '99' (transaction ID: 7206)
[DW] bdMarketplace: executing task '99' (transaction ID: 7207)
[DW] bdMarketplace: executing task '99' (transaction ID: 7208)
[DW] bdMarketplace: executing task '99' (transaction ID: 7209)
[DW] bdMarketplace: executing task '99' (transaction ID: 7210)
[DW] bdMarketplace: executing task '99' (transaction ID: 7211)
[DW] bdMarketplace: executing task '99' (transaction ID: 7212)
[DW] bdMarketplace: executing task '99' (transaction ID: 7213)
[DW] bdMarketplace: executing task '99' (transaction ID: 7214)
[DW] bdMarketplace: executing task '99' (transaction ID: 7215)
[DW] bdMarketplace: executing task '99' (transaction ID: 7216)
[DW] bdMarketplace: executing task '99' (transaction ID: 7217)
[DW] bdMarketplace: executing task '99' (transaction ID: 7218)
[DW] bdMarketplace: executing task '99' (transaction ID: 7219)
[DW] bdMarketplace: executing task '99' (transaction ID: 7220)
[DW] bdMarketplace: executing task '99' (transaction ID: 7221)
[DW] bdMarketplace: executing task '99' (transaction ID: 7222)
[DW] bdMarketplace: executing task '99' (transaction ID: 7223)
[DW] bdMarketplace: executing task '99' (transaction ID: 7224)
[DW] bdMarketplace: executing task '99' (transaction ID: 7225)
[DW] bdMarketplace: executing task '99' (transaction ID: 7226)
[DW] bdMatchMaking: executing task '2' (transaction ID: 7227)
[DW] bdMarketplace: executing task '99' (transaction ID: 7228)
[DW] bdMarketplace: executing task '99' (transaction ID: 7229)
[DW] bdMarketplace: executing task '99' (transaction ID: 7230)
[DW] bdMarketplace: executing task '99' (transaction ID: 7231)
[DW] bdMarketplace: executing task '99' (transaction ID: 7232)
[DW] bdMarketplace: executing task '99' (transaction ID: 7233)
[DW] bdMarketplace: executing task '99' (transaction ID: 7234)
[DW] bdMarketplace: executing task '99' (transaction ID: 7235)
[DW] bdMarketplace: executing task '99' (transaction ID: 7236)
[DW] bdMarketplace: executing task '99' (transaction ID: 7237)
[DW] bdMarketplace: executing task '99' (transaction ID: 7238)
[DW] bdMarketplace: executing task '99' (transaction ID: 7239)
[DW] bdMarketplace: executing task '99' (transaction ID: 7240)
[DW] bdMarketplace: executing task '99' (transaction ID: 7241)
[DW] bdMarketplace: executing task '99' (transaction ID: 7242)
[DW] bdMarketplace: executing task '99' (transaction ID: 7243)
[DW] bdMarketplace: executing task '99' (transaction ID: 7244)
[DW] bdMarketplace: executing task '99' (transaction ID: 7245)
[DW] bdMarketplace: executing task '99' (transaction ID: 7246)
[DW] bdMarketplace: executing task '99' (transaction ID: 7247)
[DW] bdMarketplace: executing task '99' (transaction ID: 7248)
[DW] bdMarketplace: executing task '99' (transaction ID: 7249)
[DW] bdMarketplace: executing task '99' (transaction ID: 7250)
[DW] bdMarketplace: executing task '99' (transaction ID: 7251)
[DW] bdMarketplace: executing task '99' (transaction ID: 7252)
[DW] bdMarketplace: executing task '99' (transaction ID: 7253)
[DW] bdMarketplace: executing task '99' (transaction ID: 7254)
[DW] bdMarketplace: executing task '99' (transaction ID: 7255)
[DW] bdMarketplace: executing task '99' (transaction ID: 7256)
[DW] bdMarketplace: executing task '99' (transaction ID: 7257)
[DW] bdMarketplace: executing task '99' (transaction ID: 7258)
[DW] bdMarketplace: executing task '99' (transaction ID: 7259)
[DW] bdMarketplace: executing task '99' (transaction ID: 7260)
[DW] bdMarketplace: executing task '99' (transaction ID: 7261)
[DW] bdMarketplace: executing task '99' (transaction ID: 7262)
[DW] bdMarketplace: executing task '99' (transaction ID: 7263)
[DW] bdMarketplace: executing task '99' (transaction ID: 7264)
[DW] bdMarketplace: executing task '99' (transaction ID: 7265)
[DW] bdMarketplace: executing task '99' (transaction ID: 7266)
[DW] bdMarketplace: executing task '99' (transaction ID: 7267)
[DW] bdMarketplace: executing task '99' (transaction ID: 7268)
[DW] bdMarketplace: executing task '99' (transaction ID: 7269)
[DW] bdMarketplace: executing task '99' (transaction ID: 7270)
[DW] bdMarketplace: executing task '99' (transaction ID: 7271)
[DW] bdMarketplace: executing task '99' (transaction ID: 7272)
[DW] bdMarketplace: executing task '99' (transaction ID: 7273)
[DW] bdMarketplace: executing task '99' (transaction ID: 7274)
[DW] bdMarketplace: executing task '99' (transaction ID: 7275)
[DW] bdMarketplace: executing task '99' (transaction ID: 7276)
[DW] bdMarketplace: executing task '99' (transaction ID: 7277)
[DW] bdMarketplace: executing task '99' (transaction ID: 7278)
[DW] bdMarketplace: executing task '99' (transaction ID: 7279)
[DW] bdMarketplace: executing task '99' (transaction ID: 7280)
[DW] bdMarketplace: executing task '99' (transaction ID: 7281)
[DW] bdMarketplace: executing task '99' (transaction ID: 7282)
[DW] bdMarketplace: executing task '99' (transaction ID: 7283)
[DW] bdMarketplace: executing task '99' (transaction ID: 7284)
[DW] bdMarketplace: executing task '99' (transaction ID: 7285)
[DW] bdMarketplace: executing task '99' (transaction ID: 7286)
[DW] bdMarketplace: executing task '99' (transaction ID: 7287)
[DW] bdMarketplace: executing task '99' (transaction ID: 7288)
[DW] bdMarketplace: executing task '99' (transaction ID: 7289)
[DW] bdMarketplace: executing task '99' (transaction ID: 7290)
[DW] bdMarketplace: executing task '99' (transaction ID: 7291)
[DW] bdMarketplace: executing task '99' (transaction ID: 7292)
[DW] bdMarketplace: executing task '99' (transaction ID: 7293)
[DW] bdMarketplace: executing task '99' (transaction ID: 7294)
[DW] bdMarketplace: executing task '99' (transaction ID: 7295)
[DW] bdMarketplace: executing task '99' (transaction ID: 7296)
[DW] bdMarketplace: executing task '99' (transaction ID: 7297)
[DW] bdMarketplace: executing task '99' (transaction ID: 7298)
[DW] bdMarketplace: executing task '99' (transaction ID: 7299)
[DW] bdMarketplace: executing task '99' (transaction ID: 7300)
[DW] bdMarketplace: executing task '99' (transaction ID: 7301)
[DW] bdMarketplace: executing task '99' (transaction ID: 7302)
[DW] bdMarketplace: executing task '99' (transaction ID: 7303)
[DW] bdMarketplace: executing task '99' (transaction ID: 7304)
[DW] bdMarketplace: executing task '99' (transaction ID: 7305)
[DW] bdMarketplace: executing task '99' (transaction ID: 7306)
[DW] bdMarketplace: executing task '99' (transaction ID: 7307)
[DW] bdMarketplace: executing task '99' (transaction ID: 7308)
[DW] bdMarketplace: executing task '99' (transaction ID: 7309)
[DW] bdMarketplace: executing task '99' (transaction ID: 7310)
[DW] bdMarketplace: executing task '99' (transaction ID: 7311)
[DW] bdMarketplace: executing task '99' (transaction ID: 7312)
[DW] bdMarketplace: executing task '99' (transaction ID: 7313)
[DW] bdMarketplace: executing task '99' (transaction ID: 7314)
[DW] bdMarketplace: executing task '99' (transaction ID: 7315)
[DW] bdMarketplace: executing task '99' (transaction ID: 7316)
[DW] bdMarketplace: executing task '99' (transaction ID: 7317)
[DW] bdMarketplace: executing task '99' (transaction ID: 7318)
[DW] bdMarketplace: executing task '99' (transaction ID: 7319)
[DW] bdMarketplace: executing task '99' (transaction ID: 7320)
[DW] bdMarketplace: executing task '99' (transaction ID: 7321)
[DW] bdMarketplace: executing task '99' (transaction ID: 7322)
[DW] bdMarketplace: executing task '99' (transaction ID: 7323)
[DW] bdMarketplace: executing task '99' (transaction ID: 7324)
[DW] bdMarketplace: executing task '99' (transaction ID: 7325)
[DW] bdMarketplace: executing task '99' (transaction ID: 7326)
[DW] bdMarketplace: executing task '99' (transaction ID: 7327)
[DW] bdMarketplace: executing task '99' (transaction ID: 7328)
[DW] bdMarketplace: executing task '99' (transaction ID: 7329)
[DW] bdMarketplace: executing task '99' (transaction ID: 7330)
[DW] bdMarketplace: executing task '99' (transaction ID: 7331)
[DW] bdMarketplace: executing task '99' (transaction ID: 7332)
[DW] bdMarketplace: executing task '99' (transaction ID: 7333)
[DW] bdMarketplace: executing task '99' (transaction ID: 7334)
[DW] bdMarketplace: executing task '99' (transaction ID: 7335)
[DW] bdMarketplace: executing task '99' (transaction ID: 7336)
[DW] bdMarketplace: executing task '99' (transaction ID: 7337)
[DW] bdMarketplace: executing task '99' (transaction ID: 7338)
[DW] bdMarketplace: executing task '99' (transaction ID: 7339)
[DW] bdMarketplace: executing task '99' (transaction ID: 7340)
[DW] bdMarketplace: executing task '99' (transaction ID: 7341)
[DW] bdMarketplace: executing task '99' (transaction ID: 7342)
[DW] bdMarketplace: executing task '99' (transaction ID: 7343)
[DW] bdMarketplace: executing task '99' (transaction ID: 7344)
[DW] bdMarketplace: executing task '99' (transaction ID: 7345)
[DW] bdMarketplace: executing task '99' (transaction ID: 7346)
[DW] bdMarketplace: executing task '99' (transaction ID: 7347)
[DW] bdMarketplace: executing task '99' (transaction ID: 7348)
[DW] bdMarketplace: executing task '99' (transaction ID: 7349)
[DW] bdMarketplace: executing task '99' (transaction ID: 7350)
[DW] bdMarketplace: executing task '99' (transaction ID: 7351)
[DW] bdMarketplace: executing task '99' (transaction ID: 7352)
[DW] bdMarketplace: executing task '99' (transaction ID: 7353)
[DW] bdMarketplace: executing task '99' (transaction ID: 7354)
[DW] bdMarketplace: executing task '99' (transaction ID: 7355)
[DW] bdMarketplace: executing task '99' (transaction ID: 7356)
[DW] bdMarketplace: executing task '99' (transaction ID: 7357)
[DW] bdMarketplace: executing task '99' (transaction ID: 7358)
[DW] bdMarketplace: executing task '99' (transaction ID: 7359)
[DW] bdMarketplace: executing task '99' (transaction ID: 7360)
[DW] bdMarketplace: executing task '99' (transaction ID: 7361)
[DW] bdMarketplace: executing task '99' (transaction ID: 7362)
[DW] bdMarketplace: executing task '99' (transaction ID: 7363)
[DW] bdMarketplace: executing task '99' (transaction ID: 7364)
[DW] bdMarketplace: executing task '99' (transaction ID: 7365)
[DW] bdMarketplace: executing task '99' (transaction ID: 7366)
[DW] bdMarketplace: executing task '99' (transaction ID: 7367)
[DW] bdMarketplace: executing task '99' (transaction ID: 7368)
[DW] bdMarketplace: executing task '99' (transaction ID: 7369)
[DW] bdMarketplace: executing task '99' (transaction ID: 7370)
[DW] bdMarketplace: executing task '99' (transaction ID: 7371)
[DW] bdMarketplace: executing task '99' (transaction ID: 7372)
[DW] bdMarketplace: executing task '99' (transaction ID: 7373)
[DW] bdMarketplace: executing task '99' (transaction ID: 7374)
[DW] bdMarketplace: executing task '99' (transaction ID: 7375)
[DW] bdMarketplace: executing task '99' (transaction ID: 7376)
[DW] bdMarketplace: executing task '99' (transaction ID: 7377)
[DW] bdMarketplace: executing task '99' (transaction ID: 7378)
[DW] bdMarketplace: executing task '99' (transaction ID: 7379)
[DW] bdMarketplace: executing task '99' (transaction ID: 7380)
[DW] bdMarketplace: executing task '99' (transaction ID: 7381)
[DW] bdMarketplace: executing task '99' (transaction ID: 7382)
[DW] bdMarketplace: executing task '99' (transaction ID: 7383)
[DW] bdMarketplace: executing task '99' (transaction ID: 7384)
[DW] bdMarketplace: executing task '99' (transaction ID: 7385)
[DW] bdMarketplace: executing task '99' (transaction ID: 7386)
[DW] bdMarketplace: executing task '99' (transaction ID: 7387)
[DW] bdMarketplace: executing task '99' (transaction ID: 7388)
[DW] bdMarketplace: executing task '99' (transaction ID: 7389)
[DW] bdMarketplace: executing task '99' (transaction ID: 7390)
[DW] bdMarketplace: executing task '99' (transaction ID: 7391)
[DW] bdMarketplace: executing task '99' (transaction ID: 7392)
[DW] bdMarketplace: executing task '99' (transaction ID: 7393)
[DW] bdMarketplace: executing task '99' (transaction ID: 7394)
[DW] bdMarketplace: executing task '99' (transaction ID: 7395)
[DW] bdMarketplace: executing task '99' (transaction ID: 7396)
[DW] bdMarketplace: executing task '99' (transaction ID: 7397)
[DW] bdMarketplace: executing task '99' (transaction ID: 7398)
[DW] bdMarketplace: executing task '99' (transaction ID: 7399)
[DW] bdMarketplace: executing task '99' (transaction ID: 7400)
[DW] bdMarketplace: executing task '99' (transaction ID: 7401)
[DW] bdMarketplace: executing task '99' (transaction ID: 7402)
[DW] bdMarketplace: executing task '99' (transaction ID: 7403)
[DW] bdMarketplace: executing task '99' (transaction ID: 7404)
[DW] bdMarketplace: executing task '99' (transaction ID: 7405)
[DW] bdMarketplace: executing task '99' (transaction ID: 7406)
[DW] bdMarketplace: executing task '99' (transaction ID: 7407)
[DW] bdMarketplace: executing task '99' (transaction ID: 7408)
[DW] bdMarketplace: executing task '99' (transaction ID: 7409)
[DW] bdMarketplace: executing task '99' (transaction ID: 7410)
[DW] bdMarketplace: executing task '99' (transaction ID: 7411)
[DW] bdMarketplace: executing task '99' (transaction ID: 7412)
[DW] bdMarketplace: executing task '99' (transaction ID: 7413)
[DW] bdMarketplace: executing task '99' (transaction ID: 7414)
[DW] bdMarketplace: executing task '99' (transaction ID: 7415)
[DW] bdMarketplace: executing task '99' (transaction ID: 7416)
[DW] bdMarketplace: executing task '99' (transaction ID: 7417)
[DW] bdMarketplace: executing task '99' (transaction ID: 7418)
[DW] bdMarketplace: executing task '99' (transaction ID: 7419)
[DW] bdMarketplace: executing task '99' (transaction ID: 7420)
[DW] bdMarketplace: executing task '99' (transaction ID: 7421)
[DW] bdMarketplace: executing task '99' (transaction ID: 7422)
[DW] bdMarketplace: executing task '99' (transaction ID: 7423)
[DW] bdMarketplace: executing task '99' (transaction ID: 7424)
[DW] bdMarketplace: executing task '99' (transaction ID: 7425)
[DW] bdMarketplace: executing task '99' (transaction ID: 7426)
[DW] bdMarketplace: executing task '99' (transaction ID: 7427)
[DW] bdMarketplace: executing task '99' (transaction ID: 7428)
[DW] bdMarketplace: executing task '99' (transaction ID: 7429)
[DW] bdMarketplace: executing task '99' (transaction ID: 7430)
[DW] bdMarketplace: executing task '99' (transaction ID: 7431)
[DW] bdMarketplace: executing task '99' (transaction ID: 7432)
[DW] bdMarketplace: executing task '99' (transaction ID: 7433)
[DW] bdMarketplace: executing task '99' (transaction ID: 7434)
[DW] bdMarketplace: executing task '99' (transaction ID: 7435)
[DW] bdMarketplace: executing task '99' (transaction ID: 7436)
[DW] bdMarketplace: executing task '99' (transaction ID: 7437)
[DW] bdMarketplace: executing task '99' (transaction ID: 7438)
[DW] bdMarketplace: executing task '99' (transaction ID: 7439)
[DW] bdMarketplace: executing task '99' (transaction ID: 7440)
[DW] bdMarketplace: executing task '99' (transaction ID: 7441)
[DW] bdMarketplace: executing task '99' (transaction ID: 7442)
[DW] bdMarketplace: executing task '99' (transaction ID: 7443)
[DW] bdMarketplace: executing task '99' (transaction ID: 7444)
[DW] bdMarketplace: executing task '99' (transaction ID: 7445)
[DW] bdMarketplace: executing task '99' (transaction ID: 7446)
[DW] bdMarketplace: executing task '99' (transaction ID: 7447)
[DW] bdMarketplace: executing task '99' (transaction ID: 7448)
[DW] bdMarketplace: executing task '99' (transaction ID: 7449)
[DW] bdMarketplace: executing task '99' (transaction ID: 7450)
[DW] bdMarketplace: executing task '99' (transaction ID: 7451)
[DW] bdMarketplace: executing task '99' (transaction ID: 7452)
[DW] bdMarketplace: executing task '99' (transaction ID: 7453)
[DW] bdMarketplace: executing task '99' (transaction ID: 7454)
[DW] bdMarketplace: executing task '99' (transaction ID: 7455)
[DW] bdMarketplace: executing task '99' (transaction ID: 7456)
[DW] bdMarketplace: executing task '99' (transaction ID: 7457)
[DW] bdMarketplace: executing task '99' (transaction ID: 7458)
[DW] bdMarketplace: executing task '99' (transaction ID: 7459)
[DW] bdMarketplace: executing task '99' (transaction ID: 7460)
[DW] bdMarketplace: executing task '99' (transaction ID: 7461)
[DW] bdMarketplace: executing task '99' (transaction ID: 7462)
[DW] bdMarketplace: executing task '99' (transaction ID: 7463)
[DW] bdMarketplace: executing task '99' (transaction ID: 7464)
[DW] bdMarketplace: executing task '99' (transaction ID: 7465)
[DW] bdMarketplace: executing task '99' (transaction ID: 7466)
[DW] bdMarketplace: executing task '99' (transaction ID: 7467)
[DW] bdMarketplace: executing task '99' (transaction ID: 7468)
[DW] bdMarketplace: executing task '99' (transaction ID: 7469)
[DW] bdMarketplace: executing task '99' (transaction ID: 7470)
[DW] bdMarketplace: executing task '99' (transaction ID: 7471)
[DW] bdMarketplace: executing task '99' (transaction ID: 7472)
[DW] bdMarketplace: executing task '99' (transaction ID: 7473)
[DW] bdMarketplace: executing task '99' (transaction ID: 7474)
[DW] bdMarketplace: executing task '99' (transaction ID: 7475)
[DW] bdMarketplace: executing task '99' (transaction ID: 7476)
[DW] bdMarketplace: executing task '99' (transaction ID: 7477)
[DW] bdMarketplace: executing task '99' (transaction ID: 7478)
[DW] bdMarketplace: executing task '99' (transaction ID: 7479)
[DW] bdMarketplace: executing task '99' (transaction ID: 7480)
[DW] bdMarketplace: executing task '99' (transaction ID: 7481)
[DW] bdMarketplace: executing task '99' (transaction ID: 7482)
[DW] bdMarketplace: executing task '99' (transaction ID: 7483)
[DW] bdMarketplace: executing task '99' (transaction ID: 7484)
[DW] bdMarketplace: executing task '99' (transaction ID: 7485)
[DW] bdMarketplace: executing task '99' (transaction ID: 7486)
[DW] bdMarketplace: executing task '99' (transaction ID: 7487)
[DW] bdMarketplace: executing task '99' (transaction ID: 7488)
[DW] bdMarketplace: executing task '99' (transaction ID: 7489)
[DW] bdMarketplace: executing task '99' (transaction ID: 7490)
[DW] bdMarketplace: executing task '99' (transaction ID: 7491)
[DW] bdMarketplace: executing task '99' (transaction ID: 7492)
[DW] bdMarketplace: executing task '99' (transaction ID: 7493)
[DW] bdMarketplace: executing task '99' (transaction ID: 7494)
[DW] bdMarketplace: executing task '99' (transaction ID: 7495)
[DW] bdMarketplace: executing task '99' (transaction ID: 7496)
[DW] bdMarketplace: executing task '99' (transaction ID: 7497)
[DW] bdMarketplace: executing task '99' (transaction ID: 7498)
[DW] bdMarketplace: executing task '99' (transaction ID: 7499)
[DW] bdMarketplace: executing task '99' (transaction ID: 7500)
[DW] bdMarketplace: executing task '99' (transaction ID: 7501)
[DW] bdMarketplace: executing task '99' (transaction ID: 7502)
[DW] bdMarketplace: executing task '99' (transaction ID: 7503)
[DW] bdMarketplace: executing task '99' (transaction ID: 7504)
[DW] bdMarketplace: executing task '99' (transaction ID: 7505)
[DW] bdMarketplace: executing task '99' (transaction ID: 7506)
[DW] bdMarketplace: executing task '99' (transaction ID: 7507)
[DW] bdMarketplace: executing task '99' (transaction ID: 7508)
[DW] bdMarketplace: executing task '99' (transaction ID: 7509)
[DW] bdMarketplace: executing task '99' (transaction ID: 7510)
[DW] bdMarketplace: executing task '99' (transaction ID: 7511)
[DW] bdMarketplace: executing task '99' (transaction ID: 7512)
[DW] bdMarketplace: executing task '99' (transaction ID: 7513)
[DW] bdMarketplace: executing task '99' (transaction ID: 7514)
[DW] bdMarketplace: executing task '99' (transaction ID: 7515)
[DW] bdMarketplace: executing task '99' (transaction ID: 7516)
[DW] bdMarketplace: executing task '99' (transaction ID: 7517)
[DW] bdMarketplace: executing task '99' (transaction ID: 7518)
[DW] bdMarketplace: executing task '99' (transaction ID: 7519)
[DW] bdMarketplace: executing task '99' (transaction ID: 7520)
[DW] bdMarketplace: executing task '99' (transaction ID: 7521)
[DW] bdMarketplace: executing task '99' (transaction ID: 7522)
[DW] bdMarketplace: executing task '99' (transaction ID: 7523)
[DW] bdMarketplace: executing task '99' (transaction ID: 7524)
[DW] bdMarketplace: executing task '99' (transaction ID: 7525)
[DW] bdMarketplace: executing task '99' (transaction ID: 7526)
[DW] bdMarketplace: executing task '99' (transaction ID: 7527)
[DW] bdMarketplace: executing task '99' (transaction ID: 7528)
[DW] bdMarketplace: executing task '99' (transaction ID: 7529)
[DW] bdMarketplace: executing task '99' (transaction ID: 7530)
[DW] bdMarketplace: executing task '99' (transaction ID: 7531)
[DW] bdMarketplace: executing task '99' (transaction ID: 7532)
[DW] bdMarketplace: executing task '99' (transaction ID: 7533)
[DW] bdMarketplace: executing task '99' (transaction ID: 7534)
[DW] bdMarketplace: executing task '99' (transaction ID: 7535)
[DW] bdMarketplace: executing task '99' (transaction ID: 7536)
[DW] bdMarketplace: executing task '99' (transaction ID: 7537)
[DW] bdMarketplace: executing task '99' (transaction ID: 7538)
[DW] bdMarketplace: executing task '99' (transaction ID: 7539)
[DW] bdMarketplace: executing task '99' (transaction ID: 7540)
[DW] bdMarketplace: executing task '99' (transaction ID: 7541)
[DW] bdMarketplace: executing task '99' (transaction ID: 7542)
[DW] bdMarketplace: executing task '99' (transaction ID: 7543)
[DW] bdMarketplace: executing task '99' (transaction ID: 7544)
[DW] bdMarketplace: executing task '99' (transaction ID: 7545)
[DW] bdMarketplace: executing task '99' (transaction ID: 7546)
[DW] bdMarketplace: executing task '99' (transaction ID: 7547)
[DW] bdMarketplace: executing task '99' (transaction ID: 7548)
[DW] bdMarketplace: executing task '99' (transaction ID: 7549)
[DW] bdMarketplace: executing task '99' (transaction ID: 7550)
[DW] bdMarketplace: executing task '99' (transaction ID: 7551)
[DW] bdMarketplace: executing task '99' (transaction ID: 7552)
[DW] bdMarketplace: executing task '99' (transaction ID: 7553)
[DW] bdMarketplace: executing task '99' (transaction ID: 7554)
[DW] bdMarketplace: executing task '99' (transaction ID: 7555)
[DW] bdMarketplace: executing task '99' (transaction ID: 7556)
[DW] bdMarketplace: executing task '99' (transaction ID: 7557)
[DW] bdMarketplace: executing task '99' (transaction ID: 7558)
[DW] bdMarketplace: executing task '99' (transaction ID: 7559)
[DW] bdMarketplace: executing task '99' (transaction ID: 7560)
[DW] bdMarketplace: executing task '99' (transaction ID: 7561)
[DW] bdMarketplace: executing task '99' (transaction ID: 7562)
[DW] bdMarketplace: executing task '99' (transaction ID: 7563)
[DW] bdMarketplace: executing task '99' (transaction ID: 7564)
[DW] bdMarketplace: executing task '99' (transaction ID: 7565)
[DW] bdMarketplace: executing task '99' (transaction ID: 7566)
[DW] bdMarketplace: executing task '99' (transaction ID: 7567)
[DW] bdMarketplace: executing task '99' (transaction ID: 7568)
[DW] bdMarketplace: executing task '99' (transaction ID: 7569)
[DW] bdMarketplace: executing task '99' (transaction ID: 7570)
[DW] bdMarketplace: executing task '99' (transaction ID: 7571)
[DW] bdMarketplace: executing task '99' (transaction ID: 7572)
[DW] bdMarketplace: executing task '99' (transaction ID: 7573)
[DW] bdMarketplace: executing task '99' (transaction ID: 7574)
[DW] bdMarketplace: executing task '99' (transaction ID: 7575)
[DW] bdMarketplace: executing task '99' (transaction ID: 7576)
[DW] bdMarketplace: executing task '99' (transaction ID: 7577)
[DW] bdMarketplace: executing task '99' (transaction ID: 7578)
[DW] bdMarketplace: executing task '99' (transaction ID: 7579)
[DW] bdMarketplace: executing task '99' (transaction ID: 7580)
[DW] bdMarketplace: executing task '99' (transaction ID: 7581)
[DW] bdMarketplace: executing task '99' (transaction ID: 7582)
[DW] bdMarketplace: executing task '99' (transaction ID: 7583)
[DW] bdMarketplace: executing task '99' (transaction ID: 7584)
[DW] bdMarketplace: executing task '99' (transaction ID: 7585)
[DW] bdMarketplace: executing task '99' (transaction ID: 7586)
[DW] bdMarketplace: executing task '99' (transaction ID: 7587)
[DW] bdMarketplace: executing task '99' (transaction ID: 7588)
[DW] bdMarketplace: executing task '99' (transaction ID: 7589)
[DW] bdMarketplace: executing task '99' (transaction ID: 7590)
[DW] bdMarketplace: executing task '99' (transaction ID: 7591)
[DW] bdMarketplace: executing task '99' (transaction ID: 7592)
[DW] bdMarketplace: executing task '99' (transaction ID: 7593)
[DW] bdMarketplace: executing task '99' (transaction ID: 7594)
[DW] bdMarketplace: executing task '99' (transaction ID: 7595)
[DW] bdMarketplace: executing task '99' (transaction ID: 7596)
[DW] bdMarketplace: executing task '99' (transaction ID: 7597)
[DW] bdMarketplace: executing task '99' (transaction ID: 7598)
[DW] bdMarketplace: executing task '99' (transaction ID: 7599)
[DW] bdMarketplace: executing task '99' (transaction ID: 7600)
[DW] bdMarketplace: executing task '99' (transaction ID: 7601)
[DW] bdMarketplace: executing task '99' (transaction ID: 7602)
[DW] bdMarketplace: executing task '99' (transaction ID: 7603)
[DW] bdMarketplace: executing task '99' (transaction ID: 7604)
[DW] bdMarketplace: executing task '99' (transaction ID: 7605)
[DW] bdMarketplace: executing task '99' (transaction ID: 7606)
[DW] bdMarketplace: executing task '99' (transaction ID: 7607)
[DW] bdMarketplace: executing task '99' (transaction ID: 7608)
[DW] bdMarketplace: executing task '99' (transaction ID: 7609)
[DW] bdMarketplace: executing task '99' (transaction ID: 7610)
[DW] bdMarketplace: executing task '99' (transaction ID: 7611)
[DW] bdMarketplace: executing task '99' (transaction ID: 7612)
[DW] bdMarketplace: executing task '99' (transaction ID: 7613)
[DW] bdMarketplace: executing task '99' (transaction ID: 7614)
[DW] bdMarketplace: executing task '99' (transaction ID: 7615)
[DW] bdMarketplace: executing task '99' (transaction ID: 7616)
[DW] bdMarketplace: executing task '99' (transaction ID: 7617)
[DW] bdMarketplace: executing task '99' (transaction ID: 7618)
[DW] bdMarketplace: executing task '99' (transaction ID: 7619)
[DW] bdMarketplace: executing task '99' (transaction ID: 7620)
[DW] bdMarketplace: executing task '99' (transaction ID: 7621)
[DW] bdMarketplace: executing task '99' (transaction ID: 7622)
[DW] bdMarketplace: executing task '99' (transaction ID: 7623)
[DW] bdMarketplace: executing task '99' (transaction ID: 7624)
[DW] bdMarketplace: executing task '99' (transaction ID: 7625)
[DW] bdMarketplace: executing task '99' (transaction ID: 7626)
[DW] bdMarketplace: executing task '99' (transaction ID: 7627)
[DW] bdMarketplace: executing task '99' (transaction ID: 7628)
[DW] bdMarketplace: executing task '99' (transaction ID: 7629)
[DW] bdMarketplace: executing task '99' (transaction ID: 7630)
[DW] bdMarketplace: executing task '99' (transaction ID: 7631)
[DW] bdMarketplace: executing task '99' (transaction ID: 7632)
[DW] bdMarketplace: executing task '99' (transaction ID: 7633)
[DW] bdMarketplace: executing task '99' (transaction ID: 7634)
[DW] bdMarketplace: executing task '99' (transaction ID: 7635)
[DW] bdMarketplace: executing task '99' (transaction ID: 7636)
[DW] bdMarketplace: executing task '99' (transaction ID: 7637)
[DW] bdMarketplace: executing task '99' (transaction ID: 7638)
[DW] bdMarketplace: executing task '99' (transaction ID: 7639)
[DW] bdMarketplace: executing task '99' (transaction ID: 7640)
[DW] bdMarketplace: executing task '99' (transaction ID: 7641)
[DW] bdMarketplace: executing task '99' (transaction ID: 7642)
[DW] bdMarketplace: executing task '99' (transaction ID: 7643)
[DW] bdMarketplace: executing task '99' (transaction ID: 7644)
[DW] bdMarketplace: executing task '99' (transaction ID: 7645)
[DW] bdMarketplace: executing task '99' (transaction ID: 7646)
[DW] bdMarketplace: executing task '99' (transaction ID: 7647)
[DW] bdMarketplace: executing task '99' (transaction ID: 7648)
[DW] bdMarketplace: executing task '99' (transaction ID: 7649)
[DW] bdMarketplace: executing task '99' (transaction ID: 7650)
[DW] bdMarketplace: executing task '99' (transaction ID: 7651)
[DW] bdMarketplace: executing task '99' (transaction ID: 7652)
[DW] bdMarketplace: executing task '99' (transaction ID: 7653)
[DW] bdMarketplace: executing task '99' (transaction ID: 7654)
[DW] bdMarketplace: executing task '99' (transaction ID: 7655)
[DW] bdMarketplace: executing task '99' (transaction ID: 7656)
[DW] bdMarketplace: executing task '99' (transaction ID: 7657)
[DW] bdMarketplace: executing task '99' (transaction ID: 7658)
[DW] bdMarketplace: executing task '99' (transaction ID: 7659)
[DW] bdMarketplace: executing task '99' (transaction ID: 7660)
[DW] bdMarketplace: executing task '99' (transaction ID: 7661)
[DW] bdMarketplace: executing task '99' (transaction ID: 7662)
[DW] bdMarketplace: executing task '99' (transaction ID: 7663)
[DW] bdMarketplace: executing task '99' (transaction ID: 7664)
[DW] bdMarketplace: executing task '99' (transaction ID: 7665)
[DW] bdMarketplace: executing task '99' (transaction ID: 7666)
[DW] bdMarketplace: executing task '99' (transaction ID: 7667)
[DW] bdMarketplace: executing task '99' (transaction ID: 7668)
[DW] bdMarketplace: executing task '99' (transaction ID: 7669)
[DW] bdMarketplace: executing task '99' (transaction ID: 7670)
[DW] bdMarketplace: executing task '99' (transaction ID: 7671)
[DW] bdMarketplace: executing task '99' (transaction ID: 7672)
[DW] bdMarketplace: executing task '99' (transaction ID: 7673)
[DW] bdMarketplace: executing task '99' (transaction ID: 7674)
[DW] bdMarketplace: executing task '99' (transaction ID: 7675)
[DW] bdMarketplace: executing task '99' (transaction ID: 7676)
[DW] bdMarketplace: executing task '99' (transaction ID: 7677)
[DW] bdMarketplace: executing task '99' (transaction ID: 7678)
[DW] bdMarketplace: executing task '99' (transaction ID: 7679)
[DW] bdMarketplace: executing task '99' (transaction ID: 7680)
[DW] bdMarketplace: executing task '99' (transaction ID: 7681)
[DW] bdMarketplace: executing task '99' (transaction ID: 7682)
[DW] bdMarketplace: executing task '99' (transaction ID: 7683)
[DW] bdMarketplace: executing task '99' (transaction ID: 7684)
[DW] bdMarketplace: executing task '99' (transaction ID: 7685)
[DW] bdMarketplace: executing task '99' (transaction ID: 7686)
[DW] bdMarketplace: executing task '99' (transaction ID: 7687)
[DW] bdMarketplace: executing task '99' (transaction ID: 7688)
[DW] bdMarketplace: executing task '99' (transaction ID: 7689)
[DW] bdMarketplace: executing task '99' (transaction ID: 7690)
[DW] bdMarketplace: executing task '99' (transaction ID: 7691)
[DW] bdMarketplace: executing task '99' (transaction ID: 7692)
[DW] bdMarketplace: executing task '99' (transaction ID: 7693)
[DW] bdMarketplace: executing task '99' (transaction ID: 7694)
[DW] bdMarketplace: executing task '99' (transaction ID: 7695)
[DW] bdMarketplace: executing task '99' (transaction ID: 7696)
[DW] bdMarketplace: executing task '99' (transaction ID: 7697)
[DW] bdMarketplace: executing task '99' (transaction ID: 7698)
[DW] bdMarketplace: executing task '99' (transaction ID: 7699)
[DW] bdMarketplace: executing task '99' (transaction ID: 7700)
[DW] bdMarketplace: executing task '99' (transaction ID: 7701)
[DW] bdMarketplace: executing task '99' (transaction ID: 7702)
[DW] bdMarketplace: executing task '99' (transaction ID: 7703)
[DW] bdMarketplace: executing task '99' (transaction ID: 7704)
[DW] bdMarketplace: executing task '99' (transaction ID: 7705)
[DW] bdMarketplace: executing task '99' (transaction ID: 7706)
[DW] bdMarketplace: executing task '99' (transaction ID: 7707)
[DW] bdMarketplace: executing task '99' (transaction ID: 7708)
[DW] bdMarketplace: executing task '99' (transaction ID: 7709)
[DW] bdMarketplace: executing task '99' (transaction ID: 7710)
[DW] bdMarketplace: executing task '99' (transaction ID: 7711)
[DW] bdMarketplace: executing task '99' (transaction ID: 7712)
[DW] bdMarketplace: executing task '99' (transaction ID: 7713)
[DW] bdMarketplace: executing task '99' (transaction ID: 7714)
[DW] bdMarketplace: executing task '99' (transaction ID: 7715)
[DW] bdMarketplace: executing task '99' (transaction ID: 7716)
[DW] bdMarketplace: executing task '99' (transaction ID: 7717)
[DW] bdMarketplace: executing task '99' (transaction ID: 7718)
[DW] bdRichPresence: executing task '1' (transaction ID: 7719)
[DW] bdMarketplace: executing task '99' (transaction ID: 7720)
[DW] bdMarketplace: executing task '99' (transaction ID: 7721)
[DW] bdMarketplace: executing task '99' (transaction ID: 7722)
[DW] bdMarketplace: executing task '99' (transaction ID: 7723)
[DW] bdMarketplace: executing task '99' (transaction ID: 7724)
[DW] bdMarketplace: executing task '99' (transaction ID: 7725)
[DW] bdMarketplace: executing task '99' (transaction ID: 7726)
[DW] bdMarketplace: executing task '99' (transaction ID: 7727)
[DW] bdMarketplace: executing task '99' (transaction ID: 7728)
[DW] bdMarketplace: executing task '99' (transaction ID: 7729)
[DW] bdMarketplace: executing task '99' (transaction ID: 7730)
[DW] bdMarketplace: executing task '99' (transaction ID: 7731)
[DW] bdMarketplace: executing task '99' (transaction ID: 7732)
[DW] bdMarketplace: executing task '99' (transaction ID: 7733)
[DW] bdMarketplace: executing task '99' (transaction ID: 7734)
[DW] bdMarketplace: executing task '99' (transaction ID: 7735)
[DW] bdMarketplace: executing task '99' (transaction ID: 7736)
[DW] bdMarketplace: executing task '99' (transaction ID: 7737)
[DW] bdMarketplace: executing task '99' (transaction ID: 7738)
[DW] bdMarketplace: executing task '99' (transaction ID: 7739)
[DW] bdMarketplace: executing task '99' (transaction ID: 7740)
[DW] bdMarketplace: executing task '99' (transaction ID: 7741)
[DW] bdMarketplace: executing task '99' (transaction ID: 7742)
[DW] bdMarketplace: executing task '99' (transaction ID: 7743)
[DW] bdMarketplace: executing task '99' (transaction ID: 7744)
[DW] bdMarketplace: executing task '99' (transaction ID: 7745)
[DW] bdMarketplace: executing task '99' (transaction ID: 7746)
[DW] bdMarketplace: executing task '99' (transaction ID: 7747)
[DW] bdMarketplace: executing task '99' (transaction ID: 7748)
[DW] bdMarketplace: executing task '99' (transaction ID: 7749)
[DW] bdMarketplace: executing task '99' (transaction ID: 7750)
[DW] bdMarketplace: executing task '99' (transaction ID: 7751)
[DW] bdMarketplace: executing task '99' (transaction ID: 7752)
[DW] bdMarketplace: executing task '99' (transaction ID: 7753)
[DW] bdMarketplace: executing task '99' (transaction ID: 7754)
[DW] bdMarketplace: executing task '99' (transaction ID: 7755)
[DW] bdMarketplace: executing task '99' (transaction ID: 7756)
[DW] bdMarketplace: executing task '99' (transaction ID: 7757)
[DW] bdMarketplace: executing task '99' (transaction ID: 7758)
[DW] bdMarketplace: executing task '99' (transaction ID: 7759)
[DW] bdMarketplace: executing task '99' (transaction ID: 7760)
[DW] bdMarketplace: executing task '99' (transaction ID: 7761)
[DW] bdMarketplace: executing task '99' (transaction ID: 7762)
[DW] bdMarketplace: executing task '99' (transaction ID: 7763)
[DW] bdMarketplace: executing task '99' (transaction ID: 7764)
[DW] bdMarketplace: executing task '99' (transaction ID: 7765)
[DW] bdMarketplace: executing task '99' (transaction ID: 7766)
[DW] bdMarketplace: executing task '99' (transaction ID: 7767)
[DW] bdMarketplace: executing task '99' (transaction ID: 7768)
[DW] bdMarketplace: executing task '99' (transaction ID: 7769)
[DW] bdMarketplace: executing task '99' (transaction ID: 7770)
[DW] bdMarketplace: executing task '99' (transaction ID: 7771)
[DW] bdMarketplace: executing task '99' (transaction ID: 7772)
[DW] bdMarketplace: executing task '99' (transaction ID: 7773)
[DW] bdMarketplace: executing task '99' (transaction ID: 7774)
[DW] bdMarketplace: executing task '99' (transaction ID: 7775)
[DW] bdMarketplace: executing task '99' (transaction ID: 7776)
[DW] bdMarketplace: executing task '99' (transaction ID: 7777)
[DW] bdMarketplace: executing task '99' (transaction ID: 7778)
[DW] bdMarketplace: executing task '99' (transaction ID: 7779)
[DW] bdMarketplace: executing task '99' (transaction ID: 7780)
[DW] bdMarketplace: executing task '99' (transaction ID: 7781)
[DW] bdMarketplace: executing task '99' (transaction ID: 7782)
[DW] bdMarketplace: executing task '99' (transaction ID: 7783)
[DW] bdMarketplace: executing task '99' (transaction ID: 7784)
[DW] bdMarketplace: executing task '99' (transaction ID: 7785)
[DW] bdMarketplace: executing task '99' (transaction ID: 7786)
[DW] bdMarketplace: executing task '99' (transaction ID: 7787)
[DW] bdMarketplace: executing task '99' (transaction ID: 7788)
[DW] bdMarketplace: executing task '99' (transaction ID: 7789)
[DW] bdMarketplace: executing task '99' (transaction ID: 7790)
[DW] bdMarketplace: executing task '99' (transaction ID: 7791)
[DW] bdMarketplace: executing task '99' (transaction ID: 7792)
[DW] bdMarketplace: executing task '99' (transaction ID: 7793)
[DW] bdMarketplace: executing task '99' (transaction ID: 7794)
[DW] bdMarketplace: executing task '99' (transaction ID: 7795)
[DW] bdMarketplace: executing task '99' (transaction ID: 7796)
[DW] bdMarketplace: executing task '99' (transaction ID: 7797)
[DW] bdMarketplace: executing task '99' (transaction ID: 7798)
[DW] bdMarketplace: executing task '99' (transaction ID: 7799)
[DW] bdMarketplace: executing task '99' (transaction ID: 7800)
[DW] bdMarketplace: executing task '99' (transaction ID: 7801)
[DW] bdMarketplace: executing task '99' (transaction ID: 7802)
[DW] bdMarketplace: executing task '99' (transaction ID: 7803)
[DW] bdMarketplace: executing task '99' (transaction ID: 7804)
[DW] bdMarketplace: executing task '99' (transaction ID: 7805)
[DW] bdMarketplace: executing task '99' (transaction ID: 7806)
[DW] bdMarketplace: executing task '99' (transaction ID: 7807)
[DW] bdMarketplace: executing task '99' (transaction ID: 7808)
[DW] bdMarketplace: executing task '99' (transaction ID: 7809)
[DW] bdMarketplace: executing task '99' (transaction ID: 7810)
[DW] bdMarketplace: executing task '99' (transaction ID: 7811)
[DW] bdMarketplace: executing task '99' (transaction ID: 7812)
[DW] bdMarketplace: executing task '99' (transaction ID: 7813)
[DW] bdMarketplace: executing task '99' (transaction ID: 7814)
[DW] bdMarketplace: executing task '99' (transaction ID: 7815)
[DW] bdMarketplace: executing task '99' (transaction ID: 7816)
[DW] bdMarketplace: executing task '99' (transaction ID: 7817)
[DW] bdMarketplace: executing task '99' (transaction ID: 7818)
[DW] bdMarketplace: executing task '99' (transaction ID: 7819)
[DW] bdMarketplace: executing task '99' (transaction ID: 7820)
[DW] bdMarketplace: executing task '99' (transaction ID: 7821)
[DW] bdMarketplace: executing task '99' (transaction ID: 7822)
[DW] bdMarketplace: executing task '99' (transaction ID: 7823)
[DW] bdMarketplace: executing task '99' (transaction ID: 7824)
[DW] bdMarketplace: executing task '99' (transaction ID: 7825)
[DW] bdMarketplace: executing task '99' (transaction ID: 7826)
[DW] bdMarketplace: executing task '99' (transaction ID: 7827)
[DW] bdMarketplace: executing task '99' (transaction ID: 7828)
[DW] bdMarketplace: executing task '99' (transaction ID: 7829)
[DW] bdMarketplace: executing task '99' (transaction ID: 7830)
[DW] bdMarketplace: executing task '99' (transaction ID: 7831)
[DW] bdMarketplace: executing task '99' (transaction ID: 7832)
[DW] bdMarketplace: executing task '99' (transaction ID: 7833)
[DW] bdMarketplace: executing task '99' (transaction ID: 7834)
[DW] bdMarketplace: executing task '99' (transaction ID: 7835)
[DW] bdMarketplace: executing task '99' (transaction ID: 7836)
[DW] bdMarketplace: executing task '99' (transaction ID: 7837)
[DW] bdMarketplace: executing task '99' (transaction ID: 7838)
[DW] bdMarketplace: executing task '99' (transaction ID: 7839)
[DW] bdMarketplace: executing task '99' (transaction ID: 7840)
[DW] bdMarketplace: executing task '99' (transaction ID: 7841)
[DW] bdMarketplace: executing task '99' (transaction ID: 7842)
[DW] bdMarketplace: executing task '99' (transaction ID: 7843)
[DW] bdMarketplace: executing task '99' (transaction ID: 7844)
[DW] bdMarketplace: executing task '99' (transaction ID: 7845)
[DW] bdMarketplace: executing task '99' (transaction ID: 7846)
[DW] bdMarketplace: executing task '99' (transaction ID: 7847)
[DW] bdMarketplace: executing task '99' (transaction ID: 7848)
[DW] bdMarketplace: executing task '99' (transaction ID: 7849)
[DW] bdMarketplace: executing task '99' (transaction ID: 7850)
[DW] bdMarketplace: executing task '99' (transaction ID: 7851)
[DW] bdMarketplace: executing task '99' (transaction ID: 7852)
[DW] bdMarketplace: executing task '99' (transaction ID: 7853)
[DW] bdMarketplace: executing task '99' (transaction ID: 7854)
[DW] bdMarketplace: executing task '99' (transaction ID: 7855)
[DW] bdMarketplace: executing task '99' (transaction ID: 7856)
[DW] bdMarketplace: executing task '99' (transaction ID: 7857)
[DW] bdMarketplace: executing task '99' (transaction ID: 7858)
[DW] bdMarketplace: executing task '99' (transaction ID: 7859)
[DW] bdMarketplace: executing task '99' (transaction ID: 7860)
[DW] bdMarketplace: executing task '99' (transaction ID: 7861)
[DW] bdMarketplace: executing task '99' (transaction ID: 7862)
[DW] bdMarketplace: executing task '99' (transaction ID: 7863)
[DW] bdMarketplace: executing task '99' (transaction ID: 7864)
[DW] bdMarketplace: executing task '99' (transaction ID: 7865)
[DW] bdMarketplace: executing task '99' (transaction ID: 7866)
[DW] bdMarketplace: executing task '99' (transaction ID: 7867)
[DW] bdMarketplace: executing task '99' (transaction ID: 7868)
[DW] bdMarketplace: executing task '99' (transaction ID: 7869)
[DW] bdMarketplace: executing task '99' (transaction ID: 7870)
[DW] bdMarketplace: executing task '99' (transaction ID: 7871)
[DW] bdMarketplace: executing task '99' (transaction ID: 7872)
[DW] bdMarketplace: executing task '99' (transaction ID: 7873)
[DW] bdMarketplace: executing task '99' (transaction ID: 7874)
[DW] bdMarketplace: executing task '99' (transaction ID: 7875)
[DW] bdMarketplace: executing task '99' (transaction ID: 7876)
[DW] bdMarketplace: executing task '99' (transaction ID: 7877)
[DW] bdMarketplace: executing task '99' (transaction ID: 7878)
[DW] bdMarketplace: executing task '99' (transaction ID: 7879)
[DW] bdMarketplace: executing task '99' (transaction ID: 7880)
[DW] bdMarketplace: executing task '99' (transaction ID: 7881)
[DW] bdMarketplace: executing task '99' (transaction ID: 7882)
[DW] bdMarketplace: executing task '99' (transaction ID: 7883)
[DW] bdMarketplace: executing task '99' (transaction ID: 7884)
[DW] bdMarketplace: executing task '99' (transaction ID: 7885)
[DW] bdMarketplace: executing task '99' (transaction ID: 7886)
[DW] bdMarketplace: executing task '99' (transaction ID: 7887)
[DW] bdMarketplace: executing task '99' (transaction ID: 7888)
[DW] bdMarketplace: executing task '99' (transaction ID: 7889)
[DW] bdMarketplace: executing task '99' (transaction ID: 7890)
[DW] bdMarketplace: executing task '99' (transaction ID: 7891)
[DW] bdMarketplace: executing task '99' (transaction ID: 7892)
[DW] bdMarketplace: executing task '99' (transaction ID: 7893)
[DW] bdMarketplace: executing task '99' (transaction ID: 7894)
[DW] bdMarketplace: executing task '99' (transaction ID: 7895)
[DW] bdMarketplace: executing task '99' (transaction ID: 7896)
[DW] bdMarketplace: executing task '99' (transaction ID: 7897)
[DW] bdMarketplace: executing task '99' (transaction ID: 7898)
[DW] bdMarketplace: executing task '99' (transaction ID: 7899)
[DW] bdMarketplace: executing task '99' (transaction ID: 7900)
[DW] bdMarketplace: executing task '99' (transaction ID: 7901)
[DW] bdMarketplace: executing task '99' (transaction ID: 7902)
[DW] bdMarketplace: executing task '99' (transaction ID: 7903)
[DW] bdMarketplace: executing task '99' (transaction ID: 7904)
[DW] bdMarketplace: executing task '99' (transaction ID: 7905)
[DW] bdMarketplace: executing task '99' (transaction ID: 7906)
[DW] bdMarketplace: executing task '99' (transaction ID: 7907)
[DW] bdMarketplace: executing task '99' (transaction ID: 7908)
[DW] bdMarketplace: executing task '99' (transaction ID: 7909)
[DW] bdMarketplace: executing task '99' (transaction ID: 7910)
[DW] bdMarketplace: executing task '99' (transaction ID: 7911)
[DW] bdMarketplace: executing task '99' (transaction ID: 7912)
[DW] bdMarketplace: executing task '99' (transaction ID: 7913)
[DW] bdMarketplace: executing task '99' (transaction ID: 7914)
[DW] bdMarketplace: executing task '99' (transaction ID: 7915)
[DW] bdMarketplace: executing task '99' (transaction ID: 7916)
[DW] bdMarketplace: executing task '99' (transaction ID: 7917)
[DW] bdMarketplace: executing task '99' (transaction ID: 7918)
[DW] bdMarketplace: executing task '99' (transaction ID: 7919)
[DW] bdMarketplace: executing task '99' (transaction ID: 7920)
[DW] bdMarketplace: executing task '99' (transaction ID: 7921)
[DW] bdMarketplace: executing task '99' (transaction ID: 7922)
[DW] bdMarketplace: executing task '99' (transaction ID: 7923)
[DW] bdMarketplace: executing task '99' (transaction ID: 7924)
[DW] bdMarketplace: executing task '99' (transaction ID: 7925)
[DW] bdMarketplace: executing task '99' (transaction ID: 7926)
[DW] bdMarketplace: executing task '99' (transaction ID: 7927)
[DW] bdMarketplace: executing task '99' (transaction ID: 7928)
[DW] bdMarketplace: executing task '99' (transaction ID: 7929)
[DW] bdMarketplace: executing task '99' (transaction ID: 7930)
[DW] bdMarketplace: executing task '99' (transaction ID: 7931)
[DW] bdMarketplace: executing task '99' (transaction ID: 7932)
[DW] bdMarketplace: executing task '99' (transaction ID: 7933)
[DW] bdMarketplace: executing task '99' (transaction ID: 7934)
[DW] bdMarketplace: executing task '99' (transaction ID: 7935)
[DW] bdMarketplace: executing task '99' (transaction ID: 7936)
[DW] bdMarketplace: executing task '99' (transaction ID: 7937)
[DW] bdMarketplace: executing task '99' (transaction ID: 7938)
[DW] bdMarketplace: executing task '99' (transaction ID: 7939)
[DW] bdMarketplace: executing task '99' (transaction ID: 7940)
[DW] bdMarketplace: executing task '99' (transaction ID: 7941)
[DW] bdMarketplace: executing task '99' (transaction ID: 7942)
[DW] bdMarketplace: executing task '99' (transaction ID: 7943)
[DW] bdMarketplace: executing task '99' (transaction ID: 7944)
[DW] bdMarketplace: executing task '99' (transaction ID: 7945)
[DW] bdMarketplace: executing task '99' (transaction ID: 7946)
[DW] bdMarketplace: executing task '99' (transaction ID: 7947)
[DW] bdMarketplace: executing task '99' (transaction ID: 7948)
[DW] bdMarketplace: executing task '99' (transaction ID: 7949)
[DW] bdMarketplace: executing task '99' (transaction ID: 7950)
[DW] bdMarketplace: executing task '99' (transaction ID: 7951)
[DW] bdMarketplace: executing task '99' (transaction ID: 7952)
[DW] bdMarketplace: executing task '99' (transaction ID: 7953)
[DW] bdMarketplace: executing task '99' (transaction ID: 7954)
[DW] bdMarketplace: executing task '99' (transaction ID: 7955)
[DW] bdMarketplace: executing task '99' (transaction ID: 7956)
[DW] bdMarketplace: executing task '99' (transaction ID: 7957)
[DW] bdMarketplace: executing task '99' (transaction ID: 7958)
[DW] bdMarketplace: executing task '99' (transaction ID: 7959)
[DW] bdMarketplace: executing task '99' (transaction ID: 7960)
[DW] bdMarketplace: executing task '99' (transaction ID: 7961)
[DW] bdMarketplace: executing task '99' (transaction ID: 7962)
[DW] bdMarketplace: executing task '99' (transaction ID: 7963)
[DW] bdMarketplace: executing task '99' (transaction ID: 7964)
[DW] bdMarketplace: executing task '99' (transaction ID: 7965)
[DW] bdMarketplace: executing task '99' (transaction ID: 7966)
[DW] bdMarketplace: executing task '99' (transaction ID: 7967)
[DW] bdMarketplace: executing task '99' (transaction ID: 7968)
[DW] bdMarketplace: executing task '99' (transaction ID: 7969)
[DW] bdMarketplace: executing task '99' (transaction ID: 7970)
[DW] bdMarketplace: executing task '99' (transaction ID: 7971)
[DW] bdMarketplace: executing task '99' (transaction ID: 7972)
[DW] bdMarketplace: executing task '99' (transaction ID: 7973)
[DW] bdMarketplace: executing task '99' (transaction ID: 7974)
[DW] bdMarketplace: executing task '99' (transaction ID: 7975)
[DW] bdMarketplace: executing task '99' (transaction ID: 7976)
[DW] bdMarketplace: executing task '99' (transaction ID: 7977)
[DW] bdMarketplace: executing task '99' (transaction ID: 7978)
[DW] bdMarketplace: executing task '99' (transaction ID: 7979)
[DW] bdMarketplace: executing task '99' (transaction ID: 7980)
[DW] bdMarketplace: executing task '99' (transaction ID: 7981)
[DW] bdMarketplace: executing task '99' (transaction ID: 7982)
[DW] bdMarketplace: executing task '99' (transaction ID: 7983)
[DW] bdMarketplace: executing task '99' (transaction ID: 7984)
[DW] bdMarketplace: executing task '99' (transaction ID: 7985)
[DW] bdMarketplace: executing task '99' (transaction ID: 7986)
[DW] bdMarketplace: executing task '99' (transaction ID: 7987)
[DW] bdMarketplace: executing task '99' (transaction ID: 7988)
[DW] bdMarketplace: executing task '99' (transaction ID: 7989)
[DW] bdMarketplace: executing task '99' (transaction ID: 7990)
[DW] bdMarketplace: executing task '99' (transaction ID: 7991)
[DW] bdMarketplace: executing task '99' (transaction ID: 7992)
[DW] bdMarketplace: executing task '99' (transaction ID: 7993)
[DW] bdMarketplace: executing task '99' (transaction ID: 7994)
[DW] bdMarketplace: executing task '99' (transaction ID: 7995)
[DW] bdMarketplace: executing task '99' (transaction ID: 7996)
[DW] bdMarketplace: executing task '99' (transaction ID: 7997)
[DW] bdMarketplace: executing task '99' (transaction ID: 7998)
[DW] bdMarketplace: executing task '99' (transaction ID: 7999)
[DW] bdMarketplace: executing task '99' (transaction ID: 8000)
[DW] bdMarketplace: executing task '99' (transaction ID: 8001)
[DW] bdMarketplace: executing task '99' (transaction ID: 8002)
[DW] bdMarketplace: executing task '99' (transaction ID: 8003)
[DW] bdMarketplace: executing task '99' (transaction ID: 8004)
[DW] bdMarketplace: executing task '99' (transaction ID: 8005)
[DW] bdMarketplace: executing task '99' (transaction ID: 8006)
[DW] bdMarketplace: executing task '99' (transaction ID: 8007)
[DW] bdMarketplace: executing task '99' (transaction ID: 8008)
[DW] bdMarketplace: executing task '99' (transaction ID: 8009)
[DW] bdMarketplace: executing task '99' (transaction ID: 8010)
[DW] bdMarketplace: executing task '99' (transaction ID: 8011)
[DW] bdMarketplace: executing task '99' (transaction ID: 8012)
[DW] bdMarketplace: executing task '99' (transaction ID: 8013)
[DW] bdMarketplace: executing task '99' (transaction ID: 8014)
[DW] bdMarketplace: executing task '99' (transaction ID: 8015)
[DW] bdMarketplace: executing task '99' (transaction ID: 8016)
[DW] bdMarketplace: executing task '99' (transaction ID: 8017)
[DW] bdMarketplace: executing task '99' (transaction ID: 8018)
[DW] bdMarketplace: executing task '99' (transaction ID: 8019)
[DW] bdMarketplace: executing task '99' (transaction ID: 8020)
[DW] bdMarketplace: executing task '99' (transaction ID: 8021)
[DW] bdMarketplace: executing task '99' (transaction ID: 8022)
[DW] bdMarketplace: executing task '99' (transaction ID: 8023)
[DW] bdMarketplace: executing task '99' (transaction ID: 8024)
[DW] bdMarketplace: executing task '99' (transaction ID: 8025)
[DW] bdMarketplace: executing task '99' (transaction ID: 8026)
[DW] bdMarketplace: executing task '99' (transaction ID: 8027)
[DW] bdMarketplace: executing task '99' (transaction ID: 8028)
[DW] bdMarketplace: executing task '99' (transaction ID: 8029)
[DW] bdMarketplace: executing task '99' (transaction ID: 8030)
[DW] bdMarketplace: executing task '99' (transaction ID: 8031)
[DW] bdMarketplace: executing task '99' (transaction ID: 8032)
[DW] bdMarketplace: executing task '99' (transaction ID: 8033)
[DW] bdMarketplace: executing task '99' (transaction ID: 8034)
[DW] bdMarketplace: executing task '99' (transaction ID: 8035)
[DW] bdMarketplace: executing task '99' (transaction ID: 8036)
[DW] bdMarketplace: executing task '99' (transaction ID: 8037)
[DW] bdMarketplace: executing task '99' (transaction ID: 8038)
[DW] bdMarketplace: executing task '99' (transaction ID: 8039)
[DW] bdMarketplace: executing task '99' (transaction ID: 8040)
[DW] bdMarketplace: executing task '99' (transaction ID: 8041)
[DW] bdMarketplace: executing task '99' (transaction ID: 8042)
[DW] bdMarketplace: executing task '99' (transaction ID: 8043)
[DW] bdMarketplace: executing task '99' (transaction ID: 8044)
[DW] bdMarketplace: executing task '99' (transaction ID: 8045)
[DW] bdMarketplace: executing task '99' (transaction ID: 8046)
[DW] bdMarketplace: executing task '99' (transaction ID: 8047)
[DW] bdMarketplace: executing task '99' (transaction ID: 8048)
[DW] bdMarketplace: executing task '99' (transaction ID: 8049)
[DW] bdMarketplace: executing task '99' (transaction ID: 8050)
[DW] bdMarketplace: executing task '99' (transaction ID: 8051)
[DW] bdMarketplace: executing task '99' (transaction ID: 8052)
[DW] bdMarketplace: executing task '99' (transaction ID: 8053)
[DW] bdMarketplace: executing task '99' (transaction ID: 8054)
[DW] bdMarketplace: executing task '99' (transaction ID: 8055)
[DW] bdMarketplace: executing task '99' (transaction ID: 8056)
[DW] bdMarketplace: executing task '99' (transaction ID: 8057)
[DW] bdMarketplace: executing task '99' (transaction ID: 8058)
[DW] bdMarketplace: executing task '99' (transaction ID: 8059)
[DW] bdMarketplace: executing task '99' (transaction ID: 8060)
[DW] bdMarketplace: executing task '99' (transaction ID: 8061)
[DW] bdMarketplace: executing task '99' (transaction ID: 8062)
[DW] bdMarketplace: executing task '99' (transaction ID: 8063)
[DW] bdMarketplace: executing task '99' (transaction ID: 8064)
[DW] bdMarketplace: executing task '99' (transaction ID: 8065)
[DW] bdMarketplace: executing task '99' (transaction ID: 8066)
[DW] bdMarketplace: executing task '99' (transaction ID: 8067)
[DW] bdMarketplace: executing task '99' (transaction ID: 8068)
[DW] bdMarketplace: executing task '99' (transaction ID: 8069)
[DW] bdMarketplace: executing task '99' (transaction ID: 8070)
[DW] bdMarketplace: executing task '99' (transaction ID: 8071)
[DW] bdMarketplace: executing task '99' (transaction ID: 8072)
[DW] bdMarketplace: executing task '99' (transaction ID: 8073)
[DW] bdMarketplace: executing task '99' (transaction ID: 8074)
[DW] bdMarketplace: executing task '99' (transaction ID: 8075)
[DW] bdMarketplace: executing task '99' (transaction ID: 8076)
[DW] bdMarketplace: executing task '99' (transaction ID: 8077)
[DW] bdMarketplace: executing task '99' (transaction ID: 8078)
[DW] bdMarketplace: executing task '99' (transaction ID: 8079)
[DW] bdMarketplace: executing task '99' (transaction ID: 8080)
[DW] bdMarketplace: executing task '99' (transaction ID: 8081)
[DW] bdMarketplace: executing task '99' (transaction ID: 8082)
[DW] bdMarketplace: executing task '99' (transaction ID: 8083)
[DW] bdMarketplace: executing task '99' (transaction ID: 8084)
[DW] bdMarketplace: executing task '99' (transaction ID: 8085)
[DW] bdMarketplace: executing task '99' (transaction ID: 8086)
[DW] bdMarketplace: executing task '99' (transaction ID: 8087)
[DW] bdMarketplace: executing task '99' (transaction ID: 8088)
[DW] bdMarketplace: executing task '99' (transaction ID: 8089)
[DW] bdMarketplace: executing task '99' (transaction ID: 8090)
[DW] bdMarketplace: executing task '99' (transaction ID: 8091)
[DW] bdMarketplace: executing task '99' (transaction ID: 8092)
[DW] bdMarketplace: executing task '99' (transaction ID: 8093)
[DW] bdMarketplace: executing task '99' (transaction ID: 8094)
[DW] bdMarketplace: executing task '99' (transaction ID: 8095)
[DW] bdMarketplace: executing task '99' (transaction ID: 8096)
[DW] bdMarketplace: executing task '99' (transaction ID: 8097)
[DW] bdMarketplace: executing task '99' (transaction ID: 8098)
[DW] bdMarketplace: executing task '99' (transaction ID: 8099)
[DW] bdMarketplace: executing task '99' (transaction ID: 8100)
[DW] bdMarketplace: executing task '99' (transaction ID: 8101)
[DW] bdMarketplace: executing task '99' (transaction ID: 8102)
[DW] bdMarketplace: executing task '99' (transaction ID: 8103)
[DW] bdMarketplace: executing task '99' (transaction ID: 8104)
[DW] bdMarketplace: executing task '99' (transaction ID: 8105)
[DW] bdMarketplace: executing task '99' (transaction ID: 8106)
[DW] bdMarketplace: executing task '99' (transaction ID: 8107)
[DW] bdMarketplace: executing task '99' (transaction ID: 8108)
[DW] bdMarketplace: executing task '99' (transaction ID: 8109)
[DW] bdMarketplace: executing task '99' (transaction ID: 8110)
[DW] bdMarketplace: executing task '99' (transaction ID: 8111)
[DW] bdMarketplace: executing task '99' (transaction ID: 8112)
[DW] bdMarketplace: executing task '99' (transaction ID: 8113)
[DW] bdMarketplace: executing task '99' (transaction ID: 8114)
[DW] bdMarketplace: executing task '99' (transaction ID: 8115)
[DW] bdMarketplace: executing task '99' (transaction ID: 8116)
[DW] bdMarketplace: executing task '99' (transaction ID: 8117)
[DW] bdMarketplace: executing task '99' (transaction ID: 8118)
[DW] bdMarketplace: executing task '99' (transaction ID: 8119)
[DW] bdMarketplace: executing task '99' (transaction ID: 8120)
[DW] bdMarketplace: executing task '99' (transaction ID: 8121)
[DW] bdMarketplace: executing task '99' (transaction ID: 8122)
[DW] bdMarketplace: executing task '99' (transaction ID: 8123)
[DW] bdMarketplace: executing task '99' (transaction ID: 8124)
[DW] bdMarketplace: executing task '99' (transaction ID: 8125)
[DW] bdMarketplace: executing task '99' (transaction ID: 8126)
[DW] bdMarketplace: executing task '99' (transaction ID: 8127)
[DW] bdMarketplace: executing task '99' (transaction ID: 8128)
[DW] bdMarketplace: executing task '99' (transaction ID: 8129)
[DW] bdMarketplace: executing task '99' (transaction ID: 8130)
[DW] bdMarketplace: executing task '99' (transaction ID: 8131)
[DW] bdMarketplace: executing task '99' (transaction ID: 8132)
[DW] bdMarketplace: executing task '99' (transaction ID: 8133)
[DW] bdMarketplace: executing task '99' (transaction ID: 8134)
[DW] bdMarketplace: executing task '99' (transaction ID: 8135)
[DW] bdMarketplace: executing task '99' (transaction ID: 8136)
[DW] bdMarketplace: executing task '99' (transaction ID: 8137)
[DW] bdMarketplace: executing task '99' (transaction ID: 8138)
[DW] bdMarketplace: executing task '99' (transaction ID: 8139)
[DW] bdMarketplace: executing task '99' (transaction ID: 8140)
[DW] bdMarketplace: executing task '99' (transaction ID: 8141)
[DW] bdMarketplace: executing task '99' (transaction ID: 8142)
[DW] bdMarketplace: executing task '99' (transaction ID: 8143)
[DW] bdMarketplace: executing task '99' (transaction ID: 8144)
[DW] bdMarketplace: executing task '99' (transaction ID: 8145)
[DW] bdMarketplace: executing task '99' (transaction ID: 8146)
[DW] bdMarketplace: executing task '99' (transaction ID: 8147)
[DW] bdMarketplace: executing task '99' (transaction ID: 8148)
[DW] bdMarketplace: executing task '99' (transaction ID: 8149)
[DW] bdMarketplace: executing task '99' (transaction ID: 8150)
[DW] bdMarketplace: executing task '99' (transaction ID: 8151)
[DW] bdMarketplace: executing task '99' (transaction ID: 8152)
[DW] bdMarketplace: executing task '99' (transaction ID: 8153)
[DW] bdMarketplace: executing task '99' (transaction ID: 8154)
[DW] bdMarketplace: executing task '99' (transaction ID: 8155)
[DW] bdMarketplace: executing task '99' (transaction ID: 8156)
[DW] bdMarketplace: executing task '99' (transaction ID: 8157)
[DW] bdMarketplace: executing task '99' (transaction ID: 8158)
[DW] bdMarketplace: executing task '99' (transaction ID: 8159)
[DW] bdMarketplace: executing task '99' (transaction ID: 8160)
[DW] bdMarketplace: executing task '99' (transaction ID: 8161)
[DW] bdMarketplace: executing task '99' (transaction ID: 8162)
[DW] bdMarketplace: executing task '99' (transaction ID: 8163)
[DW] bdMarketplace: executing task '99' (transaction ID: 8164)
[DW] bdMarketplace: executing task '99' (transaction ID: 8165)
[DW] bdMarketplace: executing task '99' (transaction ID: 8166)
[DW] bdMarketplace: executing task '99' (transaction ID: 8167)
[DW] bdMarketplace: executing task '99' (transaction ID: 8168)
[DW] bdMarketplace: executing task '99' (transaction ID: 8169)
[DW] bdReward: executing task '12' (transaction ID: 8170)
[HQ protocol] reward_12: 136 raw bytes at s2x/dump/dw/hq_reward_12_25248_97.bin
[HQ event] picked_up_payroll (picked_up_payroll), timestamp 1789272049000000, 2 parameters
  1=1
  2=0
[HQ event] picked_up_payroll (picked_up_payroll), timestamp 1789272064000000, 2 parameters
  1=1
  2=0
[DW] bdMarketplace: executing task '99' (transaction ID: 8171)
[DW] bdMarketplace: executing task '99' (transaction ID: 8172)
[DW] bdMarketplace: executing task '99' (transaction ID: 8173)
[DW] bdMarketplace: executing task '99' (transaction ID: 8174)
[DW] bdMarketplace: executing task '99' (transaction ID: 8175)
[DW] bdMarketplace: executing task '99' (transaction ID: 8176)
[DW] bdMarketplace: executing task '99' (transaction ID: 8177)
[DW] bdMarketplace: executing task '99' (transaction ID: 8178)
[DW] bdMarketplace: executing task '99' (transaction ID: 8179)
[DW] bdMarketplace: executing task '99' (transaction ID: 8180)
[DW] bdMarketplace: executing task '99' (transaction ID: 8181)
[DW] bdMarketplace: executing task '99' (transaction ID: 8182)
[DW] bdMarketplace: executing task '99' (transaction ID: 8183)
[DW] bdMarketplace: executing task '99' (transaction ID: 8184)
[DW] bdMarketplace: executing task '99' (transaction ID: 8185)
[DW] bdMarketplace: executing task '99' (transaction ID: 8186)
[DW] bdMarketplace: executing task '99' (transaction ID: 8187)
[DW] bdMarketplace: executing task '99' (transaction ID: 8188)
[DW] bdMarketplace: executing task '99' (transaction ID: 8189)
[DW] bdMarketplace: executing task '99' (transaction ID: 8190)
[DW] bdMarketplace: executing task '99' (transaction ID: 8191)
[DW] bdMarketplace: executing task '99' (transaction ID: 8192)
[DW] bdMarketplace: executing task '99' (transaction ID: 8193)
[DW] bdMarketplace: executing task '99' (transaction ID: 8194)
[DW] bdMarketplace: executing task '99' (transaction ID: 8195)
[DW] bdMarketplace: executing task '99' (transaction ID: 8196)
[DW] bdMarketplace: executing task '99' (transaction ID: 8197)
[DW] bdMarketplace: executing task '99' (transaction ID: 8198)
[DW] bdMarketplace: executing task '99' (transaction ID: 8199)
[DW] bdMarketplace: executing task '99' (transaction ID: 8200)
[DW] bdMarketplace: executing task '99' (transaction ID: 8201)
[DW] bdMarketplace: executing task '99' (transaction ID: 8202)
[DW] bdMarketplace: executing task '99' (transaction ID: 8203)
[DW] bdMarketplace: executing task '99' (transaction ID: 8204)
[DW] bdMarketplace: executing task '99' (transaction ID: 8205)
[DW] bdMarketplace: executing task '99' (transaction ID: 8206)
[DW] bdMarketplace: executing task '99' (transaction ID: 8207)
[DW] bdMarketplace: executing task '99' (transaction ID: 8208)
[DW] bdMarketplace: executing task '99' (transaction ID: 8209)
[DW] bdMarketplace: executing task '99' (transaction ID: 8210)
[DW] bdMarketplace: executing task '99' (transaction ID: 8211)
[DW] bdMarketplace: executing task '99' (transaction ID: 8212)
[DW] bdMarketplace: executing task '99' (transaction ID: 8213)
[DW] bdMarketplace: executing task '99' (transaction ID: 8214)
[DW] bdMarketplace: executing task '99' (transaction ID: 8215)
[DW] bdMarketplace: executing task '99' (transaction ID: 8216)
[DW] bdMarketplace: executing task '99' (transaction ID: 8217)
[DW] bdMarketplace: executing task '99' (transaction ID: 8218)
[DW] bdMarketplace: executing task '99' (transaction ID: 8219)
[DW] bdMarketplace: executing task '99' (transaction ID: 8220)
[DW] bdMarketplace: executing task '99' (transaction ID: 8221)
[DW] bdMarketplace: executing task '99' (transaction ID: 8222)
[DW] bdMarketplace: executing task '99' (transaction ID: 8223)
[DW] bdMarketplace: executing task '99' (transaction ID: 8224)
[DW] bdMarketplace: executing task '99' (transaction ID: 8225)
[DW] bdMarketplace: executing task '99' (transaction ID: 8226)
[DW] bdMarketplace: executing task '99' (transaction ID: 8227)
[DW] bdMarketplace: executing task '99' (transaction ID: 8228)
[DW] bdMarketplace: executing task '99' (transaction ID: 8229)
[DW] bdMarketplace: executing task '99' (transaction ID: 8230)
[DW] bdMarketplace: executing task '99' (transaction ID: 8231)
[DW] bdMarketplace: executing task '99' (transaction ID: 8232)
[DW] bdMarketplace: executing task '99' (transaction ID: 8233)
[DW] bdMarketplace: executing task '99' (transaction ID: 8234)
[DW] bdMarketplace: executing task '99' (transaction ID: 8235)
[DW] bdMarketplace: executing task '99' (transaction ID: 8236)
[DW] bdMarketplace: executing task '99' (transaction ID: 8237)
[DW] bdMarketplace: executing task '99' (transaction ID: 8238)
[DW] bdMarketplace: executing task '99' (transaction ID: 8239)
[DW] bdMarketplace: executing task '99' (transaction ID: 8240)
[DW] bdMarketplace: executing task '99' (transaction ID: 8241)
[DW] bdMarketplace: executing task '99' (transaction ID: 8242)
[DW] bdMarketplace: executing task '99' (transaction ID: 8243)
[DW] bdMarketplace: executing task '99' (transaction ID: 8244)
[DW] bdMarketplace: executing task '99' (transaction ID: 8245)
[DW] bdMarketplace: executing task '99' (transaction ID: 8246)
[DW] bdMarketplace: executing task '99' (transaction ID: 8247)
[DW] bdMarketplace: executing task '99' (transaction ID: 8248)
[DW] bdMarketplace: executing task '99' (transaction ID: 8249)
[DW] bdMarketplace: executing task '99' (transaction ID: 8250)
[DW] bdMarketplace: executing task '99' (transaction ID: 8251)
[DW] bdMarketplace: executing task '99' (transaction ID: 8252)
[DW] bdMarketplace: executing task '99' (transaction ID: 8253)
[DW] bdMarketplace: executing task '99' (transaction ID: 8254)
[DW] bdMarketplace: executing task '99' (transaction ID: 8255)
[DW] bdMarketplace: executing task '99' (transaction ID: 8256)
[DW] bdMarketplace: executing task '99' (transaction ID: 8257)
[DW] bdMarketplace: executing task '99' (transaction ID: 8258)
[DW] bdMarketplace: executing task '99' (transaction ID: 8259)
[DW] bdMarketplace: executing task '99' (transaction ID: 8260)
[DW] bdMarketplace: executing task '99' (transaction ID: 8261)
[DW] bdMarketplace: executing task '99' (transaction ID: 8262)
[DW] bdMarketplace: executing task '99' (transaction ID: 8263)
[DW] bdMarketplace: executing task '99' (transaction ID: 8264)
[DW] bdMarketplace: executing task '99' (transaction ID: 8265)
[DW] bdMarketplace: executing task '99' (transaction ID: 8266)
[DW] bdMarketplace: executing task '99' (transaction ID: 8267)
[DW] bdMarketplace: executing task '99' (transaction ID: 8268)
[DW] bdMarketplace: executing task '99' (transaction ID: 8269)
[DW] bdMarketplace: executing task '99' (transaction ID: 8270)
[DW] bdMarketplace: executing task '99' (transaction ID: 8271)
[DW] bdMarketplace: executing task '99' (transaction ID: 8272)
[DW] bdMarketplace: executing task '99' (transaction ID: 8273)
[DW] bdMarketplace: executing task '99' (transaction ID: 8274)
[DW] bdMarketplace: executing task '99' (transaction ID: 8275)
[DW] bdMarketplace: executing task '99' (transaction ID: 8276)
[DW] bdMarketplace: executing task '99' (transaction ID: 8277)
[DW] bdMarketplace: executing task '99' (transaction ID: 8278)
[DW] bdMarketplace: executing task '99' (transaction ID: 8279)
[DW] bdMarketplace: executing task '99' (transaction ID: 8280)
[DW] bdMarketplace: executing task '99' (transaction ID: 8281)
[DW] bdMarketplace: executing task '99' (transaction ID: 8282)
[DW] bdMarketplace: executing task '99' (transaction ID: 8283)
[DW] bdMarketplace: executing task '99' (transaction ID: 8284)
[DW] bdMarketplace: executing task '99' (transaction ID: 8285)
[DW] bdMarketplace: executing task '99' (transaction ID: 8286)
[DW] bdMarketplace: executing task '99' (transaction ID: 8287)
[DW] bdMarketplace: executing task '99' (transaction ID: 8288)
[DW] bdMarketplace: executing task '99' (transaction ID: 8289)
[DW] bdReward: executing task '11' (transaction ID: 8290)
[HQ event] enter_hub (enter_hub), timestamp 1789272014000000, 1 parameters
  1=1
[DW] bdMarketplace: executing task '99' (transaction ID: 8291)
[DW] bdMarketplace: executing task '99' (transaction ID: 8292)
[DW] bdMarketplace: executing task '99' (transaction ID: 8293)
[DW] bdMarketplace: executing task '99' (transaction ID: 8294)
[DW] bdMarketplace: executing task '99' (transaction ID: 8295)
[DW] bdMarketplace: executing task '99' (transaction ID: 8296)
[DW] bdMarketplace: executing task '99' (transaction ID: 8297)
[DW] bdMarketplace: executing task '99' (transaction ID: 8298)
[DW] bdMarketplace: executing task '99' (transaction ID: 8299)
[DW] bdMarketplace: executing task '99' (transaction ID: 8300)
[DW] bdMarketplace: executing task '99' (transaction ID: 8301)
[DW] bdMarketplace: executing task '99' (transaction ID: 8302)
[DW] bdMarketplace: executing task '99' (transaction ID: 8303)
[DW] bdMarketplace: executing task '99' (transaction ID: 8304)
[DW] bdMarketplace: executing task '99' (transaction ID: 8305)
[DW] bdMarketplace: executing task '99' (transaction ID: 8306)
[DW] bdMarketplace: executing task '99' (transaction ID: 8307)
[DW] bdMarketplace: executing task '99' (transaction ID: 8308)
[DW] bdMarketplace: executing task '99' (transaction ID: 8309)
[DW] bdMarketplace: executing task '99' (transaction ID: 8310)
[DW] bdMarketplace: executing task '99' (transaction ID: 8311)
[DW] bdMarketplace: executing task '99' (transaction ID: 8312)
[DW] bdMarketplace: executing task '99' (transaction ID: 8313)
[DW] bdMarketplace: executing task '99' (transaction ID: 8314)
[DW] bdMarketplace: executing task '99' (transaction ID: 8315)
[DW] bdMarketplace: executing task '99' (transaction ID: 8316)
[DW] bdMarketplace: executing task '99' (transaction ID: 8317)
[DW] bdMarketplace: executing task '99' (transaction ID: 8318)
[DW] bdMarketplace: executing task '99' (transaction ID: 8319)
[DW] bdMarketplace: executing task '99' (transaction ID: 8320)
[DW] bdMarketplace: executing task '99' (transaction ID: 8321)
[DW] bdMarketplace: executing task '99' (transaction ID: 8322)
[DW] bdMarketplace: executing task '99' (transaction ID: 8323)
[DW] bdMarketplace: executing task '99' (transaction ID: 8324)
[DW] bdMarketplace: executing task '99' (transaction ID: 8325)
[DW] bdMarketplace: executing task '99' (transaction ID: 8326)
[DW] bdMarketplace: executing task '99' (transaction ID: 8327)
[DW] bdMarketplace: executing task '99' (transaction ID: 8328)
[DW] bdMarketplace: executing task '99' (transaction ID: 8329)
[DW] bdMarketplace: executing task '99' (transaction ID: 8330)
[DW] bdMarketplace: executing task '99' (transaction ID: 8331)
[DW] bdMarketplace: executing task '99' (transaction ID: 8332)
[DW] bdMarketplace: executing task '99' (transaction ID: 8333)
[DW] bdMarketplace: executing task '99' (transaction ID: 8334)
[DW] bdMarketplace: executing task '99' (transaction ID: 8335)
[DW] bdMarketplace: executing task '99' (transaction ID: 8336)
[DW] bdMarketplace: executing task '99' (transaction ID: 8337)
[DW] bdMarketplace: executing task '99' (transaction ID: 8338)
[DW] bdMarketplace: executing task '99' (transaction ID: 8339)
[DW] bdMarketplace: executing task '99' (transaction ID: 8340)
[DW] bdMarketplace: executing task '99' (transaction ID: 8341)
[DW] bdMarketplace: executing task '99' (transaction ID: 8342)
[DW] bdMarketplace: executing task '99' (transaction ID: 8343)
[DW] bdMarketplace: executing task '99' (transaction ID: 8344)
[DW] bdMarketplace: executing task '99' (transaction ID: 8345)
[DW] bdMarketplace: executing task '99' (transaction ID: 8346)
[DW] bdMarketplace: executing task '99' (transaction ID: 8347)
[DW] bdMarketplace: executing task '99' (transaction ID: 8348)
[DW] bdMarketplace: executing task '99' (transaction ID: 8349)
[DW] bdMarketplace: executing task '99' (transaction ID: 8350)
[DW] bdMarketplace: executing task '99' (transaction ID: 8351)
[DW] bdMarketplace: executing task '99' (transaction ID: 8352)
[DW] bdMarketplace: executing task '99' (transaction ID: 8353)
[DW] bdMarketplace: executing task '99' (transaction ID: 8354)
[DW] bdMarketplace: executing task '99' (transaction ID: 8355)
[DW] bdMarketplace: executing task '99' (transaction ID: 8356)
[DW] bdMarketplace: executing task '99' (transaction ID: 8357)
[DW] bdMarketplace: executing task '99' (transaction ID: 8358)
[DW] bdMarketplace: executing task '99' (transaction ID: 8359)
[DW] bdMarketplace: executing task '99' (transaction ID: 8360)
[DW] bdMarketplace: executing task '99' (transaction ID: 8361)
[DW] bdMarketplace: executing task '99' (transaction ID: 8362)
[DW] bdMarketplace: executing task '99' (transaction ID: 8363)
[DW] bdMarketplace: executing task '99' (transaction ID: 8364)
[DW] bdMarketplace: executing task '99' (transaction ID: 8365)
[DW] bdMarketplace: executing task '99' (transaction ID: 8366)
[DW] bdMarketplace: executing task '99' (transaction ID: 8367)
[DW] bdMarketplace: executing task '99' (transaction ID: 8368)
[DW] bdMarketplace: executing task '99' (transaction ID: 8369)
[DW] bdMarketplace: executing task '99' (transaction ID: 8370)
[DW] bdMarketplace: executing task '99' (transaction ID: 8371)
[DW] bdMarketplace: executing task '99' (transaction ID: 8372)
[DW] bdMarketplace: executing task '99' (transaction ID: 8373)
[DW] bdMarketplace: executing task '99' (transaction ID: 8374)
[DW] bdMarketplace: executing task '99' (transaction ID: 8375)
[DW] bdMarketplace: executing task '99' (transaction ID: 8376)
[DW] bdMarketplace: executing task '99' (transaction ID: 8377)
[DW] bdMarketplace: executing task '99' (transaction ID: 8378)
[DW] bdMarketplace: executing task '99' (transaction ID: 8379)
[DW] bdMarketplace: executing task '99' (transaction ID: 8380)
[DW] bdMarketplace: executing task '99' (transaction ID: 8381)
[DW] bdMarketplace: executing task '99' (transaction ID: 8382)
[DW] bdMarketplace: executing task '99' (transaction ID: 8383)
[DW] bdMarketplace: executing task '99' (transaction ID: 8384)
[DW] bdMarketplace: executing task '99' (transaction ID: 8385)
[DW] bdMarketplace: executing task '99' (transaction ID: 8386)
[DW] bdMarketplace: executing task '99' (transaction ID: 8387)
[DW] bdMarketplace: executing task '99' (transaction ID: 8388)
[DW] bdMarketplace: executing task '99' (transaction ID: 8389)
[DW] bdMarketplace: executing task '99' (transaction ID: 8390)
[DW] bdMarketplace: executing task '99' (transaction ID: 8391)
[DW] bdMarketplace: executing task '99' (transaction ID: 8392)
[DW] bdMarketplace: executing task '99' (transaction ID: 8393)
[DW] bdMarketplace: executing task '99' (transaction ID: 8394)
[DW] bdMarketplace: executing task '99' (transaction ID: 8395)
[DW] bdMarketplace: executing task '99' (transaction ID: 8396)
[DW] bdMarketplace: executing task '99' (transaction ID: 8397)
[DW] bdMarketplace: executing task '99' (transaction ID: 8398)
[DW] bdMarketplace: executing task '99' (transaction ID: 8399)
[DW] bdMarketplace: executing task '99' (transaction ID: 8400)
[DW] bdMarketplace: executing task '99' (transaction ID: 8401)
[DW] bdMarketplace: executing task '99' (transaction ID: 8402)
[DW] bdMarketplace: executing task '99' (transaction ID: 8403)
[DW] bdMarketplace: executing task '99' (transaction ID: 8404)
[DW] bdMarketplace: executing task '99' (transaction ID: 8405)
[DW] bdMarketplace: executing task '99' (transaction ID: 8406)
[DW] bdMarketplace: executing task '99' (transaction ID: 8407)
[DW] bdMarketplace: executing task '99' (transaction ID: 8408)
[DW] bdMarketplace: executing task '99' (transaction ID: 8409)
[DW] bdMarketplace: executing task '99' (transaction ID: 8410)
[DW] bdMarketplace: executing task '99' (transaction ID: 8411)
[DW] bdMarketplace: executing task '99' (transaction ID: 8412)
[DW] bdMarketplace: executing task '99' (transaction ID: 8413)
[DW] bdMarketplace: executing task '99' (transaction ID: 8414)
[DW] bdMarketplace: executing task '99' (transaction ID: 8415)
[DW] bdMarketplace: executing task '99' (transaction ID: 8416)
[DW] bdMarketplace: executing task '99' (transaction ID: 8417)
[DW] bdMarketplace: executing task '99' (transaction ID: 8418)
[DW] bdMarketplace: executing task '99' (transaction ID: 8419)
[DW] bdMarketplace: executing task '99' (transaction ID: 8420)
[DW] bdMarketplace: executing task '99' (transaction ID: 8421)
[DW] bdMarketplace: executing task '99' (transaction ID: 8422)
[DW] bdMarketplace: executing task '99' (transaction ID: 8423)
[DW] bdMarketplace: executing task '99' (transaction ID: 8424)
[DW] bdMarketplace: executing task '99' (transaction ID: 8425)
[DW] bdMarketplace: executing task '99' (transaction ID: 8426)
[DW] bdMarketplace: executing task '99' (transaction ID: 8427)
[DW] bdMarketplace: executing task '99' (transaction ID: 8428)
[DW] bdMarketplace: executing task '99' (transaction ID: 8429)
[DW] bdMarketplace: executing task '99' (transaction ID: 8430)
[DW] bdMarketplace: executing task '99' (transaction ID: 8431)
[DW] bdMarketplace: executing task '99' (transaction ID: 8432)
[DW] bdMarketplace: executing task '99' (transaction ID: 8433)
[DW] bdMarketplace: executing task '99' (transaction ID: 8434)
[DW] bdMarketplace: executing task '99' (transaction ID: 8435)
[DW] bdMarketplace: executing task '99' (transaction ID: 8436)
[DW] bdMarketplace: executing task '99' (transaction ID: 8437)
[DW] bdMarketplace: executing task '99' (transaction ID: 8438)
[DW] bdMarketplace: executing task '99' (transaction ID: 8439)
[DW] bdMarketplace: executing task '99' (transaction ID: 8440)
[DW] bdMarketplace: executing task '99' (transaction ID: 8441)
[DW] bdMarketplace: executing task '99' (transaction ID: 8442)
[DW] bdMarketplace: executing task '99' (transaction ID: 8443)
[DW] bdMarketplace: executing task '99' (transaction ID: 8444)
[DW] bdMarketplace: executing task '99' (transaction ID: 8445)
[DW] bdMarketplace: executing task '99' (transaction ID: 8446)
[DW] bdMarketplace: executing task '99' (transaction ID: 8447)
[DW] bdMarketplace: executing task '99' (transaction ID: 8448)
[DW] bdMarketplace: executing task '99' (transaction ID: 8449)
[DW] bdMarketplace: executing task '99' (transaction ID: 8450)
[DW] bdMarketplace: executing task '99' (transaction ID: 8451)
[DW] bdMarketplace: executing task '99' (transaction ID: 8452)
[DW] bdMarketplace: executing task '99' (transaction ID: 8453)
[DW] bdMarketplace: executing task '99' (transaction ID: 8454)
[DW] bdMarketplace: executing task '99' (transaction ID: 8455)
[DW] bdMarketplace: executing task '99' (transaction ID: 8456)
[DW] bdMarketplace: executing task '99' (transaction ID: 8457)
[DW] bdMarketplace: executing task '99' (transaction ID: 8458)
[DW] bdMarketplace: executing task '99' (transaction ID: 8459)
Unloading zone mp_hub_main_2_tr
Unloading zone mp_hub_main_1_tr
Unloading zone mp_hub_spawn_5_tr
Unloading zone mp_hub_spawn_4_tr
Unloading zone mp_hub_spawn_3_tr
Unloading zone mp_hub_spawn_2_tr
Unloading zone mp_hub_spawn_1_tr
Unloading zone mp_hub_range_2_tr
Unloading zone mp_hub_range_1_tr
Unloading zone mp_hub_allies_path
Unloading zone mp_hub_allies
Unloading zone eng_mp_hub_allies
Unloading zone common_hub_mp
Unloading zone eng_common_hub_mp
Unloading zone ui_mp
Unloading zone eng_ui_mp
Unloading zone common_shared_core_mp
Unloading zone eng_common_shared_core_mp
Unloading zone common_mp
Unloading zone eng_common_mp
Unloading zone code_post_gfx_mp
Unloading zone eng_code_post_gfx_mp
Unloading zone code_pre_gfx_mp
Unloading zone eng_code_pre_gfx_mp
